1443;1
6918;1
15577;1
16198;1
18430;1
22002;1
23103;1
28285;1
30139;1
32990;1
37657;1
38568;1
39989;1
39992;1
41393;1
41634;1
41674;1
41722;1
42438;1
43484;1
46583;1
48541;1
48832;1
48938;1
49834;1
49966;1
50134;1
51483;1
51517;1
52214;1
53347;1
53625;1
53708;2
53742;1
53750;1
53751;1
53760;1
53761;1
53781;1
53788;1
53823;1
53846;1
53852;2
53867;1
53873;1
53874;2
53884;1
53895;1
53899;1
53901;1
53908;1
53910;1
53911;1
53925;1
53941;1
53959;1
53986;1
53994;1
54008;1
54010;1
54034;1
54043;1
54046;1
54066;3
54071;1
54086;1
54092;1
54093;1
54096;1
54128;1
54144;2
54149;1
54152;1
54157;1
54167;1
54172;1
54198;1
54200;1
54230;1
54232;1
54238;1
54240;1
54252;2
54265;1
54277;1
54282;1
54288;2
54323;1
54328;1
54336;1
54345;1
54354;1
54359;1
54360;1
54369;1
54394;1
54398;1
54400;1
54409;1
54419;1
54432;1
54448;1
54449;1
54455;1
54460;1
54472;1
54477;1
54484;1
54486;1
54489;1
54534;1
54537;2
54538;1
54549;1
54558;1
54582;1
54604;1
54605;1
54607;1
54608;1
54618;1
54625;1
54637;1
54642;1
54644;1
54666;1
54673;1
54690;1
54692;1
54700;2
54703;1
54713;1
54715;1
54725;1
54732;1
54747;1
54748;1
54766;1
54768;1
54769;1
54789;1
54808;1
54827;1
54831;1
54854;1
54864;1
54865;1
54876;1
54877;1
54880;1
54890;1
54892;5
54918;1
54944;1
54960;1
54964;1
54966;1
54976;1
54977;1
54982;1
54985;2
54997;1
55000;1
55005;1
55008;1
55029;1
55035;1
55050;1
55053;1
55069;1
55071;1
55073;1
55080;1
55086;1
55092;1
55096;1
55103;1
55126;1
55136;1
55140;1
55144;1
55159;1
55161;1
55172;1
55173;1
55174;1
55176;1
55195;2
55210;1
55211;1
55221;1
55252;1
55284;1
55290;1
55294;1
55302;1
55308;1
55319;1
55337;1
55347;1
55349;1
55362;1
55394;1
55397;1
55401;1
55403;1
55410;1
55411;1
55415;1
55417;1
55419;1
55420;1
55426;1
55465;2
55467;1
55481;1
55490;1
55502;1
55515;1
55518;1
55559;1
55576;1
55580;1
55585;1
55595;1
55597;1
55607;1
55611;1
55612;1
55613;2
55614;2
55615;2
55616;2
55617;2
55618;2
55619;2
55620;2
55621;2
55622;2
55623;2
55624;2
55625;2
55626;2
55631;1
55637;1
55647;1
55651;1
55658;1
55660;1
55669;1
55682;1
55686;1
55691;1
55693;1
55708;1
55733;1
55736;1
55748;1
55751;1
55760;1
55761;1
55763;1
55771;1
55776;1
55807;1
55808;1
55809;1
55820;1
55826;1
55828;1
55835;1
55836;1
55840;1
55850;1
55871;1
55873;1
55877;1
55878;1
55882;1
55887;1
55897;1
55909;1
55912;1
55919;1
55932;1
55943;1
55951;1
55953;1
55978;1
55994;1
55995;1
56003;1
56013;1
56014;1
56030;1
56039;1
56067;1
56072;1
56074;1
56077;1
56093;1
56120;1
56142;1
56169;1
56190;1
56209;1
56214;1
56218;1
56224;1
56226;1
56228;1
56234;1
56254;1
56268;1
56273;1
56295;1
56296;1
56302;1
56310;1
56314;1
56323;1
56340;1
56350;1
56352;1
56355;1
56357;1
56362;1
56367;1
56378;1
56383;1
56387;1
56403;1
56407;1
56409;1
56412;1
56415;1
56427;1
56434;1
56441;1
56469;1
56474;1
56476;2
56483;1
56491;1
56505;1
56506;1
56528;1
56553;1
56564;4
56567;1
56568;1
56571;1
56572;1
56577;1
56581;1
56593;1
56595;1
56597;1
56602;3
56603;1
56607;1
56616;1
56623;1
56642;1
56643;1
56649;1
56652;1
56654;1
56668;1
56669;1
56675;1
56678;1
56684;1
56691;2
56700;1
56706;1
56710;1
56711;1
56713;1
56714;1
56715;1
56717;1
56723;1
56744;1
56746;1
56749;1
56755;1
56790;1
56795;1
56800;2
56817;1
56818;1
56819;1
56837;1
56839;1
56842;1
56852;1
56855;1
56856;1
56867;1
56878;1
56885;1
56901;1
56903;1
56918;1
56922;1
56929;1
56932;1
56938;2
56942;1
56947;1
56958;1
56977;1
56987;1
56989;1
56992;1
57000;1
57028;1
57031;1
57038;1
57045;1
57059;1
57061;1
57063;1
57065;1
57073;1
57124;1
57139;1
57142;1
57150;1
57161;1
57166;1
57175;1
57185;1
57188;1
57203;1
57225;1
57231;1
57240;1
57243;1
57246;1
57259;1
57260;1
57266;1
57270;1
57297;1
57304;1
57316;1
57331;1
57356;1
57361;1
57366;1
57371;1
57373;1
57399;1
57419;1
57428;1
57429;1
57443;1
57454;1
57460;1
57463;1
57476;1
57479;1
57482;1
57498;1
57510;1
57527;1
57529;1
57530;1
57532;1
57541;1
57551;1
57557;1
57560;1
57583;1
57600;1
57614;1
57627;1
57632;1
57645;1
57647;1
57655;1
57659;1
57666;1
57690;1
57700;1
57702;1
57711;1
57715;1
57719;1
57727;1
57731;1
57746;1
57769;1
57784;1
57785;1
57794;1
57799;1
57815;1
57826;1
57857;1
57859;1
57866;1
57868;1
57872;1
57881;1
57888;1
57907;1
57915;1
57929;1
57932;1
57938;1
57943;1
57951;1
57966;1
57970;1
57977;1
57979;1
57980;1
57981;1
57992;1
57993;1
58002;2
58004;1
58006;1
58015;1
58036;1
58039;1
58048;1
58057;1
58082;1
58097;1
58101;1
58106;1
58107;1
58110;1
58112;1
58113;3
58125;1
58128;1
58146;1
58148;1
58157;1
58159;1
58161;1
58165;1
58172;1
58181;1
58182;1
58183;1
58187;1
58196;1
58199;1
58204;1
58215;1
58222;1
58227;1
58249;1
58252;1
58255;1
58264;1
58274;1
58288;1
58302;1
58304;1
58318;1
58328;1
58339;1
58348;1
58353;1
58355;1
58359;1
58360;1
58366;1
58405;1
58417;1
58426;1
58435;1
58438;1
58441;1
58451;1
58469;1
58471;1
58484;1
58485;1
58501;1
58518;1
58533;1
58555;1
58559;4
58561;1
58566;1
58573;1
58576;1
58581;1
58590;1
58592;2
58593;1
58598;1
58604;1
58608;1
58611;1
58612;1
58616;1
58617;1
58622;1
58634;1
58645;1
58646;1
58649;1
58661;1
58664;1
58666;2
58669;1
58677;1
58686;1
58688;1
58692;1
58696;2
58697;2
58699;2
58706;1
58712;1
58717;1
58725;1
58727;1
58733;1
58740;1
58761;1
58762;3
58765;1
58768;1
58770;1
58771;1
58774;1
58778;1
58783;1
58792;1
58797;1
58805;1
58809;1
58816;1
58828;1
58831;1
58835;1
58846;1
58858;1
58859;1
58866;1
58868;1
58870;1
58874;1
58884;1
58886;1
58888;1
58896;1
58913;1
58915;1
58942;1
58953;1
58962;1
58965;1
58970;1
58982;1
58983;1
58989;1
58993;1
59001;1
59005;1
59008;1
59017;1
59019;1
59021;1
59027;1
59037;1
59048;1
59052;1
59053;1
59054;1
59059;1
59063;1
59080;1
59105;1
59119;1
59123;1
59125;1
59127;1
59137;1
59144;2
59149;1
59169;2
59190;1
59192;1
59219;1
59231;1
59246;1
59248;1
59254;1
59262;1
59265;1
59270;1
59275;1
59299;1
59300;1
59310;1
59322;1
59325;1
59332;1
59335;1
59337;1
59344;1
59358;1
59363;1
59372;1
59379;1
59384;1
59386;1
59393;1
59406;1
59408;1
59410;1
59411;1
59413;1
59418;1
59425;1
59426;1
59433;1
59438;1
59450;1
59470;1
59471;1
59485;1
59495;1
59503;1
59509;1
59513;1
59525;1
59541;1
59543;1
59556;1
59561;1
59564;1
59568;1
59588;1
59596;1
59598;1
59601;1
59602;1
59603;1
59610;1
59616;1
59618;1
59620;1
59632;1
59640;1
59641;1
59644;1
59645;1
59676;1
59679;1
59680;1
59693;1
59705;1
59707;1
59730;1
59734;1
59748;1
59753;1
59763;1
59780;1
59782;1
59787;1
59793;1
59813;1
59820;1
59827;1
59836;1
59845;1
59847;1
59856;1
59860;1
59862;1
59874;1
59883;1
59888;1
59895;1
59912;1
59915;1
59919;1
59935;1
59942;1
59946;1
59953;1
59956;1
59959;1
59977;1
59979;1
59992;1
59993;1
59997;1
60008;1
60014;1
60016;1
60017;1
60022;1
60044;1
60048;1
60055;1
60058;1
60063;1
60065;1
60066;1
60070;1
60074;1
60079;1
60080;1
60103;1
60110;1
60125;1
60127;1
60129;1
60137;1
60138;1
60142;1
60143;1
60147;1
60154;1
60164;1
60168;1
60171;1
60174;1
60192;1
60195;1
60196;1
60213;1
60220;1
60237;1
60244;1
60251;1
60266;1
60270;1
60272;1
60274;1
60295;1
60297;1
60301;1
60302;1
60314;1
60315;1
60323;1
60331;1
60332;1
60349;1
60352;1
60363;1
60366;1
60379;1
60383;1
60386;1
60387;1
60394;1
60395;1
60397;1
60399;1
60408;1
60411;1
60413;1
60419;1
60423;1
60438;2
60448;1
60450;1
60457;1
60462;1
60467;1
60471;1
60506;1
60518;1
60519;1
60525;1
60526;1
60527;1
60531;1
60532;1
60536;1
60542;1
60543;1
60551;1
60552;1
60555;1
60564;1
60567;1
60571;1
60574;1
60591;1
60595;1
60607;1
60613;1
60635;1
60640;1
60642;1
60662;1
60663;1
60670;1
60673;1
60676;1
60678;1
60681;1
60694;1
60700;1
60708;1
60716;1
60724;1
60733;1
60743;1
60744;1
60750;1
60753;1
60755;1
60774;1
60797;1
60807;1
60818;1
60822;1
60833;1
60836;1
60839;1
60851;1
60856;1
60857;1
60863;1
60891;1
60900;1
60901;1
60905;1
60924;1
60927;1
60929;1
60944;1
60952;1
60954;1
60990;1
61001;1
61162;1
61174;1
61230;2
61287;1
61334;1
61340;1
61416;1
61418;1
61422;1
61438;1
61439;1
61464;1
61496;1
61513;1
61523;1
61537;1
61539;1
61547;1
61551;1
61553;1
61556;1
61592;1
61601;1
61604;1
61608;1
61612;1
61624;1
61655;1
61693;1
61698;1
61705;1
61707;2
61710;1
61711;1
61733;1
61741;1
61747;1
61748;1
61750;1
61757;1
61776;1
61787;1
61788;1
61794;1
61799;1
61806;1
61809;2
61813;1
61814;1
61822;1
61829;1
61843;1
61865;1
61897;1
61903;1
61913;1
61962;1
61963;1
61964;1
61966;1
61974;1
61987;1
61997;1
62008;1
62022;1
62024;1
62065;1
62076;1
62078;1
62097;1
62101;2
62110;2
62114;1
62117;5
62150;1
62165;1
62166;1
62174;1
62180;1
62184;1
62195;1
62201;1
62202;1
62208;1
62213;1
62222;1
62223;1
62244;1
62246;1
62260;1
62267;1
62274;1
62284;1
62294;1
62299;1
62306;1
62310;1
62325;1
62326;1
62338;1
62349;1
62350;1
62360;1
62361;1
62365;1
62385;1
62395;2
62401;1
62415;1
62420;1
62437;1
62440;1
62461;1
62465;1
62481;1
62494;1
62496;1
62498;1
62509;1
62510;1
62523;1
62527;1
62529;1
62535;1
62536;1
62541;1
62544;1
62545;1
62550;1
62567;1
62569;1
62571;1
62599;1
62603;1
62604;1
62605;1
62611;1
62616;1
62624;1
62625;1
62660;1
62662;1
62673;1
62679;1
62683;1
62689;1
62693;1
62698;1
62703;1
62713;1
62737;1
62743;1
62748;1
62750;1
62753;1
62771;1
62779;1
62780;1
62783;1
62790;1
62800;1
62804;1
62810;1
62830;1
62838;1
62891;1
62921;1
62926;1
62947;1
62951;1
62953;1
62957;1
62973;1
62977;1
62981;1
62995;1
63001;1
63009;1
63022;1
63023;1
63024;1
63032;1
63035;1
63041;1
63052;2
63085;1
63096;1
63100;1
63102;1
63119;1
63122;1
63132;1
63141;1
63142;1
63147;1
63156;1
63171;1
63179;1
63186;1
63218;1
63226;1
63234;1
63238;1
63239;1
63240;1
63242;1
63254;1
63255;1
63257;1
63271;1
63275;1
63278;1
63300;1
63303;1
63304;1
63308;1
63325;1
63331;1
63337;1
63340;1
63347;1
63350;1
63353;1
63356;1
63357;1
63372;1
63373;1
63376;1
63378;1
63389;1
63390;1
63391;1
63402;1
63411;1
63419;1
63423;1
63431;1
63434;1
63466;1
63470;1
63472;1
63478;1
63481;1
63483;1
63492;1
63502;1
63504;1
63518;1
63519;1
63525;1
63527;2
63528;2
63554;1
63559;1
63562;1
63569;1
63574;1
63575;1
63582;1
63592;1
63597;1
63600;1
63603;1
63630;1
63644;1
63651;1
63654;1
63656;1
63661;1
63662;1
63664;1
63666;1
63668;1
63673;1
63688;1
63691;1
63702;1
63706;1
63710;1
63727;1
63728;1
63733;3
63734;1
63736;1
63748;1
63764;1
63765;1
63766;1
63774;1
63778;1
63781;1
63786;1
63791;1
63797;1
63799;1
63802;2
63814;1
63818;1
63819;2
63821;1
63825;1
63826;1
63831;1
63856;1
63861;1
63864;1
63869;1
63870;1
63875;1
63915;1
63930;1
63931;5
63940;1
63943;1
63986;1
63990;1
63991;1
64009;1
64018;1
64037;1
64055;1
64056;1
64063;1
64066;1
64071;1
64077;1
64126;1
64130;1
64131;1
64132;1
64137;1
64139;1
64140;1
64149;1
64166;1
64170;1
64175;1
64180;1
64184;1
64192;1
64204;1
64224;1
64234;1
64238;1
64249;1
64261;1
64266;1
64277;1
64279;1
64281;1
64282;1
64285;1
64303;1
64304;1
64314;1
64320;1
64321;1
64325;1
64343;1
64346;1
64353;1
64367;1
64370;1
64372;1
64386;1
64422;1
64425;1
64426;1
64427;1
64436;1
64447;1
64460;1
64461;1
64463;1
64468;1
64481;1
64482;1
64497;1
64499;1
64501;1
64502;1
64503;1
64511;1
64514;1
64518;1
64519;1
64533;1
64546;1
64549;1
64556;1
64563;1
64589;1
64613;1
64614;1
64624;1
64626;1
64641;1
64642;1
64678;1
64697;1
64703;1
64725;1
64737;1
64738;1
64745;1
64747;1
64761;1
64762;1
64766;1
64773;1
64774;1
64778;1
64780;1
64782;1
64790;1
64798;1
64800;1
64802;2
64806;1
64807;1
64808;1
64829;1
64855;1
64856;1
64871;1
64877;1
64884;1
64885;1
64892;1
64898;1
64919;1
64922;1
64940;1
64942;1
64946;1
64961;1
64962;1
64964;1
64967;1
64978;1
64983;1
65000;1
65004;1
65040;1
65045;1
65046;1
65052;1
65055;1
65065;1
65072;1
65083;1
65086;1
65090;1
65093;1
65095;1
65115;1
65134;1
65137;2
65143;1
65144;1
65147;1
65149;1
65150;1
65151;1
65152;1
65159;1
65161;1
65164;1
65171;1
65176;1
65184;1
65185;1
65186;1
65190;1
65192;1
65193;1
65196;1
65205;1
65209;1
65212;1
65213;1
65223;1
65244;1
65245;1
65263;1
65264;1
65267;1
65282;1
65283;1
65287;1
65300;1
65302;1
65318;1
65319;1
65324;1
65329;1
65348;1
65350;1
65362;2
65364;1
65372;1
65387;2
65388;1
65394;1
65397;2
65402;1
65409;1
65417;1
65421;1
65424;1
65446;1
65453;1
65457;1
65459;1
65464;1
65478;1
65483;1
65484;1
65489;1
65492;1
65493;1
65497;1
65502;2
65505;1
65506;1
65509;1
65515;1
65519;1
65524;1
65532;1
65539;1
65540;1
65551;1
65552;1
65556;1
65561;1
65591;1
65595;1
65606;1
65607;1
65611;1
65615;1
65623;1
65626;1
65627;1
65629;1
65636;1
65638;1
65640;1
65648;1
65651;1
65655;1
65659;1
65663;1
65670;1
65672;1
65680;1
65689;1
65716;1
65724;2
65732;1
65742;1
65747;1
65749;1
65752;1
65769;1
65772;1
65778;1
65780;1
65785;1
65788;1
65795;1
65796;1
65801;1
65812;1
65814;1
65826;1
65855;1
65856;1
65857;1
65864;1
65865;1
65867;1
65870;1
65875;1
65881;1
65886;1
65889;1
65896;1
65905;1
65906;1
65907;1
65920;1
65925;2
65933;1
65936;1
65940;1
65948;1
65950;1
65951;1
65960;1
65968;1
65970;1
65981;1
65982;1
65989;1
66003;1
66008;1
66022;1
66025;1
66032;1
66033;1
66036;1
66039;1
66040;1
66049;1
66056;1
66058;1
66060;2
66061;1
66067;1
66068;1
66069;1
66077;1
66079;1
66095;1
66103;1
66105;1
66130;1
66149;1
66153;1
66154;1
66165;2
66177;1
66178;1
66184;1
66185;1
66191;1
66199;1
66205;1
66208;1
66212;1
66216;1
66217;1
66218;1
66221;1
66224;1
66233;1
66234;1
66239;1
66248;1
66267;1
66269;1
66273;1
66278;1
66280;1
66283;1
66289;1
66293;1
66295;1
66298;1
66300;1
66301;1
66325;1
66330;1
66332;2
66336;1
66339;1
66354;1
66356;1
66361;1
66363;1
66368;1
66379;1
66385;1
66390;1
66404;1
66407;1
66413;1
66418;1
66433;1
66436;1
66447;1
66449;1
66464;1
66468;1
66469;1
66478;1
66497;1
66510;1
66522;1
66534;1
66543;1
66557;1
66562;1
66581;1
66591;1
66595;1
66619;1
66620;1
66623;1
66637;1
66639;1
66656;1
66663;1
66667;1
66669;1
66681;1
66690;1
66692;1
66703;1
66721;1
66724;1
66730;1
66736;1
66755;1
66757;1
66762;1
66765;1
66769;1
66775;1
66776;2
66781;1
66784;1
66807;1
66813;1
66814;1
66817;1
66819;1
66825;1
66830;1
66835;1
66847;1
66849;1
66851;1
66856;1
66873;1
66876;1
66898;2
66903;1
66904;1
66906;1
66929;1
66937;1
66946;1
66947;2
66948;1
66952;1
66954;1
66956;1
66957;1
66968;1
66969;1
66978;1
66990;1
66993;1
67009;1
67012;1
67020;1
67031;1
67034;1
67039;1
67042;1
67049;1
67051;1
67052;1
67067;1
67075;1
67079;1
67080;1
67087;1
67096;1
67098;1
67103;1
67117;2
67121;1
67124;1
67132;2
67136;1
67139;1
67140;1
67152;1
67154;1
67174;1
67181;1
67185;1
67187;1
67191;1
67200;1
67201;1
67211;1
67218;1
67229;1
67232;1
67248;1
67249;1
67252;1
67264;1
67266;1
67267;2
67298;1
67313;1
67315;1
67317;2
67324;1
67327;1
67332;1
67334;1
67364;1
67375;1
67379;1
67380;1
67383;1
67390;1
67391;1
67418;1
67427;1
67429;1
67430;1
67435;1
67440;2
67457;1
67458;1
67462;1
67466;1
67481;1
67491;1
67523;1
67524;1
67526;1
67528;1
67544;1
67558;1
67565;1
67571;1
67585;1
67586;1
67591;1
67592;1
67597;1
67600;1
67601;1
67602;1
67603;1
67610;1
67616;1
67619;1
67631;1
67643;1
67645;1
67649;1
67658;1
67677;1
67691;1
67699;1
67700;1
67702;1
67709;1
67711;1
67719;1
67726;1
67730;1
67734;1
67743;1
67747;1
67778;1
67784;1
67788;1
67813;1
67829;1
67852;1
67865;1
67877;1
67879;1
67882;1
67888;1
67892;1
67898;1
67909;1
67918;1
67929;1
67930;1
67933;2
67937;1
67939;1
67966;1
67967;1
67968;1
67978;1
67983;1
67984;1
67991;1
67998;1
68001;1
68004;1
68012;1
68014;1
68021;1
68022;1
68023;1
68033;1
68035;1
68036;1
68041;1
68045;1
68063;1
68067;1
68071;1
68073;1
68074;1
68077;1
68098;1
68099;1
68107;1
68112;1
68126;1
68129;1
68134;1
68137;1
68138;1
68145;1
68184;1
68198;1
68208;1
68213;1
68219;1
68220;1
68229;1
68230;1
68236;1
68249;1
68253;1
68264;1
68277;1
68319;1
68327;1
68330;1
68345;1
68346;1
68354;1
68355;1
68362;1
68364;1
68368;1
68374;1
68396;1
68405;1
68411;1
68421;1
68429;1
68432;1
68433;1
68436;1
68448;1
68453;1
68456;1
68460;1
68467;1
68471;1
68472;1
68487;2
68488;1
68489;1
68492;1
68502;1
68504;1
68514;1
68521;1
68524;1
68534;1
68535;1
68542;1
68548;1
68558;1
68559;1
68560;1
68567;1
68568;1
68570;1
68572;1
68573;1
68574;1
68576;1
68577;1
68583;1
68592;1
68594;1
68611;1
68621;1
68626;1
68627;1
68638;1
68640;1
68642;1
68644;1
68648;1
68650;1
68660;1
68663;1
68665;1
68673;1
68675;1
68677;1
68680;1
68696;1
68699;1
68700;1
68710;1
68718;1
68723;1
68724;1
68725;1
68737;1
68740;1
68753;1
68755;1
68759;1
68763;1
68769;1
68773;1
68776;1
68780;1
68782;1
68784;1
68787;1
68807;1
68811;1
68812;1
68823;1
68827;1
68833;1
68847;1
68848;1
68854;1
68855;1
68859;1
68861;1
68866;1
68872;1
68878;1
68886;1
68887;1
68890;1
68904;1
68905;1
68925;1
68934;1
68936;1
68938;1
68939;1
68940;1
68948;1
68957;1
68992;1
68997;1
69007;1
69017;1
69020;1
69028;1
69032;1
69034;1
69038;1
69040;1
69041;1
69046;1
69047;1
69050;1
69054;1
69058;1
69060;1
69078;1
69085;1
69086;1
69089;1
69112;2
69119;1
69132;1
69141;1
69142;1
69148;1
69153;1
69155;1
69158;1
69162;1
69163;1
69168;1
69176;1
69178;1
69193;1
69200;1
69202;1
69203;1
69205;1
69206;1
69210;1
69217;1
69221;1
69226;1
69227;1
69230;1
69231;1
69235;1
69237;1
69239;1
69244;1
69254;1
69266;1
69278;1
69282;1
69285;1
69308;1
69316;1
69320;1
69325;1
69339;1
69341;1
69342;1
69344;1
69367;2
69369;1
69382;1
69383;1
69404;1
69417;1
69420;1
69422;1
69423;1
69426;1
69432;1
69434;1
69435;1
69436;1
69439;1
69449;1
69453;1
69455;1
69471;1
69472;1
69474;1
69478;1
69480;1
69482;1
69492;1
69495;1
69496;1
69510;1
69511;1
69524;1
69527;1
69533;2
69549;1
69555;1
69556;1
69560;2
69571;1
69575;1
69586;1
69589;1
69610;1
69614;1
69621;1
69622;1
69666;2
69670;2
69672;1
69681;1
69682;1
69692;1
69703;1
69709;1
69711;1
69713;1
69717;1
69722;1
69793;1
69796;1
69802;1
69811;1
69899;1
69904;1
69991;1
69997;1
69999;1
70001;1
70004;1
70007;1
70088;1
70089;1
70092;2
70098;1
70101;1
70103;1
70107;1
70108;1
70109;1
70111;1
70190;1
70194;1
70206;1
70290;1
70291;1
70296;1
70297;1
70325;1
70334;1
70356;1
70366;1
70368;1
70370;1
70377;1
70380;1
70382;1
70386;1
70400;1
70416;1
70426;1
70431;1
70435;1
70439;1
70443;1
70447;1
70449;1
70452;1
70454;1
70455;1
70459;1
70465;1
70478;1
70479;1
70482;1
70494;2
70497;1
70507;1
70511;2
70512;1
70517;1
70523;1
70525;1
70559;1
70567;1
70577;1
70585;1
70586;1
70588;1
70592;1
70593;1
70595;1
70597;1
70600;1
70605;1
70616;1
70633;1
70640;1
70652;1
70656;1
70661;1
70668;1
70669;1
70676;1
70679;1
70680;1
70684;1
70697;1
70705;1
70711;1
70712;1
70716;1
70725;1
70731;1
70735;1
70741;1
70752;1
70768;1
70770;1
70773;1
70790;1
70799;1
70802;1
70803;1
70812;1
70813;1
70815;1
70819;1
70822;1
70823;1
70832;1
70841;1
70847;1
70850;1
70853;1
70855;1
70868;1
70871;1
70872;1
70876;1
70877;1
70879;1
70882;1
70885;1
70886;1
70897;1
70900;1
70903;1
70904;1
70915;1
70917;1
70918;1
70924;1
70927;1
70929;1
70930;1
70942;1
70949;1
70951;1
70959;1
70961;1
70965;1
70974;1
70981;1
70996;2
70999;1
71000;1
71002;1
71006;1
71015;2
71017;2
71022;1
71026;1
71030;1
71033;1
71047;1
71048;1
71055;1
71074;1
71097;1
71109;1
71113;1
71116;1
71119;1
71132;1
71142;1
71143;1
71146;1
71161;1
71166;1
71167;1
71171;1
71172;1
71177;1
71183;1
71193;1
71199;1
71205;1
71207;1
71210;1
71215;1
71224;1
71227;1
71229;1
71235;1
71244;1
71245;1
71249;2
71257;1
71258;1
71261;1
71272;1
71287;1
71295;1
71299;1
71302;1
71305;2
71311;1
71313;1
71329;1
71330;1
71332;1
71337;1
71374;1
71376;1
71378;1
71382;1
71384;1
71388;1
71405;1
71407;1
71415;1
71422;1
71438;1
71445;1
71453;1
71455;1
71459;1
71465;1
71472;1
71527;1
71529;1
71546;1
71550;1
71563;1
71566;1
71576;1
71580;1
71581;1
71583;1
71593;1
71605;1
71612;1
71614;1
71623;2
71626;1
71628;1
71629;1
71640;1
71642;1
71649;1
71652;1
71660;1
71663;1
71670;1
71678;1
71680;1
71687;1
71688;1
71698;1
71707;1
71717;1
71741;1
71744;1
71750;1
71768;1
71769;1
71783;1
71784;1
71787;1
71801;1
71806;1
71814;1
71816;1
71819;1
71827;1
71838;1
71840;1
71846;1
71855;1
71856;1
71879;1
71882;1
71891;1
71898;1
71904;1
71906;1
71909;1
71924;1
71925;1
71926;2
71927;1
71930;1
71934;1
71936;1
71939;1
71945;1
71961;1
71965;1
71970;1
71973;1
71979;2
71999;1
72000;1
72025;1
72030;1
72039;1
72045;1
72060;1
72064;1
72071;1
72073;1
72075;1
72077;1
72080;1
72082;1
72092;1
72098;1
72100;1
72140;1
72151;5
72166;1
72169;1
72180;1
72192;1
72196;1
72198;1
72218;1
72219;1
72223;1
72230;1
72232;1
72237;1
72239;1
72241;1
72256;1
72257;1
72267;1
72279;1
72282;1
72297;1
72309;1
72311;1
72313;1
72321;1
72322;1
72346;1
72348;1
72354;1
72358;1
72362;1
72364;1
72366;1
72373;1
72384;1
72386;1
72408;1
72416;1
72418;1
72436;1
72454;1
72456;1
72466;1
72484;1
72489;1
72490;1
72500;1
72510;1
72516;2
72518;1
72522;1
72524;1
72550;1
72551;1
72572;1
72577;1
72589;1
72593;1
72608;1
72609;1
72646;1
72659;1
72668;1
72679;1
72681;1
72691;1
72697;1
72710;1
72721;1
72723;1
72725;1
72727;1
72735;1
72744;1
72749;4
72756;1
72758;1
72761;1
72778;1
72784;1
72791;1
72792;1
72796;1
72810;1
72813;1
72817;1
72823;1
72842;1
72843;1
72848;1
72849;1
72850;2
72882;1
72885;2
72886;1
72888;1
72889;1
72893;1
72901;1
72908;1
72911;1
72918;1
72920;1
72921;1
72934;1
72947;1
72951;1
72959;1
72962;1
72963;1
72965;1
72971;1
72975;1
72978;1
72987;1
72994;1
72999;1
73009;1
73014;1
73020;1
73038;1
73056;2
73080;1
73082;1
73093;1
73094;1
73101;1
73118;1
73120;1
73130;2
73141;1
73158;1
73159;1
73170;1
73173;1
73182;1
73188;1
73190;1
73193;1
73199;1
73202;1
73205;1
73217;1
73225;1
73229;1
73230;1
73240;1
73244;1
73256;1
73258;1
73259;1
73261;1
73262;1
73267;1
73268;1
73271;1
73276;1
73280;1
73281;1
73283;1
73288;1
73289;1
73292;1
73293;1
73300;1
73305;1
73333;1
73350;1
73357;1
73358;1
73373;1
73384;1
73394;1
73396;1
73403;1
73405;1
73416;1
73417;1
73418;1
73419;1
73428;1
73434;1
73446;1
73449;1
73457;1
73458;1
73463;1
73472;1
73478;1
73479;1
73480;1
73486;1
73496;1
73497;1
73508;1
73514;1
73516;1
73529;1
73536;1
73542;1
73546;1
73549;1
73550;1
73560;1
73574;1
73578;1
73580;1
73588;1
73590;1
73602;1
73607;1
73616;1
73622;1
73623;1
73624;1
73627;1
73631;1
73634;1
73637;1
73642;1
73652;1
73655;1
73659;1
73664;1
73682;1
73693;1
73712;1
73722;1
73727;1
73728;1
73731;1
73743;2
73745;1
73772;1
73773;1
73778;1
73781;1
73784;1
73787;1
73793;1
73801;1
73803;1
73824;1
73833;1
73844;1
73852;1
73855;1
73871;1
73884;1
73889;1
73891;1
73892;1
73897;1
73899;1
73902;1
73903;1
73906;1
73907;1
73910;1
73911;1
73915;1
73928;1
73932;1
73943;2
73950;1
73968;1
73970;1
73979;1
73982;1
73986;1
73990;1
73998;1
74007;1
74010;1
74012;1
74017;1
74036;1
74038;1
74050;1
74063;1
74069;1
74070;1
74075;1
74076;1
74101;1
74102;1
74123;1
74129;1
74132;1
74134;1
74138;1
74151;1
74158;1
74167;1
74170;1
74175;1
74192;1
74194;1
74197;1
74201;1
74213;1
74220;1
74221;1
74232;2
74246;1
74269;1
74280;1
74282;1
74287;1
74297;1
74298;1
74300;1
74316;1
74319;1
74329;1
74334;1
74338;1
74340;1
74351;1
74352;1
74362;1
74370;1
74382;1
74386;1
74387;1
74390;1
74393;1
74395;1
74399;1
74401;1
74403;1
74418;1
74423;1
74427;1
74435;1
74441;1
74477;1
74480;1
74484;1
74487;1
74488;1
74490;1
74496;1
74497;1
74506;1
74512;1
74521;1
74522;1
74529;1
74530;1
74537;1
74547;2
74570;1
74576;1
74593;1
74594;1
74614;1
74622;1
74624;1
74626;1
74627;1
74629;1
74633;1
74640;1
74659;1
74666;1
74667;1
74670;1
74672;2
74679;1
74683;1
74692;1
74699;1
74702;1
74710;1
74713;1
74718;1
74724;1
74729;2
74737;1
74745;1
74753;1
74757;1
74758;1
74759;1
74768;1
74771;1
74792;1
74799;1
74808;3
74819;1
74825;1
74827;1
74837;1
74838;1
74842;1
74859;1
74866;1
74868;1
74872;1
74874;1
74879;1
74884;1
74889;1
74890;1
74891;1
74895;1
74901;1
74906;1
74923;1
74928;1
74932;1
74934;1
74947;1
74948;1
74952;1
74968;1
74969;1
74970;1
74973;1
74976;1
74995;1
75004;2
75005;1
75026;1
75028;1
75033;1
75034;1
75035;1
75044;1
75046;1
75049;1
75054;1
75074;1
75076;1
75078;1
75081;1
75085;1
75088;1
75093;1
75094;1
75104;1
75105;1
75106;1
75107;1
75109;1
75116;1
75122;1
75125;1
75131;1
75145;1
75157;1
75166;1
75167;1
75171;1
75180;1
75181;1
75183;1
75191;1
75192;1
75197;1
75210;1
75221;1
75223;1
75228;1
75231;1
75232;1
75233;1
75235;1
75236;1
75237;1
75239;1
75244;1
75245;1
75255;1
75256;1
75257;1
75277;1
75290;1
75291;1
75317;1
75327;1
75328;1
75333;1
75342;1
75344;1
75350;1
75353;1
75361;1
75362;1
75366;1
75367;1
75373;1
75379;1
75381;1
75382;1
75386;1
75391;1
75397;1
75405;1
75414;1
75421;1
75422;1
75428;1
75430;1
75434;1
75435;1
75438;1
75440;1
75444;1
75458;1
75462;1
75464;2
75472;1
75477;1
75487;1
75496;1
75498;1
75502;1
75510;1
75511;2
75526;1
75529;1
75534;1
75536;1
75543;1
75556;1
75562;1
75563;1
75568;1
75569;1
75571;1
75576;1
75578;1
75584;1
75585;1
75589;1
75596;1
75603;1
75604;1
75605;1
75610;1
75612;1
75623;1
75629;1
75641;1
75649;1
75661;1
75665;1
75673;1
75701;1
75722;1
75723;1
75764;1
75767;1
75769;1
75771;1
75780;1
75788;1
75789;1
75791;1
75805;1
75811;1
75813;1
75815;1
75820;1
75824;1
75826;1
75830;1
75832;1
75834;1
75836;1
75839;1
75847;1
75861;1
75864;1
75865;1
75875;1
75882;1
75891;1
75920;1
75922;1
75928;1
75930;1
75933;1
75940;1
75942;1
75943;1
75955;1
75961;1
75963;1
75966;1
75971;1
75981;1
75982;1
75986;2
75990;3
75993;1
75994;1
76008;1
76024;1
76025;1
76026;1
76036;1
76038;1
76041;1
76052;1
76066;1
76067;1
76069;1
76079;1
76092;1
76094;1
76096;1
76097;1
76102;1
76103;1
76119;1
76121;1
76131;1
76132;1
76145;1
76158;1
76164;1
76167;1
76169;1
76173;1
76175;1
76176;1
76179;2
76181;1
76189;1
76191;1
76192;2
76194;1
76200;1
76207;1
76214;1
76215;1
76216;1
76221;1
76234;1
76237;1
76240;1
76242;1
76260;1
76268;1
76269;1
76273;1
76276;1
76282;1
76291;1
76297;1
76300;1
76302;1
76305;1
76315;1
76317;1
76331;1
76333;1
76356;1
76359;1
76360;1
76373;1
76379;1
76400;1
76402;1
76414;1
76417;1
76418;1
76419;1
76420;1
76425;1
76432;1
76439;1
76440;1
76445;1
76448;1
76449;1
76453;1
76489;1
76492;4
76513;1
76517;1
76519;1
76527;1
76532;1
76550;1
76554;1
76571;1
76574;1
76588;1
76607;1
76628;1
76629;1
76633;1
76644;1
76645;1
76649;1
76657;1
76667;1
76671;1
76687;1
76700;1
76701;1
76702;1
76706;2
76708;1
76713;1
76721;1
76722;1
76723;1
76736;1
76740;1
76741;1
76755;1
76756;1
76765;1
76774;1
76778;1
76781;1
76790;1
76793;1
76809;1
76811;1
76819;1
76820;1
76828;1
76835;1
76841;1
76852;1
76862;1
76864;1
76872;1
76880;1
76887;1
76893;1
76902;1
76908;1
76919;1
76921;1
76929;1
76936;1
76937;1
76938;1
76944;1
76953;1
76959;1
76964;1
76980;1
76987;1
76998;1
77002;1
77005;1
77007;1
77013;1
77018;1
77025;1
77035;1
77053;1
77055;1
77063;1
77078;1
77079;1
77085;1
77086;1
77088;1
77095;1
77096;1
77097;1
77104;1
77110;1
77111;1
77119;1
77128;1
77129;1
77133;1
77150;1
77154;1
77178;1
77185;1
77188;1
77194;1
77195;1
77196;1
77197;1
77199;1
77206;2
77211;1
77213;1
77219;2
77221;1
77225;1
77226;1
77230;1
77232;1
77244;1
77252;1
77253;1
77265;1
77271;1
77275;1
77284;1
77285;1
77290;2
77302;1
77305;1
77306;1
77310;1
77311;1
77313;1
77315;1
77320;1
77331;1
77338;1
77341;1
77347;1
77383;1
77395;1
77400;1
77409;1
77414;1
77418;1
77421;1
77427;1
77435;1
77441;2
77442;1
77443;1
77448;1
77468;2
77471;1
77476;1
77481;1
77482;1
77486;1
77490;1
77493;1
77494;1
77503;1
77513;1
77522;1
77536;1
77543;1
77546;1
77557;1
77574;1
77599;1
77618;1
77622;1
77624;1
77628;1
77634;1
77642;1
77643;1
77650;1
77651;1
77655;1
77656;1
77657;1
77663;1
77666;1
77670;1
77688;1
77692;1
77701;2
77707;1
77708;1
77724;1
77728;1
77730;1
77732;1
77735;1
77740;1
77743;1
77748;1
77749;1
77756;2
77790;1
77792;1
77798;1
77799;1
77804;1
77806;1
77807;1
77812;1
77818;1
77833;1
77834;1
77842;1
77850;1
77857;1
77860;1
77876;2
77892;1
77901;1
77902;1
77909;1
77910;1
77911;1
77920;1
77927;2
77929;2
77939;1
77940;3
77948;1
77949;1
77950;1
77951;1
77952;1
77953;1
77959;1
77965;1
77970;1
77974;1
77976;1
77988;1
78003;1
78005;1
78015;1
78023;1
78039;1
78041;1
78045;1
78051;1
78067;1
78072;1
78091;1
78093;1
78095;1
78097;1
78098;1
78110;1
78118;1
78119;1
78121;1
78132;1
78133;1
78139;1
78156;1
78163;1
78165;1
78166;1
78170;1
78172;1
78175;1
78179;1
78199;1
78201;1
78205;1
78218;1
78235;1
78237;1
78240;3
78242;1
78249;1
78255;1
78258;1
78261;1
78263;1
78279;1
78287;1
78297;1
78305;1
78309;1
78310;1
78315;1
78328;1
78329;1
78334;1
78338;1
78340;1
78345;1
78347;2
78348;1
78355;1
78357;1
78358;1
78362;1
78370;1
78375;1
78378;1
78381;1
78382;1
78385;1
78389;1
78394;1
78396;1
78405;1
78406;1
78413;1
78420;1
78427;1
78431;1
78435;1
78437;1
78441;1
78442;1
78445;1
78452;1
78459;1
78463;1
78466;1
78469;1
78471;1
78474;1
78480;1
78482;1
78490;1
78496;1
78501;1
78503;1
78507;1
78520;1
78539;1
78545;1
78550;1
78553;1
78560;1
78569;1
78575;1
78585;1
78586;1
78593;1
78598;1
78604;2
78606;1
78611;1
78638;1
78649;1
78652;1
78657;1
78658;1
78670;1
78675;1
78683;1
78684;1
78688;1
78706;1
78729;1
78730;1
78736;1
78739;1
78747;1
78748;1
78752;1
78753;1
78756;1
78758;2
78770;1
78794;1
78800;1
78809;1
78815;1
78826;1
78828;1
78840;1
78841;1
78843;1
78844;1
78849;1
78851;1
78854;1
78861;1
78870;1
78871;1
78876;1
78878;2
78879;1
78885;1
78887;1
78889;1
78894;1
78899;1
78904;1
78923;1
78924;1
78938;1
78948;1
78955;1
78958;1
78963;1
78964;1
78972;1
78994;1
78995;1
78998;1
79000;1
79009;1
79010;1
79027;1
79031;1
79035;2
79041;1
79045;1
79053;1
79054;1
79059;1
79070;1
79089;1
79096;1
79098;1
79099;1
79102;1
79108;1
79116;1
79119;1
79120;1
79125;1
79130;1
79137;1
79164;1
79166;1
79168;1
79172;1
79174;1
79192;1
79197;1
79200;1
79202;1
79210;1
79212;1
79217;1
79218;1
79226;1
79230;1
79235;1
79238;1
79241;1
79250;1
79257;1
79259;1
79260;1
79276;1
79279;1
79285;1
79287;1
79292;1
79297;1
79301;1
79316;1
79319;1
79323;1
79327;1
79345;1
79354;1
79363;1
79365;1
79369;1
79377;1
79389;1
79391;1
79401;1
79412;1
79414;2
79433;3
79452;1
79453;1
79464;1
79466;1
79473;1
79476;1
79478;1
79484;1
79488;1
79492;1
79494;1
79499;1
79500;1
79513;1
79515;1
79518;1
79519;1
79520;1
79556;1
79560;1
79562;1
79571;1
79575;1
79583;1
79600;1
79620;1
79640;1
79643;1
79644;1
79646;1
79647;1
79648;1
79675;1
79676;1
79687;1
79692;1
79695;1
79704;1
79705;1
79717;1
79720;1
79740;1
79742;1
79743;1
79753;1
79758;1
79759;1
79766;1
79773;1
79775;1
79786;1
79797;1
79799;1
79801;1
79807;1
79813;2
79815;1
79822;1
79825;1
79831;1
79837;1
79843;1
79852;1
79854;1
79865;1
79866;1
79875;1
79876;1
79882;1
79888;1
79892;1
79893;1
79895;1
79902;1
79904;2
79908;1
79919;1
79933;1
79937;1
79958;1
79970;1
79972;1
79982;1
79993;1
79995;1
80000;1
80005;1
80013;1
80014;1
80018;1
80030;1
80035;1
80037;1
80040;2
80048;1
80052;1
80053;1
80064;1
80074;1
80076;1
80078;1
80084;1
80087;1
80094;1
80096;1
80117;1
80122;1
80124;1
80133;1
80141;1
80146;1
80152;1
80158;1
80166;1
80169;1
80170;1
80192;1
80200;1
80203;1
80212;1
80222;1
80223;3
80231;1
80233;1
80238;1
80239;1
80248;1
80250;1
80251;1
80253;1
80257;1
80260;1
80262;1
80263;1
80266;1
80268;1
80278;1
80281;1
80282;1
80285;1
80287;1
80288;1
80298;1
80301;1
80302;1
80310;1
80311;1
80316;1
80318;1
80322;1
80323;1
80334;1
80337;1
80349;1
80354;1
80366;1
80369;1
80370;1
80393;1
80398;1
80402;1
80405;1
80413;1
80415;1
80418;1
80432;1
80434;1
80436;1
80437;1
80445;1
80453;1
80459;1
80465;1
80466;1
80467;1
80470;1
80479;1
80483;1
80484;1
80493;1
80495;1
80513;1
80525;1
80528;1
80532;1
80537;2
80542;1
80544;1
80545;1
80548;1
80551;1
80552;1
80554;1
80557;1
80563;1
80576;1
80579;1
80584;1
80585;1
80594;1
80602;1
80611;1
80624;1
80627;1
80628;1
80634;1
80642;1
80644;1
80656;1
80659;1
80661;1
80666;1
80670;1
80679;1
80687;1
80701;1
80707;1
80715;1
80724;1
80743;1
80747;1
80749;1
80758;1
80764;1
80765;1
80766;4
80768;1
80769;1
80776;1
80796;1
80797;1
80802;1
80806;1
80814;1
80825;1
80839;1
80842;2
80843;1
80847;1
80850;1
80855;1
80860;1
80861;1
80863;1
80877;1
80879;1
80880;1
80882;1
80883;1
80887;1
80893;1
80897;1
80899;1
80904;1
80919;1
80923;1
80937;1
80938;1
80942;1
80944;1
80952;1
81004;1
81019;1
81020;1
81027;1
81029;1
81034;1
81037;1
81043;1
81050;1
81065;1
81074;1
81087;1
81107;1
81111;1
81112;1
81114;1
81118;1
81128;1
81137;1
81142;1
81150;1
81159;1
81163;1
81178;1
81183;1
81201;1
81204;1
81212;1
81220;1
81230;1
81232;1
81233;1
81237;1
81242;1
81253;1
81255;1
81258;1
81260;1
81261;1
81264;1
81266;1
81268;1
81269;1
81282;1
81291;1
81296;1
81302;1
81305;1
81307;1
81331;1
81338;1
81346;1
81374;1
81377;1
81389;1
81393;1
81398;1
81410;1
81413;1
81422;1
81426;1
81433;1
81442;1
81447;1
81454;1
81481;1
81483;1
81484;1
81488;1
81493;1
81503;1
81509;1
81523;1
81528;1
81538;1
81542;1
81545;1
81548;1
81558;1
81576;1
81578;1
81584;1
81589;1
81591;1
81593;1
81617;1
81623;1
81624;1
81625;1
81630;1
81632;1
81641;1
81645;1
81646;1
81647;1
81648;1
81661;1
81690;1
81700;1
81708;1
81719;1
81722;1
81750;1
81753;1
81756;1
81759;1
81760;1
81768;1
81775;1
81779;1
81781;1
81791;1
81793;1
81811;1
81814;1
81817;1
81823;1
81824;1
81826;1
81827;1
81838;1
81847;1
81848;1
81850;1
81856;1
81857;1
81862;1
81869;1
81873;1
81879;1
81880;1
81910;1
81917;1
81922;1
81928;1
81931;1
81934;1
81947;1
81950;1
81964;2
81971;1
81972;1
81976;1
81984;1
82005;1
82007;1
82030;1
82037;1
82041;1
82050;1
82051;1
82052;1
82060;1
82078;1
82089;1
82103;1
82109;1
82111;1
82113;1
82118;1
82120;1
82121;1
82127;1
82138;1
82139;1
82144;1
82148;1
82149;1
82152;1
82157;1
82166;1
82168;1
82173;1
82186;1
82200;1
82203;1
82207;1
82208;1
82215;1
82220;1
82225;1
82245;1
82248;1
82255;1
82256;1
82259;1
82262;1
82265;1
82266;1
82268;1
82269;1
82285;1
82312;1
82346;2
82360;1
82361;1
82365;1
82369;1
82381;1
82386;1
82390;1
82391;1
82403;1
82409;1
82414;1
82421;1
82433;1
82456;1
82467;1
82471;1
82474;1
82477;1
82479;2
82481;1
82488;1
82497;1
82518;1
82520;1
82524;1
82527;1
82534;1
82542;1
82575;1
82582;1
82585;1
82614;1
82628;1
82629;1
82630;1
82631;2
82641;1
82655;1
82656;1
82669;1
82675;1
82688;1
82707;1
82716;1
82723;1
82728;1
82732;1
82734;1
82747;1
82755;1
82762;1
82769;1
82784;1
82793;1
82794;1
82813;1
82814;1
82816;1
82820;1
82826;1
82852;1
82854;1
82855;1
82869;1
82871;1
82888;1
82907;1
82918;1
82935;1
82939;1
82940;1
82946;1
82950;1
82954;1
82960;1
82961;1
82970;1
82992;1
82997;1
83011;1
83019;1
83050;1
83082;1
83108;1
83110;1
83113;1
83116;1
83118;1
83130;1
83135;1
83139;1
83141;1
83166;1
83169;1
83187;1
83194;1
83195;1
83203;1
83214;1
83244;1
83265;1
83282;1
83294;1
83303;1
83306;1
83316;1
83318;1
83322;1
83326;1
83329;1
83331;1
83362;1
83364;1
83369;1
83371;1
83377;1
83384;1
83392;1
83401;1
83402;1
83404;2
83414;1
83416;1
83425;1
83448;1
83481;1
83482;1
83483;1
83488;1
83490;1
83491;1
83507;1
83514;2
83518;1
83521;1
83528;1
83545;1
83560;1
83563;1
83565;1
83608;1
83628;1
83632;1
83647;1
83650;1
83654;1
83657;1
83663;1
83685;1
83693;1
83694;1
83708;1
83710;1
83714;1
83716;1
83720;1
83722;1
83735;1
83737;1
83749;1
83756;1
83767;1
83769;2
83796;1
83799;1
83805;1
83806;1
83810;1
83815;1
83821;1
83823;1
83832;1
83834;1
83835;1
83855;1
83856;1
83857;1
83865;1
83867;1
83877;1
83878;1
83883;1
83884;1
83885;1
83902;1
83904;1
83905;1
83930;1
83931;1
83935;1
83945;1
83948;1
83956;1
83961;1
83964;1
83976;1
83980;1
83983;1
83986;1
83989;1
83995;1
84004;1
84009;1
84017;1
84025;1
84037;1
84039;1
84042;1
84055;1
84056;1
84059;1
84061;1
84062;1
84067;1
84081;1
84084;1
84094;1
84099;1
84101;1
84110;1
84116;1
84133;1
84145;1
84148;1
84151;1
84153;1
84156;1
84170;1
84175;1
84184;1
84186;1
84201;1
84207;1
84209;1
84222;1
84227;1
84229;1
84233;1
84236;1
84259;1
84271;1
84300;1
84304;1
84309;1
84310;1
84311;1
84312;1
84317;1
84327;1
84330;1
84334;1
84343;1
84354;1
84358;1
84361;1
84362;1
84371;1
84372;1
84374;1
84384;1
84386;2
84392;1
84410;1
84425;1
84433;1
84434;1
84451;1
84454;1
84458;1
84459;1
84462;2
84465;1
84474;1
84476;1
84477;1
84489;1
84492;1
84503;1
84506;1
84510;1
84516;1
84520;1
84522;1
84540;1
84543;1
84545;1
84551;1
84564;1
84572;1
84573;1
84574;1
84579;2
84591;2
84598;1
84613;1
84623;1
84626;1
84627;1
84629;1
84632;1
84668;1
84688;1
84710;1
84721;1
84738;1
84746;1
84749;1
84750;1
84752;1
84827;1
84829;1
84834;1
84841;1
84850;1
84852;1
84854;1
84856;1
84863;1
84878;1
84881;1
84891;1
84895;1
84901;1
84902;1
84908;1
84910;1
84914;1
84919;1
84929;1
84936;1
84945;1
84955;1
84957;1
84959;1
84961;1
84966;1
84968;1
84969;1
84984;1
84992;1
85011;1
85017;1
85030;1
85043;1
85044;1
85047;1
85064;1
85067;1
85069;1
85079;1
85089;1
85091;1
85093;1
85097;1
85146;1
85147;1
85155;1
85171;1
85189;1
85202;1
85218;1
85237;1
85247;1
85254;1
85261;1
85263;1
85288;1
85295;1
85299;1
85310;1
85318;2
85342;1
85347;1
85350;1
85360;1
85361;1
85362;1
85363;1
85375;1
85380;1
85383;1
85390;1
85423;1
85424;1
85439;1
85446;1
85450;1
85459;1
85461;1
85475;1
85476;1
85478;1
85479;1
85496;1
85510;1
85512;1
85514;1
85518;1
85526;2
85539;1
85543;1
85547;1
85554;1
85566;1
85569;1
85571;1
85572;1
85574;1
85581;1
85584;1
85587;1
85591;1
85623;1
85624;1
85625;1
85631;1
85634;1
85639;1
85641;1
85650;1
85654;1
85662;1
85670;1
85673;1
85683;1
85689;1
85691;1
85699;1
85717;1
85720;1
85727;1
85741;1
85765;1
85771;1
85773;1
85775;1
85785;1
85787;1
85791;1
85800;1
85810;1
85818;1
85819;1
85823;1
85859;1
85872;1
85880;1
85881;1
85883;1
85892;1
85898;1
85899;1
85905;1
85912;1
85922;1
85925;1
85934;1
85939;1
85940;1
85944;1
85946;1
85947;1
85952;1
85955;1
85957;1
85959;1
85967;1
85970;1
85979;1
85982;1
85983;1
85991;1
86002;1
86005;1
86008;1
86023;1
86025;1
86027;1
86036;1
86045;1
86058;1
86075;1
86084;1
86091;2
86093;1
86101;1
86111;1
86116;1
86118;1
86122;1
86135;1
86143;1
86155;1
86161;1
86166;1
86168;1
86169;1
86170;1
86171;1
86178;1
86184;1
86186;1
86193;1
86195;1
86197;1
86200;1
86212;1
86214;1
86219;1
86220;1
86225;2
86231;1
86232;1
86235;1
86243;1
86277;1
86287;1
86296;1
86301;1
86303;1
86318;1
86326;1
86327;1
86329;1
86342;1
86345;1
86347;1
86351;1
86354;1
86386;1
86390;1
86403;1
86405;1
86408;1
86410;1
86417;1
86419;1
86422;1
86433;1
86443;1
86459;1
86492;1
86499;1
86503;1
86507;1
86509;1
86517;1
86521;1
86539;1
86545;1
86547;1
86548;1
86549;1
86561;1
86575;1
86579;1
86591;1
86600;1
86619;1
86621;1
86645;1
86656;1
86670;1
86688;1
86695;1
86711;1
86715;1
86719;1
86723;1
86726;1
86731;1
86734;1
86737;1
86739;1
86743;1
86745;1
86747;1
86749;1
86754;1
86755;1
86758;1
86764;1
86765;1
86769;1
86772;2
86774;1
86829;1
86842;2
86844;1
86847;1
86878;1
86906;1
86914;1
86924;1
86928;1
86929;1
86934;1
86941;1
86947;1
86949;1
86954;1
86955;1
86958;1
86986;1
86989;1
86993;1
86996;1
87001;1
87005;1
87012;1
87015;1
87018;1
87027;1
87042;1
87043;1
87046;1
87060;1
87072;1
87082;2
87114;1
87139;3
87141;1
87144;1
87150;1
87154;1
87158;1
87172;1
87174;1
87182;1
87196;1
87206;1
87207;1
87213;1
87214;1
87229;1
87232;1
87234;1
87241;1
87255;2
87258;1
87262;1
87271;1
87272;1
87302;1
87306;1
87311;1
87316;1
87325;1
87331;1
87339;1
87343;1
87346;1
87352;1
87358;1
87365;1
87366;1
87368;1
87370;2
87379;1
87384;1
87385;1
87387;1
87388;1
87389;1
87391;1
87395;1
87415;1
87424;1
87442;1
87446;1
87448;1
87453;1
87455;1
87458;1
87459;1
87468;1
87469;1
87476;1
87486;1
87487;1
87489;1
87495;1
87498;1
87501;1
87503;1
87509;1
87510;1
87512;1
87516;1
87518;1
87520;1
87521;1
87523;1
87524;1
87527;1
87531;1
87550;1
87552;1
87584;1
87587;2
87602;1
87606;1
87607;1
87608;2
87610;1
87620;1
87621;1
87631;1
87633;1
87638;1
87641;1
87644;1
87658;1
87663;1
87665;1
87667;1
87671;1
87676;3
87682;1
87693;1
87703;1
87706;1
87716;1
87717;1
87720;1
87728;1
87741;1
87742;1
87764;1
87779;1
87784;1
87788;1
87789;1
87791;1
87801;1
87809;1
87814;1
87816;1
87826;1
87834;1
87837;1
87841;1
87845;1
87849;1
87853;1
87855;1
87859;1
87860;1
87864;1
87865;1
87880;1
87893;1
87896;3
87909;1
87912;1
87957;1
87958;1
87965;1
87971;1
87974;1
87978;1
87980;1
87982;1
87986;1
87988;2
87992;1
87995;1
88015;1
88019;1
88024;1
88032;1
88033;1
88051;1
88052;1
88055;1
88068;1
88070;1
88075;1
88083;1
88087;1
88091;1
88093;1
88095;1
88099;1
88111;1
88121;1
88126;1
88139;1
88145;1
88146;1
88153;1
88156;1
88162;1
88187;1
88190;1
88201;1
88203;1
88214;1
88225;1
88241;1
88243;1
88249;1
88254;1
88255;1
88258;1
88269;1
88272;1
88278;1
88281;1
88282;1
88289;1
88294;1
88300;1
88302;1
88313;1
88315;1
88321;1
88324;1
88329;1
88334;1
88352;1
88367;1
88382;1
88393;1
88420;1
88422;1
88423;1
88434;1
88460;1
88461;1
88462;1
88465;1
88471;1
88488;1
88491;1
88493;1
88494;1
88497;1
88498;1
88507;1
88510;1
88514;1
88526;1
88528;1
88540;1
88556;1
88563;1
88568;1
88575;1
88577;1
88578;1
88583;1
88596;1
88601;1
88605;1
88613;1
88625;1
88626;1
88628;1
88631;1
88646;1
88648;1
88657;1
88669;1
88670;1
88673;1
88690;1
88705;1
88730;1
88731;1
88759;1
88763;1
88783;1
88794;1
88807;1
88811;1
88820;1
88829;1
88830;1
88831;1
88832;1
88840;1
88843;1
88858;1
88873;1
88883;1
88889;1
88892;1
88905;1
88909;1
88910;1
88913;1
88915;1
88923;1
88924;1
88944;1
88946;1
88958;1
88959;1
88961;1
88967;1
88968;1
88971;1
88972;1
88978;4
88985;1
88988;1
88990;1
88992;1
88996;1
89002;4
89014;1
89015;1
89020;1
89022;1
89024;1
89047;1
89056;2
89062;1
89067;1
89074;1
89085;1
89089;1
89093;1
89099;1
89106;1
89113;1
89115;1
89116;1
89123;1
89135;1
89138;1
89139;1
89140;1
89145;1
89146;1
89155;1
89167;1
89168;1
89172;1
89173;1
89183;1
89189;1
89191;1
89193;1
89194;1
89198;1
89199;1
89201;1
89211;1
89225;1
89231;1
89232;1
89241;1
89242;1
89247;1
89268;2
89279;1
89282;1
89292;1
89298;1
89301;1
89306;1
89314;1
89316;1
89329;1
89330;1
89339;1
89341;1
89347;1
89358;1
89365;1
89369;1
89377;1
89386;1
89395;1
89405;1
89412;1
89419;1
89456;2
89458;1
89465;1
89467;1
89469;1
89470;1
89472;1
89473;1
89493;1
89501;1
89502;1
89504;1
89505;1
89507;1
89518;1
89528;1
89533;1
89541;1
89545;1
89551;1
89552;1
89555;1
89561;1
89576;1
89579;1
89580;1
89586;1
89590;2
89593;1
89609;1
89615;1
89621;1
89622;1
89624;1
89626;1
89628;1
89659;1
89663;1
89665;1
89667;1
89677;1
89695;1
89701;1
89705;1
89710;1
89724;1
89728;1
89732;1
89735;1
89762;1
89775;1
89780;1
89786;1
89789;1
89793;1
89808;1
89815;1
89816;1
89817;1
89820;1
89822;1
89829;1
89835;2
89843;1
89850;1
89860;1
89866;1
89878;1
89882;1
89888;1
89896;1
89910;1
89914;1
89927;1
89928;1
89930;1
89939;1
89941;1
89948;1
89950;1
89969;1
89982;1
89985;1
89991;1
89995;1
89996;1
89998;1
90004;1
90007;1
90014;1
90019;1
90020;1
90022;1
90023;1
90030;1
90033;1
90049;1
90053;1
90056;1
90061;1
90063;1
90067;1
90083;1
90088;1
90091;1
90094;1
90096;1
90099;1
90101;1
90105;1
90122;1
90130;1
90131;1
90142;1
90151;1
90159;1
90163;1
90168;1
90194;1
90213;1
90217;1
90220;1
90223;1
90224;1
90230;1
90240;1
90241;1
90245;1
90246;1
90250;1
90259;1
90268;1
90289;1
90294;1
90296;1
90297;1
90308;1
90316;1
90327;1
90334;1
90348;1
90350;1
90352;1
90355;1
90362;1
90371;1
90393;1
90396;1
90406;1
90407;1
90408;2
90410;1
90415;1
90417;1
90420;1
90438;1
90459;1
90464;1
90465;1
90471;1
90480;1
90483;1
90491;1
90502;1
90505;1
90509;1
90511;1
90530;1
90545;1
90550;1
90555;1
90592;1
90594;1
90599;1
90602;1
90604;1
90608;2
90610;2
90614;1
90627;1
90631;1
90646;1
90647;1
90651;1
90652;1
90656;1
90659;1
90673;1
90682;1
90685;1
90691;1
90702;1
90703;1
90705;1
90725;1
90731;1
90739;1
90742;1
90743;1
90796;1
90805;2
90807;1
90808;1
90830;1
90831;1
90833;1
90841;1
90852;1
90864;1
90890;1
90905;1
90939;1
90967;1
90969;1
90974;1
90977;1
90980;1
90987;1
90997;1
91001;1
91002;1
91012;1
91020;1
91025;1
91029;1
91031;1
91037;2
91038;1
91039;1
91052;1
91053;1
91057;1
91062;1
91064;1
91066;1
91067;1
91077;1
91083;1
91088;1
91113;1
91115;1
91116;1
91120;1
91129;1
91130;1
91132;1
91142;1
91150;1
91163;1
91168;1
91169;1
91191;1
91194;1
91200;1
91206;1
91207;1
91211;1
91218;1
91221;1
91224;1
91227;1
91228;1
91242;1
91245;1
91254;1
91261;1
91263;1
91272;1
91279;1
91283;1
91285;1
91286;1
91290;1
91295;1
91297;1
91302;1
91309;1
91310;1
91315;1
91316;1
91321;1
91328;1
91329;1
91330;1
91335;1
91336;1
91348;1
91360;1
91362;1
91378;1
91402;1
91412;1
91415;1
91416;1
91421;1
91431;1
91444;1
91446;1
91464;1
91481;1
91485;1
91489;1
91493;1
91498;1
91503;1
91506;1
91523;1
91524;1
91528;1
91529;1
91546;1
91551;1
91569;1
91570;1
91571;1
91574;1
91580;1
91589;1
91598;1
91600;1
91611;1
91621;1
91639;1
91646;1
91677;1
91680;1
91681;1
91693;1
91700;1
91702;1
91704;1
91705;1
91707;1
91708;2
91709;1
91714;1
91720;1
91722;1
91724;2
91726;1
91730;1
91739;1
91740;1
91743;1
91745;1
91774;1
91776;1
91778;1
91780;1
91781;1
91782;1
91805;1
91810;1
91813;1
91825;1
91826;1
91843;1
91850;1
91852;1
91858;1
91861;1
91865;1
91875;1
91876;1
91882;1
91896;1
91903;1
91904;1
91911;1
91912;1
91916;1
91926;1
91929;1
91931;1
91933;1
91942;1
91963;1
91966;1
91970;1
91981;1
91982;1
91994;1
91995;1
91997;2
92004;1
92037;1
92046;1
92050;1
92055;1
92059;1
92062;1
92066;1
92069;1
92072;1
92079;1
92092;1
92095;1
92098;2
92104;1
92110;1
92114;1
92125;1
92126;1
92137;1
92140;1
92148;1
92153;1
92160;1
92162;1
92171;1
92174;1
92176;1
92181;1
92191;1
92194;1
92199;1
92201;1
92202;1
92206;1
92216;1
92217;1
92224;1
92233;1
92239;1
92241;1
92246;1
92248;1
92250;1
92253;1
92255;1
92256;1
92258;1
92259;2
92266;1
92270;1
92271;1
92273;1
92298;1
92306;1
92319;1
92320;1
92321;1
92325;1
92338;2
92345;1
92346;1
92349;1
92350;1
92351;1
92364;1
92366;1
92371;1
92374;1
92382;1
92383;1
92386;1
92391;1
92400;1
92401;1
92402;1
92405;1
92410;1
92414;1
92415;1
92427;1
92431;1
92432;1
92433;2
92453;1
92460;1
92469;1
92475;1
92476;1
92489;1
92493;1
92499;1
92504;1
92512;1
92543;1
92544;1
92547;1
92554;1
92557;1
92571;1
92583;1
92606;2
92611;1
92612;1
92625;1
92632;1
92635;1
92640;1
92641;1
92644;1
92662;1
92663;1
92668;1
92672;1
92675;1
92693;1
92709;1
92721;1
92728;1
92733;1
92754;1
92760;1
92762;1
92764;1
92767;1
92775;1
92779;1
92788;1
92793;1
92794;1
92806;1
92807;1
92809;1
92811;1
92813;1
92835;1
92838;1
92839;1
92846;1
92849;1
92855;1
92862;1
92865;1
92866;1
92868;1
92870;1
92873;2
92893;1
92902;1
92914;1
92916;1
92926;1
92935;1
92939;1
92954;1
92967;1
92971;1
92977;1
92987;1
92991;1
93002;1
93010;1
93017;1
93027;1
93038;1
93043;1
93050;1
93051;2
93053;1
93060;1
93062;1
93078;1
93080;1
93085;1
93095;1
93107;1
93108;1
93118;1
93122;1
93126;1
93132;1
93144;1
93147;1
93157;1
93162;1
93165;1
93168;1
93170;1
93173;1
93189;1
93192;1
93195;1
93199;1
93205;1
93209;1
93221;1
93239;1
93249;1
93251;1
93260;1
93266;1
93268;1
93287;1
93289;1
93298;1
93299;1
93309;1
93313;1
93314;1
93335;1
93349;2
93352;1
93366;1
93376;1
93381;1
93384;1
93395;1
93400;1
93404;1
93410;1
93417;1
93419;1
93422;1
93428;1
93438;1
93442;1
93446;1
93447;1
93470;1
93471;1
93473;1
93492;1
93500;1
93508;1
93510;1
93513;1
93515;1
93520;1
93536;1
93539;1
93540;1
93543;2
93545;1
93558;1
93562;1
93566;1
93568;1
93576;1
93582;1
93587;1
93602;1
93623;1
93625;1
93626;1
93635;1
93649;1
93664;1
93666;1
93671;1
93675;1
93676;1
93701;1
93719;1
93723;1
93725;1
93726;1
93745;1
93752;1
93755;2
93765;1
93770;1
93775;1
93777;1
93778;1
93782;1
93783;1
93789;1
93801;1
93805;1
93813;1
93814;1
93816;1
93823;1
93824;1
93826;1
93829;1
93832;1
93845;1
93847;1
93851;1
93873;1
93874;1
93878;1
93883;1
93884;1
93888;1
93895;1
93902;1
93909;1
93927;1
93930;1
93934;1
93941;1
93950;1
93964;1
93968;1
93971;1
93979;1
93980;1
93984;1
93991;1
93999;1
94002;1
94005;1
94011;1
94012;1
94013;1
94014;1
94016;1
94028;2
94031;1
94032;1
94037;1
94041;1
94050;1
94051;1
94053;1
94057;1
94076;1
94081;1
94088;1
94134;1
94138;1
94151;1
94169;1
94175;1
94179;1
94193;1
94217;1
94222;1
94231;1
94232;1
94245;2
94248;1
94253;1
94260;1
94266;1
94273;3
94281;1
94282;1
94284;1
94286;1
94298;1
94318;1
94322;1
94326;1
94338;1
94341;1
94352;1
94354;1
94362;1
94363;1
94366;1
94367;1
94374;1
94376;1
94385;1
94386;1
94404;1
94421;1
94422;1
94425;1
94427;1
94430;1
94437;1
94444;1
94454;1
94473;1
94474;1
94475;1
94477;1
94485;1
94488;1
94489;1
94494;1
94495;1
94496;1
94510;1
94514;1
94521;1
94529;1
94537;1
94549;1
94558;1
94559;1
94561;1
94576;1
94580;1
94588;1
94591;1
94594;1
94608;1
94610;1
94622;1
94623;1
94634;1
94637;2
94643;1
94648;1
94658;1
94667;1
94674;1
94689;1
94690;1
94699;1
94710;1
94716;1
94727;1
94731;1
94745;1
94752;1
94758;1
94764;1
94766;1
94776;1
94787;1
94794;1
94795;1
94801;1
94804;1
94807;1
94815;1
94820;1
94825;1
94843;1
94853;1
94858;1
94861;1
94866;1
94873;1
94875;1
94880;1
94884;1
94885;1
94891;1
94894;1
94909;1
94914;1
94916;1
94920;1
94928;1
94942;1
94943;1
94946;1
94954;1
94978;1
94995;1
95006;1
95007;1
95009;1
95012;1
95018;1
95019;1
95023;1
95048;1
95052;1
95053;1
95058;1
95062;1
95069;1
95079;1
95089;1
95093;1
95098;1
95103;1
95119;1
95121;1
95123;1
95130;1
95135;1
95149;1
95160;1
95163;1
95166;1
95176;1
95198;1
95203;1
95208;1
95209;1
95210;1
95220;1
95221;1
95225;1
95230;1
95236;1
95242;1
95247;1
95252;1
95255;1
95259;1
95265;1
95270;1
95302;1
95303;1
95314;1
95316;1
95318;1
95321;1
95323;1
95324;1
95344;1
95347;1
95351;1
95366;1
95367;1
95369;1
95372;1
95384;1
95386;1
95388;1
95390;1
95401;1
95409;1
95411;1
95426;1
95436;1
95443;1
95445;1
95462;1
95466;2
95468;1
95469;1
95472;1
95484;1
95490;1
95495;1
95505;1
95508;1
95524;1
95547;1
95562;1
95566;1
95570;1
95578;1
95585;1
95587;1
95589;2
95590;1
95600;1
95612;1
95615;1
95626;1
95632;1
95634;1
95646;1
95658;1
95661;1
95665;1
95667;1
95674;1
95676;1
95678;1
95693;1
95702;1
95708;1
95724;1
95734;1
95735;1
95739;1
95741;1
95758;1
95759;1
95771;1
95775;1
95786;1
95787;1
95827;1
95830;1
95831;1
95834;1
95840;1
95842;1
95854;1
95860;1
95862;1
95878;1
95883;1
95889;2
95894;1
95897;1
95899;1
95902;1
95904;1
95909;1
95921;1
95923;1
95927;1
95929;1
95930;1
95940;1
95941;1
95946;1
95951;1
95954;1
95956;1
95957;1
95963;1
95975;1
95977;1
95991;1
95992;1
95998;1
95999;1
96005;1
96026;1
96028;1
96033;1
96050;1
96056;1
96072;1
96076;1
96077;1
96079;1
96082;1
96085;1
96109;1
96121;1
96125;1
96136;1
96145;1
96149;1
96152;1
96166;1
96169;1
96177;1
96179;1
96180;1
96182;1
96189;1
96201;1
96204;1
96211;1
96217;1
96226;1
96229;1
96232;1
96236;1
96240;1
96245;1
96247;1
96258;1
96266;1
96269;1
96279;1
96292;1
96316;1
96322;2
96325;1
96332;1
96334;1
96337;1
96344;1
96358;1
96360;1
96368;1
96383;1
96390;1
96398;1
96413;1
96416;1
96430;1
96463;1
96502;1
96506;1
96515;1
96522;1
96525;1
96532;1
96547;1
96551;1
96554;1
96559;1
96560;1
96577;1
96582;1
96584;1
96586;1
96607;1
96612;1
96614;1
96680;1
96682;2
96689;1
96702;1
96712;1
96728;1
96735;1
96762;1
96772;1
96786;1
96788;1
96800;1
96802;1
96803;1
96812;1
96816;1
96822;1
96831;1
96836;1
96838;1
96839;1
96846;1
96847;1
96848;1
96849;1
96856;1
96859;1
96881;1
96895;1
96898;1
96905;1
96909;1
96921;1
96922;1
96925;1
96937;1
96964;1
96970;1
96977;1
96980;1
96988;1
96990;1
97011;1
97016;1
97017;1
97031;1
97038;1
97041;1
97043;1
97044;1
97051;1
97054;1
97056;1
97069;1
97078;1
97102;1
97103;1
97104;1
97105;1
97121;1
97130;1
97131;1
97132;1
97135;1
97143;1
97150;1
97155;1
97163;1
97165;1
97166;1
97172;1
97175;1
97177;1
97197;1
97201;1
97214;1
97218;1
97224;1
97225;1
97226;1
97232;1
97259;1
97262;1
97263;1
97269;1
97285;1
97287;1
97297;1
97298;2
97315;1
97339;1
97340;1
97342;1
97351;1
97363;1
97370;2
97371;1
97375;1
97378;1
97382;1
97385;1
97388;1
97393;1
97397;1
97401;1
97412;1
97413;1
97422;1
97423;1
97428;1
97430;1
97442;1
97450;1
97453;1
97455;1
97460;1
97462;1
97503;1
97521;1
97536;1
97537;1
97539;2
97544;1
97545;1
97547;1
97563;1
97566;1
97567;1
97568;1
97584;1
97592;2
97594;1
97600;1
97606;1
97609;1
97616;1
97618;1
97625;1
97632;1
97636;2
97638;1
97651;1
97652;1
97653;1
97661;1
97671;1
97672;1
97684;1
97690;1
97701;1
97706;1
97707;1
97710;1
97717;1
97718;1
97722;1
97739;1
97744;1
97751;1
97752;1
97754;1
97755;1
97758;1
97760;1
97772;2
97784;1
97788;1
97797;1
97801;1
97802;1
97803;1
97815;1
97821;1
97825;1
97831;1
97834;1
97850;1
97852;1
97857;1
97858;1
97871;1
97876;1
97884;1
97885;1
97906;1
97914;1
97921;1
97927;1
97931;1
97938;1
97940;1
97943;1
97949;1
97954;1
97962;1
97975;1
97979;1
97980;1
97981;1
97994;1
97995;1
97996;1
97998;1
98011;1
98016;1
98023;1
98040;1
98047;1
98050;1
98051;1
98058;1
98063;1
98075;1
98077;1
98097;1
98100;1
98102;1
98118;1
98134;1
98137;1
98139;1
98145;1
98157;1
98166;1
98190;1
98193;1
98194;1
98195;1
98200;1
98207;1
98210;1
98212;1
98216;1
98233;1
98238;1
98240;1
98246;1
98248;1
98254;1
98267;1
98273;1
98280;1
98283;1
98291;1
98298;1
98322;1
98323;1
98324;1
98326;1
98334;1
98360;1
98366;1
98368;1
98369;2
98373;1
98379;1
98390;1
98398;1
98401;1
98402;1
98403;1
98406;1
98419;1
98424;1
98432;1
98434;1
98453;1
98456;1
98457;1
98460;1
98469;1
98479;1
98480;1
98482;1
98487;1
98489;1
98501;1
98515;1
98518;1
98532;1
98537;1
98538;1
98542;1
98561;1
98563;1
98570;1
98581;1
98585;1
98589;1
98591;1
98600;1
98610;1
98620;1
98622;1
98627;1
98628;1
98652;1
98653;1
98655;1
98660;1
98661;1
98672;1
98676;1
98689;1
98690;1
98700;1
98710;1
98716;1
98731;1
98740;1
98743;1
98745;1
98754;1
98769;1
98770;1
98771;1
98779;1
98787;1
98790;5
98792;5
98793;5
98796;1
98803;1
98811;1
98820;1
98827;1
98828;1
98841;1
98854;1
98869;1
98870;1
98874;1
98875;1
98876;1
98878;1
98883;1
98884;1
98890;1
98898;1
98907;1
98910;1
98919;1
98924;1
98926;1
98927;1
98929;1
98936;1
98942;1
98961;1
98964;1
98974;1
98980;1
98983;1
98986;1
98996;1
99003;1
99004;1
99010;1
99011;1
99015;1
99022;1
99029;1
99040;1
99042;1
99043;1
99044;1
99050;1
99054;1
99061;1
99068;2
99071;1
99082;1
99088;1
99090;1
99093;1
99094;1
99095;1
99096;1
99100;1
99102;1
99132;1
99134;1
99138;1
99143;1
99145;1
99148;1
99158;1
99174;1
99177;1
99179;1
99182;2
99183;1
99188;1
99201;1
99202;1
99204;1
99206;1
99220;1
99221;1
99225;1
99228;1
99231;1
99238;1
99252;1
99257;1
99258;1
99262;1
99263;1
99295;1
99297;1
99303;1
99305;1
99309;2
99310;1
99313;1
99315;1
99332;1
99338;1
99343;1
99353;1
99358;1
99361;1
99380;1
99391;1
99402;1
99403;1
99409;1
99421;1
99428;1
99432;1
99449;1
99456;1
99457;1
99465;1
99475;1
99476;1
99484;1
99497;1
99501;1
99509;1
99521;1
99526;1
99537;1
99547;1
99584;1
99602;1
99606;1
99612;1
99623;1
99629;1
99630;2
99635;1
99639;1
99641;1
99644;1
99648;1
99651;1
99653;1
99656;1
99668;1
99672;1
99678;1
99682;1
99683;1
99695;1
99701;1
99717;1
99725;1
99726;1
99733;1
99737;1
99742;1
99773;1
99776;1
99779;1
99782;1
99785;1
99793;1
99797;1
99801;1
99811;1
99821;1
99839;1
99843;1
99849;1
99851;1
99859;1
99893;1
99897;1
99901;1
99921;1
99925;1
99926;1
99940;1
99944;1
99957;1
99963;1
99964;1
99974;1
99978;1
99998;1
100008;1
100014;1
100031;1
100033;1
100041;1
100058;1
100062;1
100063;1
100065;1
100067;1
100112;1
100120;1
100123;1
100126;1
100144;1
100150;1
100164;1
100171;1
100182;1
100204;1
100214;1
100220;1
100230;1
100241;1
100243;1
100250;1
100256;1
100273;1
100286;1
100287;1
100289;1
100290;1
100292;1
100296;1
100307;1
100313;1
100315;1
100317;1
100319;1
100320;1
100323;1
100333;1
100341;1
100342;1
100347;1
100348;1
100354;1
100355;1
100359;2
100373;1
100384;1
100388;1
100400;1
100416;1
100417;1
100419;1
100430;1
100432;1
100441;1
100442;1
100466;1
100475;1
100476;1
100487;1
100496;2
100507;1
100514;1
100528;1
100534;1
100544;1
100550;1
100560;1
100571;1
100580;1
100590;1
100607;1
100616;1
100626;1
100628;1
100640;1
100642;1
100644;1
100645;1
100648;1
100653;1
100664;1
100676;1
100683;1
100685;1
100695;1
100704;1
100710;1
100714;1
100717;1
100719;1
100726;1
100727;1
100730;1
100735;1
100738;1
100743;1
100748;1
100765;1
100775;1
100782;1
100783;1
100793;1
100797;1
100813;1
100820;1
100821;1
100830;1
100834;1
100839;1
100853;1
100859;1
100860;1
100862;1
100880;1
100893;1
100902;1
100903;1
100915;1
100917;1
100934;2
100935;1
100938;1
100944;1
100955;1
100964;1
100974;1
100984;1
100986;1
100998;1
101006;1
101034;1
101043;1
101057;1
101063;1
101074;1
101076;1
101083;1
101085;1
101090;1
101102;1
101103;1
101111;1
101112;1
101119;1
101121;1
101123;1
101125;1
101128;1
101135;1
101148;1
101161;1
101164;1
101169;1
101180;1
101182;1
101186;1
101188;1
101190;1
101192;1
101207;1
101211;1
101212;1
101213;1
101218;1
101222;1
101237;1
101241;1
101243;1
101251;1
101254;1
101267;1
101293;1
101295;2
101299;1
101301;1
101302;1
101306;1
101307;1
101311;1
101312;1
101315;1
101325;1
101329;1
101331;1
101337;2
101340;1
101342;1
101351;1
101352;1
101362;1
101367;1
101368;1
101373;1
101374;1
101377;1
101380;1
101407;1
101409;1
101433;1
101435;1
101465;1
101470;1
101483;1
101486;1
101495;1
101499;1
101510;1
101529;1
101530;1
101543;1
101544;1
101550;1
101559;1
101567;1
101568;13
101570;1
101575;1
101587;1
101593;2
101594;1
101596;1
101612;1
101622;1
101624;1
101641;1
101656;1
101657;1
101664;1
101667;1
101668;1
101674;1
101676;1
101679;1
101682;1
101689;1
101708;1
101713;1
101724;1
101738;1
101739;1
101740;1
101748;1
101754;1
101763;1
101765;1
101767;1
101772;1
101778;1
101787;1
101794;1
101796;1
101823;1
101830;1
101835;1
101842;1
101846;1
101859;1
101862;1
101864;1
101871;1
101873;1
101877;1
101884;1
101892;1
101894;1
101903;1
101919;1
101931;1
101936;1
101938;1
101943;1
101946;1
101959;1
101969;1
101978;1
101979;1
101989;1
101999;1
102017;1
102018;1
102019;1
102024;1
102025;1
102029;1
102030;1
102037;1
102062;1
102071;1
102087;1
102102;1
102110;1
102114;1
102117;1
102119;1
102120;1
102126;1
102127;1
102138;1
102140;1
102145;1
102150;1
102154;1
102166;1
102168;1
102171;1
102177;1
102178;1
102182;1
102194;1
102196;2
102197;1
102201;1
102206;1
102217;1
102226;1
102234;1
102244;1
102250;1
102259;1
102264;1
102265;1
102266;1
102267;1
102272;1
102273;1
102277;1
102284;1
102294;1
102301;1
102303;1
102305;1
102314;1
102331;1
102344;1
102361;1
102364;1
102381;1
102384;1
102399;3
102404;1
102408;1
102410;1
102414;1
102416;1
102422;1
102428;1
102433;1
102443;1
102445;1
102446;1
102451;1
102457;1
102462;1
102464;1
102465;1
102468;1
102470;1
102472;1
102475;1
102484;1
102494;1
102497;1
102499;1
102511;1
102515;1
102536;1
102548;1
102566;1
102587;1
102599;1
102601;1
102606;1
102609;1
102612;1
102618;1
102625;1
102629;1
102658;1
102673;1
102686;1
102696;1
102701;1
102707;1
102709;1
102716;1
102719;1
102721;1
102730;1
102740;1
102758;1
102766;2
102767;1
102768;1
102779;1
102806;1
102808;1
102810;1
102815;1
102821;1
102824;1
102829;1
102835;1
102838;1
102850;1
102851;1
102859;1
102863;1
102864;1
102885;1
102898;1
102918;1
102919;1
102935;1
102971;1
102973;1
102977;1
102980;2
102983;1
102984;1
102995;1
103001;1
103009;1
103013;1
103015;1
103025;1
103029;2
103032;1
103040;1
103042;1
103043;1
103047;1
103053;1
103056;1
103057;1
103062;1
103071;1
103091;1
103098;1
103100;1
103102;1
103132;1
103149;1
103172;1
103178;1
103184;1
103188;1
103201;1
103205;1
103213;1
103217;1
103238;1
103242;1
103255;1
103267;1
103270;1
103272;1
103277;1
103279;1
103280;1
103286;1
103287;1
103288;1
103303;1
103304;1
103316;1
103319;1
103322;1
103323;1
103329;1
103332;1
103334;1
103341;1
103350;1
103358;1
103359;1
103372;1
103375;1
103376;1
103382;1
103387;1
103393;1
103406;1
103412;1
103418;1
103431;1
103438;1
103439;1
103440;1
103443;1
103450;1
103466;1
103470;1
103488;1
103498;1
103508;1
103550;1
103555;1
103560;1
103566;1
103567;1
103583;1
103585;1
103590;1
103597;1
103606;1
103609;1
103610;2
103614;1
103616;1
103622;1
103633;1
103635;1
103641;1
103644;1
103649;1
103650;1
103671;1
103680;1
103682;1
103688;1
103707;1
103755;1
103771;1
103818;1
103829;1
103842;1
103855;2
103864;1
103874;1
103885;1
103891;1
103920;1
103929;1
103931;1
103934;3
103942;1
103946;1
103947;1
103950;1
103954;1
103962;1
103979;1
103981;1
103982;1
103984;1
103986;1
103987;1
104006;1
104034;1
104038;1
104049;1
104059;1
104076;1
104086;1
104095;1
104109;1
104127;1
104141;1
104142;1
104147;4
104153;1
104157;1
104164;1
104172;1
104173;1
104197;1
104200;3
104201;3
104205;3
104220;1
104248;1
104261;1
104263;1
104266;1
104288;1
104305;1
104333;1
104369;4
104396;2
104406;1
104422;1
104429;2
104430;1
104436;2
104437;1
104444;1
104465;2
104489;1
104506;1
104508;1
104534;1
104540;1
104545;1
104550;2
104559;1
104563;1
104564;1
104568;1
104574;1
104582;1
104584;1
104586;1
104625;3
104645;1
104685;1
104700;1
104717;1
104723;1
104724;1
104729;1
104758;1
104763;1
104771;1
104800;1
104828;1
104865;1
104872;1
104886;1
104900;1
104917;1
104921;1
104948;1
104969;2
104978;1
104979;1
104984;1
104988;1
104999;1
105000;1
105017;1
105020;1
105036;1
105045;1
105056;1
105062;1
105112;2
105141;1
105143;1
105153;1
105155;1
105158;1
105159;1
105200;1
105205;1
105209;1
105211;1
105286;1
105358;2
105362;2
105372;1
105376;1
105384;1
105395;1
105403;1
105405;1
105446;1
105472;1
105525;2
105721;1
