;780429
11,5 x 16 cm.;4
113x118 mm;50
117 x 730 mm;1
118x119 mm;1
121 x 167 mm;2
13 x 18 cm;1
13 x 18cm;1
135 x 396 mm;1
135 x 447 mm;1
13x18;1
141 x 361 mm;1
143 x 285 mm;1
145 x 205 mm;1
151 x 390 mm;1
152 x 376 mm;1
154 x 202 mm;1
155 x 201 mm met afgeronde hoeken;15
156 x 229 mm;1
159 x 215 mm;1
159 x 216 mm;1
160 x 218 mm;1
160 x 375 mm;1
161 x 216 mm;1
162 x 224 mm;1
162 x 375 mm;1
162 x 425 mm;1
163 x 223 mm;1
163 x 224 mm;2
164 x 221 mm;1
164 x 224 mm;2
164 x 225 mm;2
165 x 225 mm;1
165 x 250 mm;1
165 x 260 mm;1
166 x 230 mm;1
167 x 115 mm;1
168 x 118 mm;1
168 x 229 mm;1
168 x 231 mm;2
169 x 116 mm;1
169 x 120 mm;1
169 x 229 mm;1
169 x 230 mm;1
169 x 231 mm;1
17 x 24 cm;3
170 x 121 mm;1
170 x 228 mm;2
170 x 229 mm;1
170 x 230 mm;4
170 x 231 mm;4
170 x 232 mm;2
170 x 233 mm;1
171 x 218 mm;1
171 x 228 mm;1
171 x 229 mm;2
171 x 230 mm;2
171 x 231 mm;2
171 x 232 mm;2
172 x 215 mm;1
172 x 228 mm;1
172 x 229 mm;2
172 x 230 mm;4
172 x 231 mm;1
172 x 232 mm;1
173 x 231 mm;5
173 x 232 mm;1
173 x 240 mm;1
175 x 229 mm;1
175 x 233 mm;1
176 x 238 mm;1
179 x 229 mm;1
179 x 235 mm;1
179 x 376 mm;1
18 x 24 cm.;2
180 x 241 mm;1
180 x 244 mm;1
181 x 233 mm;1
183 x 234 mm;1
184 x 245 mm;1
185 x 230 mm;1
185 x 240 mm;1
185 x 243 mm;1
185 x 245 mm;1
185 x 290 mm;1
185 x 371 mm;1
186 x 235 mm;1
186 x 243 mm;1
188 x 228 mm;1
188 x 230 mm;1
188 x 240 mm;1
190 x 160 mm;1
190 x 230 mm;1
190 x 235 mm;1
190 x 240 mm;1
190 x 242 mm;2
190 x 242 mm (ovaal);1
191 x 224 mm;1
191 x 313 mm;1
192 x 229 mm;1
195 x 245 mm;1
195 x 270 mm;1
197 x 228 mm;1
197 x 262 mm;1
197 x 263 mm;1
198 x 286 mm;1
199 x 405 mm;1
200 x 260 mm;2
200 x 261 mm;2
200 x 273 mm;1
200 x 334 mm;1
201 x 260 mm;1
201 x 261 mm;1
205 x 162 mm;1
205 x 269 mm;1
206 x 271 mm;1
206 x 288 mm;1
207 x 289 mm;1
210 x 280 mm;1
210 x 342 mm;1
211 x 272 mm;1
211 x 458 mm;1
213 x 279 mm;1
213 x 282 mm;1
213 x 283 mm;1
214 x 336 mm;1
215 x 287 mm;1
216 x 159 mm;2
216 x 160 mm;5
216 x 161 mm;1
216 x 277 mm;1
216 x 280 mm;1
217 x 402 mm;1
218 x 276 mm;1
218 x 287 mm;1
218 x 290 mm;1
220 x 284 mm;1
220 x 285 mm;1
220 x 418 mm;1
220 x 439 mm;1
222 x 280 mm;1
222 x 288 mm;1
223 x 169 mm;1
223 x 174 mm;1
223 x 284 mm;1
223 x 290 mm;1
224 x 162 mm;1
224 x 282 mm;1
224 x 290 mm;2
225 x 167 mm;1
225 x 168 mm;1
225 x 170 mm;1
225 x 183 mm;2
225 x 284 mm;1
225 x 372 mm;1
226 x 161 mm;1
226 x 165 mm;1
226 x 166 mm;1
226 x 169 mm;2
226 x 170 mm;1
226 x 171 mm;1
226 x 183 mm;1
226 x 186 mm;1
226 x 219 mm;1
226 x 285 mm;1
226 x 300 mm;1
227 x 166 mm;1
227 x 168 mm;1
227 x 175 mm;1
227 x 185 mm;1
227 x 288 mm;1
227 x 292 mm;1
228 x 159 mm;1
228 x 166 mm;1
228 x 167 mm;1
228 x 169 mm;1
228 x 170 mm;3
228 x 171 mm;1
228 x 172 mm;1
228 x 289 mm;1
228 x 290 mm;1
228 x 291 mm;1
228 x 292 mm;2
229 x 163 mm;1
229 x 164 mm;1
229 x 167 mm;3
229 x 168 mm;1
229 x 169 mm;2
229 x 170 mm;3
229 x 171 mm;3
229 x 172 mm;1
229 x 174 mm;1
229 x 278 mm;1
229 x 290 mm;1
229 x 292 mm;2
229 x 294 mm;1
229 x 295 mm;1
230 x 129 mm;1
230 x 165 mm;1
230 x 169 mm;1
230 x 170 mm;6
230 x 171 mm;6
230 x 172 mm;8
230 x 173 mm;6
230 x 193 mm;1
230 x 280 mm;1
230 x 282 mm;1
230 x 290 mm;1
230 x 292 mm;2
230 x 294 mm;1
230 x 48 mm;1
231 x 169 mm;1
231 x 170 mm;1
231 x 171 mm;4
231 x 172 mm;7
231 x 173 mm;4
231 x 174 mm;1
231 x 185 mm;1
231 x 270 mm;1
231 x 288 mm;1
231 x 293 mm;1
232 x 168 mm;1
232 x 169 mm;1
232 x 171 mm;1
232 x 173 mm;1
233 x 165 mm;1
233 x 169 mm;1
233 x 171 mm;1
233 x 174 mm;1
233 x 176 mm;1
233 x 177 mm;1
233 x 192;1
234 x 148 mm;1
234 x 151 mm;1
234 x 171 mm;1
234 x 173 mm;1
234 x 298 mm;1
235 x 176 mm;1
235 x 288 mm;1
235 x 382 mm;1
236 x 173 mm;1
236 x 288 mm;1
238 x 215 mm;1
238 x 288 mm;1
238 x 294 mm;1
238 x 310 mm (met afgeronde hoeken);1
239 x 289 mm;1
239 x 293 mm;1
239 x 294 mm;1
239 x 298 mm (incl. de ten dele nog afgeplakte randen);1
240 x 137;1
240 x 141 mm;1
240 x 190 mm;1
240 x 295 mm;1
241 x 190 mm (ovaal);1
242 x 294 mm;1
245 x 200 mm;1
245 x 372 mm;1
246 x 197 mm;1
246 x 324 mm;1
250 x 195 mm;1
253 x 215 mm;1
257 x 644 mm;1
260 x 338 mm;1
260 x 339 mm;1
260 x 357 mm;1
261 x 335 mm;1
261 x 338 mm;1
261 x 340 mm;1
261 x 352 mm;1
261 x 370 mm;1
262 x 332 mm;1
262 x 339 mm;1
262 x 364 mm;1
262 x 372 mm;1
262 x 374 mm;1
263 x 205 mm;1
263 x 336 mm;1
263 x 338 mm;1
263 x 340 mm;1
263 x 361 mm;1
263 x 433 mm;1
265 x 220 mm;1
265 x 333 mm;1
265 x 334 mm;1
267 x 210 mm;1
267 x 214 mm;1
267 x 220 mm;1
268 x 216 mm;1
269 x 221 mm;1
269 x 223 mm;1
269 x 365 mm;1
269 x 369 mm;1
270 x 212 mm;1
270 x 214 mm;1
270 x 218 mm;1
270 x 362 mm;1
270 x 363 mm;1
270 x 364 mm;1
270 x 365 mm;1
270 x 369 mm;1
271 x 174 mm;1
272 x 225 mm;1
272 x 337 mm;1
273 x 222 mm;1
273 x 327 mm;1
274 x 210 mm;1
275 x 219 mm;1
275 x 222 mm;1
275 x 394 mm;1
276 x 218 mm;1
276 x 219 mm;2
276 x 220 mm;1
276 x 221 mm;1
276 x 392 mm;1
277 x 121 mm;1
277 x 210 mm;1
277 x 381 mm;1
277 x 388 mm;1
277 x 392 mm;1
278 x 219 mm;1
278 x 223 mm;1
278 x 226 mm;1
279 x 209 mm;1
279 x 389 mm;1
279 x 395 mm;1
280 x 385 mm;1
281 x 211 mm;1
281 x 224 mm;1
281 x 226 mm;1
281 x 380 mm;1
281 x 382 mm;1
282 x 340 mm;1
282 x 378 mm;1
283 x 195 mm;1
283 x 390 mm;1
283 x 396 mm;1
284 x 145 mm;1
284 x 380 mm;1
284 x 382 mm;1
284 x 384 mm;1
284 x 398 mm;2
285 x 227 mm;1
285 x 359 mm;1
285 x 378 mm;1
285 x 380 mm;2
285 x 388 mm;1
285 x 399 mm;1
286 x 379 mm;1
286 x 380 mm;1
286 x 381 mm;1
286 x 382 mm;1
286 x 386 mm;1
286 x 396 mm;1
287 x 235 mm;1
287 x 388 mm;1
287 x 392 mm;1
287 x 398 mm;1
288 x 200 mm;1
288 x 228 mm;1
288 x 241 mm (ovaal);1
288 x 370 mm;1
288 x 374 mm;1
288 x 378 mm;1
288 x 382 mm;1
288 x 383 mm;1
288 x 391 mm;1
288 x 401 mm;1
289 x 198 mm;1
289 x 380 mm;1
290 x 214 mm;1
290 x 215 mm;1
290 x 224 mm;1
290 x 228 mm;1
290 x 373 mm;1
290 x 375 mm;1
290 x 390 mm;1
290 x 395 mm;1
290 x 403 mm;1
291 x 229 mm;1
291 x 240 mm;1
292 x 203 mm;1
292 x 230 mm;1
292 x 377 mm;1
292 x 385 mm;1
292 x 389 mm;1
293 x 200 mm;1
293 x 226 mm;1
293 x 239 mm;2
294 x 231 mm;1
294 x 385 mm;1
295 x 236 mm;1
297 x 148 mm;1
297 x 395 mm;1
298 x 400 mm;1
298 x 402 mm;1
299 x 400 mm;3
300 x 181 mm;1
305 x 380 mm;1
307 x 225 mm;1
307 x 235 mm;1
310 x 384 mm;1
311 x 416 mm;1
311 x 421 mm;1
312 x 420 mm;1
312 x 421 mm;1
312 x 423 mm;2
313 x 380 mm;1
313 x 421 mm;5
313 x 424 mm;1
313 x 425 mm;1
314 x 421 mm;3
315 x 421 mm;2
316 x 400 mm;1
319 x 251 mm;1
319 x 416 mm;1
323 x 214 mm;1
325 z 381 mm;1
327 x 214 mm;1
340 x 252 mm;1
342 x 284 mm;1
344 x 484 mm;1
346 x 207 mm;1
348 x 273 mm;1
349 x 272 mm;1
352 x 270 mm;1
354 x 290 mm;1
355 x 275 mm;1
357 x 240 mm;1
357 x 282 mm;1
358 x 238 mm;1
360 x 238 mm;1
362 x 147 mm;1
362 x 286 mm;1
363 x 150 mm;1
364 x 231 mm;1
365 x 286 mm;1
367 x 288 mm;1
367 x 294 mm;1
368 x 278 mm;1
368 x 286 mm;1
369 x 270 mm;1
369 x 278 mm;1
370 x 270 mm;1
370 x 275 mm;1
370 x 281 mm;1
371 x 273 mm;1
371 x 281 mm;1
371 x 286 mm;1
372 x 262 mm;1
372 x 271 mm;1
372 x 273 mm;1
372 x 286 mm;1
372 x 400 mm;1
373 x 230 mm;1
373 x 238 mm;1
373 x 281 mm;1
373 x 289 mm;1
373 x 290 mm;1
374 x 249 mm;1
374 x 285 mm;1
374 x 289 mm;1
375 x 259 mm;1
375 x 273 mm;1
375 x 285 mm;1
376 x 274 mm;1
377 x 239 mm;1
377 x 279 mm;1
378 x 242 mm;1
378 x 251 mm;1
378 x 284 mm;1
378 x 287 mm;1
379 x 257 mm;1
379 x 269 mm;1
379 x 284 mm;1
379 x 285 mm;1
379 x 286 mm;1
380 x 212 mm;1
380 x 272 mm;1
380 x 276 mm;1
380 x 282 mm;1
380 x 284 mm;2
380 x 290 mm;3
381 X 288 mm;1
381 x 271 mm;1
381 x 280 mm;1
381 x 282 mm;1
381 x 283 mm;1
381 x 285 mm;2
381 x 286 mm;3
381 x 287 mm;1
381 x 288 mm;1
381 x 290 mm;1
381 x 291 mm;1
381 x 292 mm;1
382 x 290 mm;1
382 x 291 mm;1
382 x 292 mm;1
382 x 310 mm;1
383 x 278 mm;1
383 x 284 mm;1
383 x 287 mm;1
383 x 292 mm;1
383 x 293 mm;1
383 x 295 mm;1
384 x 284 mm;1
384 x 290 mm;1
384 x 291 mm;1
384 x 292 mm;3
385 x 288 mm;1
385 x 290 mm;1
385 x 292 mm;1
385 x 293 mm;3
386 x 175 mm;1
386 x 245 mm;1
386 x 270 mm;1
386 x 273 mm;1
386 x 289 mm;1
386 x 291 mm;2
386 x 292 mm;4
386 x 293 mm;1
386 x 294 mm;2
386 x 297 mm;2
387 x 228 mm;1
387 x 238 mm;1
387 x 288 mm;1
387 x 291 mm;1
387 x 293 mm;1
387 x 294 mm;1
387 x 297 mm;1
387 x 298 mm;1
388 x 227 mm;1
388 x 288 mm;2
388 x 289 mm;1
388 x 290 mm;2
388 x 291 mm;1
388 x 292 mm;1
388 x 294 mm;1
388 x 295 mm;2
389 x 268 mm;1
389 x 272 mm;1
389 x 273 mm;1
390 x 158 mm;1
390 x 280 mm;1
390 x 284 mm;1
390 x 285 mm;1
390 x 288 mm;2
390 x 291 mm;1
391 x 262 mm;1
391 x 285 mm;1
391 x 287 mm;1
391 x 288 mm;3
391 x 290 mm;1
391 x 294 mm;1
392 x 157 mm;1
392 x 216 mm;1
392 x 288 mm;1
393 x 280 mm;1
393 x 287 mm;1
394 x 281 mm;1
394 x 295 mm;1
395 x 280 mm;2
395 x 284 mm;1
395 x 285 mm;1
395 x 286 mm;1
396 x 280 mm;1
396 x 290 mm;1
396 x 306 mm;1
397 x 266 mm;1
397 x 281 mm;2
397 x 289 mm;1
398 x 281 mm;1
398 x 283 mm;1
398 x 294 mm;1
399 x 288 mm;1
399 x 293 mm;1
4 5 inch;1
4 x 5 cm;2
4 x 5 inch;228
4 x 5 inch.;1
4 x 5 nich;1
4 x 6 cm.;22
"4"" x 5""";23
"4""x 5""";10
402 x 290 mm;1
403 x 184 mm;1
404 x 279 mm;1
407 x 336 mm;1
420 x 224 mm;1
425 x 232 mm;1
440 x 276 mm;1
442 x 275 mm;1
450 x 387 mm;1
473 x 334 mm;1
480 x 379 mm;1
490 x 397 mm;1
496 x 264 mm;1
"4x5""";3
5 x 5 cm.;3
5,5 x 8,5 cm.;1
500 x 500 cm;1
510 x 945 mm;1
570 x 274 mm;1
578 x 285 mm;1
6 x 12 cm.;8
6 x 6;161
6 x 6 cm.;2349
6 x 8,5 cm.;2
6 x 9;1
6 x 9 cm.;131
6 x 9cm.;1
6x9 cm;1
7 x7 cm;335
70 x 105 mm;1
77 x 75 mm;1
7x7 cm;3571
8 x 11 cm.;1
8 x 13 cm.;1
89 x 137 mm;1
9 x 15 cm;6
911 x 330 mm;1
93 x 140 mm;1
94 x 148 mm;2
95 x 134 mm;1
95 x 136 mm;3
96 x 136 mm;3
96 x 137 mm;2
96 x 81 mm;1
97 x 134 mm;1
97 x 80 mm;1
98 x 73 mm;1
Afmetingen (vrije tekst);1
Albuminedruk, 220x183 mm;1
Dit is een reprofoto van een afbeelding in de veilingcatalogus van Frederik Muller en Cie. van 16-18 juni 1908, nr. 113.;1
Dubbel record van SHBO-F-KU001-2850;1
Foto ontbreekt, techniek niet bekend;1
GK;5
KB;411
Kleinbeeld;2
Kleinbeeld (24 mm. x 36 mm.);496
N.B.: De KU-2850 foto is gespiegeld;1
Op de foto staan aantekeningen;1
Panorama;1
Tekening: 42 x 25 cm.;1
Waarschijnlijk een 4 x 5 inch grafische dia, maar alleen het digitale bestand is te traceren;2
`;9
aan: diam...duims;10
digitaal;23
ectachroom;22
groot formaat;7
jvand;2
test;1
