;549
10032874;1
101262134;1
101610182;1
10283452;3
10283460;133
102956472;1
103930426;1
104517150;1
10473656;1
105097632;1
105286412;1
105870092;1
105931368;1
106498912;1
106515952;1
106648426;1
106755676;1
106817024;1
107006288;1
107063788;1
107088724;1
107206492;1
107409424;1
107911676;1
108286496;1
108529056;1
108706586;1
108818980;1
109224768;1
109283244;1
109437754;1
10946204;1
110598544;1
111086570;1
111106434;1
111526088;1
111752644;1
111943196;1
112138562;1
112272962;1
112773296;1
112997402;1
113130802;1
113913976;1
114148894;1
114382492;1
114391104;1
114781182;1
115222660;1
115285076;1
115856978;1
116014980;1
11653936;1
11665976;1
116786356;1
117453488;1
117872398;1
117885588;1
118250022;1
11878604;1
119396382;1
119522352;1
119899346;1
120265638;1
121090624;1
121102966;1
122511608;1
122621208;1
123325966;1
124017918;1
12548440;1
125814394;1
126874432;1
12794762;1
128400082;1
128847464;1
129089482;1
129840412;1
131218938;1
131530342;1
133231244;1
134530750;1
13461224;1
1352236;1
135239284;1
13596220;1
136056996;1
136707914;1
139110868;1
139277486;1
140626850;1
141411762;1
141443180;1
142211150;1
14284070;1
143005290;1
14403508;1
14404036;1
145201020;1
145574496;1
14571852;1
146972904;1
14744492;1
148330394;1
14956064;1
15330736;1
15594520;1
15823760;1
16052524;1
160578160;1
16182390;1
16186870;1
162378988;1
163764494;1
16383182;1
16383852;1
1650188;1
165130626;1
165572418;1
16690644;1
16844800;1
16968046;1
171627754;1
175039784;1
17505554;1
175494588;1
177444444;1
177594598;1
178635002;1
178983922;1
179990062;1
18087476;1
181889694;1
182675890;1
182896252;1
183018988;1
18441912;1
184823702;1
185658124;1
185904098;1
18594624;1
186600164;1
1869644;1
189170060;1
189241268;1
189417816;1
18948522;1
189506436;1
189752182;1
190161574;1
190629972;1
190670988;1
191071078;1
191325064;1
191547670;1
193161252;1
193749370;1
194047400;1
194489060;1
195134730;1
197286518;1
198984214;1
199947768;1
2009304;2
201724320;1
202592570;1
202768226;1
203611532;1
203677894;1
203939010;1
204677234;1
204983406;1
20626208;1
20626538;2
206293404;1
206319978;1
206951756;1
207098640;1
207149348;1
207268692;1
207508836;1
207670306;1
208118648;1
208243072;1
208280848;1
208629516;1
209999840;1
210030132;1
210111752;1
210996774;1
211377240;1
211457110;1
212460846;1
212491036;1
212562892;1
213035488;1
213921090;1
214012640;1
214030274;1
214187766;1
214437710;1
21621564;1
216314652;1
21738374;1
217918542;1
218295136;1
218355994;1
21841492;1
218497290;1
218940280;1
21926776;1
219839728;1
220027196;1
220958438;1
22195308;1
22195736;1
221962802;1
222293022;1
22254636;1
223305258;1
224018738;1
22554506;1
225624440;1
22562916;1
225715492;1
2262995;1
227877850;1
229287418;1
230005938;1
230058272;1
230656388;1
230758782;1
230856176;1
230934180;1
231377574;1
231594482;1
232225092;1
23230820;1
232520962;1
233413538;1
233677886;1
234203642;1
234646072;1
234799648;1
234951046;1
23524120;1
2355156;1
235537256;1
235553662;1
235658570;1
23580906;1
235981194;1
236125108;1
237184798;1
237195970;1
237607342;1
238257098;1
23847710;1
238524904;1
239120374;1
239197486;1
239197608;1
240019568;1
240454410;1
240850782;1
241853566;1
244488138;1
244925312;1
24493392;1
245006008;1
24540596;1
24564226;1
24565982;1
246089276;1
246283066;1
246873728;1
247205950;1
247768074;1
247854510;1
248185166;1
248785758;1
249140346;1
249167120;1
249840286;1
251009188;1
251188742;1
252611424;1
25270070;1
252873334;1
25513656;1
25564440;1
25564838;2
25603028;1
25603512;2
256552502;1
258153940;1
259579350;1
26232752;1
262351174;1
262450138;1
26249158;1
26277266;1
26304026;1
263200672;1
26353636;1
26516482;1
26539236;1
2694396;1
269773910;1
27045446;1
27192576;1
274089396;1
27459200;1
275604262;1
276005394;1
276716604;1
27715788;1
27803066;1
27927840;1
28019502;1
28081002;1
2813204;1
2824856;1
28278742;1
28380476;1
28402844;1
28439890;1
28529932;1
286087814;1
286183238;1
2864208;1
28732932;1
28733428;1
28852260;1
29107134;1
29159626;1
29279590;1
29285642;1
29380394;1
29381930;1
29469144;1
2948164;1
29586200;1
29625836;1
2969724;1
29819188;1
29907776;1
29908232;1
29953030;1
29976626;1
29990834;1
30243936;1
3031520;1
3035360;1
3037464;1
30466382;1
30493246;1
30572820;1
30585150;1
30623212;1
30780718;1
30781204;2
30878648;1
30879090;2
30887810;1
31051502;1
3107558;1
31343004;1
31343510;1
31477096;1
31527386;3
31567348;1
31579476;2
31599156;1
31666616;1
31667228;2
31841386;1
31876916;1
31961058;3
31961772;1
31974330;1
32005478;1
32007340;1
32019582;2
320233294;1
32027438;1
32076526;1
32112136;1
32114210;2
32118944;1
32119188;2
32148358;2
32148454;1
32173496;1
32179852;1
32190654;1
32192472;1
32373054;1
32393992;1
32438466;1
32444846;1
32447720;1
32448150;2
32457100;1
32501702;1
32516992;1
32517342;2
32566126;1
32631556;1
32784710;1
32789158;1
32789366;2
32798290;1
32844932;1
32856904;2
32890208;2
32890270;1
32896090;1
32904264;1
32905174;1
32909404;1
32920248;1
32928754;2
32975552;1
33017824;1
33018310;2
33045164;1
33070188;2
33077956;1
33081616;1
33150800;1
33164628;1
3317888;1
33179886;1
33251462;1
33289744;1
33320508;1
33360368;1
33384976;1
33398610;1
33480012;1
33560448;1
33741204;1
33771582;1
3380908;1
33827600;1
33933242;1
33967078;1
34041510;1
34050048;1
340911852;1
34098074;1
34112678;1
34117030;1
34177158;3
34226576;1
34237442;1
34316058;3
34317702;1
34350996;1
34387386;1
34520546;1
34530534;1
3453704;1
3455654;1
34572658;1
3458408;1
34639526;1
34652272;1
34663062;1
34819668;1
34827828;1
34849112;1
34862240;3
34865432;1
34866280;1
34880790;1
34892724;1
34929368;1
35015276;1
35096248;1
35097270;1
35098586;1
35135228;1
35173936;1
35211272;1
35229152;1
35247134;1
35284948;3
35291524;1
35314630;1
35351520;1
3539688;1
35403722;1
35407762;1
35418032;1
35422780;1
35423064;1
35464834;1
35493444;1
35501166;1
35511174;1
35537620;1
35542564;1
35596216;1
35601788;1
35603666;1
35634812;1
35661764;1
35684528;1
35688856;1
35690806;1
35699702;1
35747110;1
35800138;1
35824956;1
35843300;1
3586836;1
35878890;1
35898762;1
35953898;1
35954652;1
36065148;1
3606766;1
36074704;1
36084116;1
3619480;1
36198346;1
36243472;1
36268800;1
36285810;1
36289458;1
36299678;1
36301916;1
36336456;1
36365246;1
36371548;1
36372316;1
36404254;1
36420156;1
3646820;1
36469898;1
36470396;1
3648644;1
364878192;1
36495532;1
36497536;1
36592494;1
36617762;1
36628914;1
36664000;1
36664004;2
36664008;1
36669980;1
36695654;1
36733632;1
36742238;1
36801754;1
36859378;1
36872504;1
36897710;1
36908174;1
36932594;1
36946650;1
36950958;1
36953552;1
36957474;1
36966318;1
37010814;1
37018278;1
37020380;1
37023364;1
37038476;1
37043456;1
37050330;1
37052482;1
37081754;1
37114024;1
37114496;1
37122988;1
37138374;1
37145064;1
37151618;1
3715444;1
37156188;1
37169446;1
37172582;1
37177900;1
37187052;1
37189520;1
37190932;1
37242360;1
37262018;1
37290252;1
37301482;1
37314144;1
37346516;1
37348032;1
37352862;1
37364480;1
37373530;1
37380040;1
37381912;1
37405210;1
37410506;1
37415932;1
37462572;1
37502680;1
37514560;1
37552706;1
37553728;1
37579410;1
37600910;1
37622186;1
37623506;1
37631924;1
37645390;1
37680900;1
37685624;1
37686412;1
37690702;1
37698848;1
37717554;1
37719076;1
37723978;1
37725316;1
37732070;1
37744312;1
37761448;1
37807072;1
37818704;1
37821858;1
37822036;1
37862570;1
37883456;1
37899458;1
37907244;1
37942046;3
37944418;1
37993654;1
38020744;1
38028776;1
38045204;1
38050804;1
38075480;1
38101570;1
38107796;1
38120780;1
38125064;1
38133750;1
38141656;1
38141762;1
38165916;1
38183500;1
38209590;1
38211364;1
38211970;1
38218992;1
38219982;1
38220920;1
38231504;1
38255014;1
38277546;1
38279306;1
38286902;2
38308504;1
38310146;1
38313872;1
38314804;1
38342032;1
38343228;1
38364948;1
38365630;1
3836788;1
38376464;1
38387930;1
38417744;3
38461762;1
38476492;1
38477266;1
38478634;1
38482126;1
38506360;1
38507022;1
38523958;1
38527414;1
38557466;1
38566196;1
38602714;1
38605536;2
38609938;1
38624324;1
38635966;1
38648210;1
38649008;1
38679148;1
38680766;1
38691884;1
38729532;1
38731310;3
38746776;1
3875764;1
38762208;1
38770692;1
38776224;1
38803376;1
38803906;1
38808676;1
38809132;1
38818008;1
38847130;1
38847706;1
3885260;1
38875798;1
38876440;1
38968168;1
3898732;1
38989192;1
39016660;1
39024392;2
39029486;1
39036300;1
39039760;1
39082256;1
39117450;1
39129740;1
39139974;1
39156126;1
39188268;1
39194716;1
39206878;1
3921140;1
39212428;1
3923408;1
39248184;1
39290000;1
3929124;1
39292682;1
39300250;1
39311794;1
39313348;1
39319136;1
39323122;1
39334334;1
39375836;1
39397628;1
39398568;1
39429706;1
39430220;1
39436936;1
3945440;1
39485160;1
395154392;1
39539008;1
39540336;1
39543556;1
39561290;1
39569974;1
39570596;1
39571612;1
39622360;1
39650164;1
39653280;1
39653360;1
39653750;1
39655112;1
39656192;1
39656808;1
39660572;1
39663314;1
39677340;1
39701044;1
39718390;1
39748970;1
39757706;1
39758768;1
39762414;1
39778474;1
39900996;1
39945336;1
39951444;1
39953994;1
39956168;1
39963422;1
39977864;1
39979352;1
39980468;1
39984802;1
39988294;1
39990780;1
39994482;1
40024784;1
40032834;1
4003832;1
40046308;1
40065216;1
40066434;1
40120520;1
40130272;1
40150192;1
4015408;1
40179292;1
40179376;1
40213056;1
40213590;1
40228192;1
40254516;1
40260724;1
40278936;1
40315534;1
40348916;1
40378150;1
40379120;1
40385164;1
40396124;1
40414396;1
40414836;1
40419682;1
40420214;1
40426730;2
40439500;1
40444802;1
40466098;1
40487764;1
40513530;1
40521684;1
40526214;1
40544584;1
40574672;2
40599486;1
4060812;1
40620350;1
40632652;1
40646460;1
40646644;1
40649802;1
40660296;1
40671362;1
4067148;1
40671912;1
40674856;1
40717882;1
40718156;1
40757698;1
40759104;1
40759174;1
40779366;1
40780074;1
40789780;1
40795218;1
40797174;1
40826148;1
40851942;1
40890236;1
40910528;1
40914274;1
40917938;1
40925502;1
40941836;1
40977644;1
40986188;1
41006860;1
4101188;1
41028024;1
41030292;1
41038502;1
4103988;1
41058306;1
41080348;1
41081912;1
41084782;1
41087380;1
41092644;1
41098432;1
41111004;1
41117940;1
41120148;1
41121874;1
41144790;1
41174552;1
41186774;1
41204830;1
4120536;1
41205960;1
41209458;1
41252170;1
41256574;1
41282560;1
41288608;1
41301364;1
41311464;1
41323640;1
41324212;1
41333392;1
41333890;1
41337428;1
41337868;1
41338416;1
41341598;1
41343598;1
41344378;1
41344728;1
41345584;1
41382138;1
41385540;1
41393822;1
41403418;1
41404180;1
41404598;1
41455184;1
41476252;2
41484628;1
41488300;1
41489048;1
41489358;1
41502924;1
41517434;1
41517910;1
41521214;1
41523634;1
41530508;1
41547674;1
41548104;1
41557854;1
41557950;1
41558256;1
41577088;1
41584904;1
41592266;1
41603812;1
41617132;1
41627320;1
41645196;1
41656504;1
41656878;1
41662894;2
41717496;1
41718736;1
41726006;1
41726748;1
41728472;1
41758276;1
41762034;1
41763022;1
41784432;1
41789962;1
41801874;1
41814324;1
41823886;1
41827674;1
41829096;1
41837102;1
41865476;1
41867978;1
41881832;1
41883170;1
41884424;1
41891668;1
41909648;1
41910224;1
41910764;1
4191140;1
41913550;1
41920296;1
41920846;1
41921382;1
41922218;1
41939806;1
41943132;1
41958666;1
41959058;1
41959602;1
41967584;1
41968838;1
41972504;1
41978186;1
41978616;1
41985278;1
41989144;1
42018158;1
42019714;1
42047760;1
42048768;1
42050100;1
42079620;1
42083536;1
42085964;1
42089282;1
42095554;1
42167540;1
42168770;1
42186730;1
42199624;1
42200002;1
42200560;1
42231670;1
42232026;1
42242884;1
42244484;1
42245322;1
42255974;1
42256540;1
42262668;1
42291402;1
42294304;1
42298476;1
42311884;1
42315568;1
423170790;1
4232696;1
42343330;1
42355172;1
42358810;1
42362624;1
42363620;1
42380020;1
42392898;1
42422044;1
42422226;1
42424510;1
42425172;1
42447146;1
42448838;1
42449178;1
42464318;1
42478906;1
42481258;1
42496542;1
42497708;1
42508246;1
42526616;1
42527594;1
42573582;1
42585746;1
42604668;1
42624214;1
42626544;1
42654816;2
42661408;1
42665086;1
42672316;1
42674680;1
42678580;1
42679612;1
42686278;1
42692522;1
42703204;1
42703570;1
42719416;1
42730772;1
42735214;2
42738132;1
42738606;1
42738892;1
42741436;1
42744014;1
42765140;1
42777752;1
42787616;1
42794854;1
42795416;1
42810760;1
42819446;1
42827690;1
42830058;1
42832206;1
42838984;1
42878104;1
42887660;1
42892142;1
42895544;1
42900576;1
42924366;1
4293092;1
42931628;1
42960610;1
42987008;1
4303428;1
43034686;3
43046296;1
43056160;1
43061434;1
43064306;1
43068896;1
43084156;1
43084908;1
43086560;1
43112388;1
43116794;1
43133688;1
43143480;1
43146464;1
43155738;1
43162424;1
43163608;1
43191438;2
43203536;1
43219352;1
43222160;1
43240408;1
43252434;1
43257118;1
43276956;1
43277084;1
43283302;1
43294358;1
43294526;1
43297882;1
43305394;1
43308638;1
43315432;1
43317742;1
43331154;1
43349404;1
43362362;1
4336960;1
43372484;1
43377230;1
43397712;1
4339900;1
43399952;1
43408200;1
43412298;1
43426666;1
43431674;1
43432596;1
43435640;1
43441050;1
43446024;1
43446488;1
43452318;1
43453184;1
43457788;1
43459496;1
43471734;1
43472326;1
43489952;1
43496606;1
4349756;1
43507324;1
43543528;1
43557122;1
43585414;1
43588204;1
43594672;1
43595476;1
43597256;1
43612154;1
43627162;1
43632752;1
43637184;1
43642136;1
43656228;1
43675904;1
43680470;1
43691882;1
4370888;1
43728030;1
43735832;1
43756674;1
43757394;1
43762464;1
43777476;1
43789328;1
43790134;1
43799132;1
43813074;1
43846324;1
43847656;1
43855050;1
43861812;1
43866306;1
43866816;1
4389292;1
43899856;1
43905666;1
43913218;1
43918704;1
43923856;1
43962982;1
4397492;1
43981172;1
43984540;1
43985144;1
43989764;1
44000430;1
44001782;1
44023564;1
44034658;1
44045914;1
44046736;1
44055640;1
44066492;1
44078022;1
44085890;1
44090112;1
44125254;1
44128442;1
44133664;1
44142314;1
44161746;1
44162508;1
44164620;1
44165530;1
44165992;1
44180176;1
44199862;1
4420748;1
44209878;1
44224982;1
44256970;1
44278328;1
44282518;1
4431204;1
44320946;1
44326878;1
44334850;1
44340812;1
4434344;1
44351640;1
4435364;1
4436900;1
44381492;1
44383708;1
44385584;1
44411148;1
44415070;1
44422178;1
44441360;1
44446514;1
44448788;1
44457920;1
44461392;1
44466990;1
44483988;1
44484542;1
44492152;1
44494334;1
44510746;2
44517868;1
44529662;1
44530810;1
44544524;1
44564842;1
44570746;1
44576138;1
44582124;1
44583042;1
44591196;1
44592700;3
44594650;1
44599842;1
44600584;1
44608018;1
44608496;1
44633308;1
44633680;1
44666766;1
44694800;1
44701744;1
44721978;1
44730830;1
44741108;1
44741832;1
44743062;1
44745380;1
44753588;1
44768468;1
44783090;1
44788800;1
44789272;1
44797542;1
44816986;1
44818478;1
44819086;1
44828606;1
44833184;1
44848660;1
44868040;1
44871482;1
44872154;1
44899146;1
44909012;1
44926630;1
44931546;1
44932534;1
44937148;1
44942630;1
44945360;1
44956016;1
44959844;1
44967800;1
44980512;1
44984284;1
44987184;1
45002692;1
45003012;1
45003236;1
45010492;1
45034878;1
45055890;1
45067780;1
45069012;1
4507576;1
45085914;1
45088520;1
45095822;1
45121718;1
45128346;1
45135784;1
45153388;1
45154302;1
45162916;1
45166844;1
45170808;1
45178270;1
45196872;1
45204720;1
45232844;1
45244074;1
45265570;1
45266412;1
45266574;1
45267174;1
45270144;1
45271796;1
45289226;1
45289418;1
45291826;1
45304510;1
45309674;1
45322078;1
45322094;1
45323642;1
45333700;1
45334466;1
45335526;1
45350718;1
45351006;1
45352118;1
45358946;3
45361128;1
45370212;1
45377882;1
45381130;1
45388202;1
45392136;1
45395064;2
45414124;1
45428094;1
45430652;1
45436824;1
45441852;1
4544948;1
45449810;1
45452704;1
45456438;1
45471940;1
45472388;1
45476494;1
45480276;1
45484184;1
4548728;1
45490900;1
4549720;1
45507034;1
45508656;1
45509224;1
45512904;1
45513596;1
45517220;1
45521686;1
45531894;1
45539742;3
45544336;1
45550722;1
45550956;1
45552024;1
45567624;1
45582554;1
45595532;1
45610412;1
45643606;1
45647012;1
45647850;1
45665724;1
45667432;1
45672020;1
45675600;1
45675792;1
45675958;1
45680318;1
45682956;1
45688916;1
45695322;1
45696778;1
45704476;1
45704586;1
45704876;1
45707730;1
45717748;1
45742928;1
45750350;1
45754256;1
45770922;1
45785120;1
45799736;1
45813236;1
45820160;1
45823562;1
45832762;1
45833066;1
45840712;1
45843822;1
45844078;1
45845900;1
45847028;1
45847474;1
45852380;1
45853666;1
45856330;1
45871018;1
45874818;1
45880586;1
45885220;1
4589868;1
45903566;1
45910900;1
45915646;1
45918100;1
45919120;1
45919590;1
45928076;1
45929160;1
45930056;1
45934178;1
45938502;1
45941046;1
45957686;1
45957938;1
45960884;1
45966560;1
45973966;1
45975340;1
45976720;1
45986202;1
45988282;1
4599380;1
45994760;1
45997402;1
45997766;1
46001220;1
46006448;1
46007620;1
46008102;1
46017036;1
46037028;1
46038640;2
46050298;1
46051910;1
46056936;1
46057698;1
46063278;1
46064086;1
46070898;1
46081286;1
46100738;1
46104868;1
46118560;1
46136154;1
46136924;1
46149296;1
46159596;1
46163598;1
46178738;1
46179922;1
46184390;1
46189760;1
46194704;1
46197876;1
46200394;1
46210784;1
46226010;1
46228194;1
46230724;1
46230950;1
46240982;1
46242192;1
46252318;1
4625588;2
46256418;1
46260070;1
46272942;1
46281240;1
46285786;1
46288204;1
46291728;1
46295758;1
46296140;1
46316984;1
46318460;1
46328856;1
46339404;1
46341440;1
46342432;1
46347830;1
46351002;1
46351918;1
46355086;1
46355852;1
46359352;1
4636212;1
46365192;1
46365834;1
46367350;1
46367402;1
46368282;1
46368866;1
46370596;1
46384536;1
46393794;1
46395628;2
46401434;1
46404352;1
46405636;1
46409092;1
46430004;1
46430606;1
46451096;1
46456958;1
46457296;1
46457862;1
46461846;1
46463238;1
46463404;1
46470400;1
46480872;1
46496552;1
46509504;1
46512926;1
46525180;1
46527638;1
46529128;1
46538162;1
46538568;1
46539628;1
46551786;1
46555612;1
46555946;1
46556814;1
46568340;1
46576866;1
46577248;1
46577316;1
46590566;1
46591292;1
46595576;1
46596478;1
46600550;1
46600896;1
46603624;1
46607184;1
46616876;1
46618476;1
46622874;1
46627094;1
46627440;1
46646820;1
46647692;1
46648548;1
46648550;1
46648722;1
46650636;1
46652580;1
46652692;1
46653290;2
4665492;1
46658918;1
46665626;1
46685364;1
46691106;1
46699432;1
46713582;1
46731152;1
46731972;1
46732176;1
46733996;1
46734464;1
46736580;1
46740534;1
46741504;1
46749534;1
46769420;3
46774992;1
46775362;1
46777654;1
4678496;1
46796380;1
46802860;1
46808666;1
46840674;1
46843080;1
46843498;1
46844048;1
46848290;1
46851354;1
46857704;1
46862976;1
46864658;1
46865610;1
46870864;1
46871616;1
46874432;1
46881484;1
46884678;1
46886058;1
46888262;1
46888468;1
46889048;1
4689300;1
4689800;1
46902800;1
46903540;1
46925540;1
46930372;1
46935140;1
46939836;1
46940144;1
46946706;1
46947832;1
46956600;1
46958272;1
46958426;1
46958900;1
46961534;1
46968394;1
46973754;1
46975360;1
46991854;1
46992094;1
46992406;1
46994612;1
47003646;1
47014364;1
47021228;1
47030628;1
47046634;1
47054324;1
47068780;1
4707284;1
47086624;1
47096158;1
47097054;1
47099192;1
47100276;1
47105746;1
47109982;1
47111096;1
47113756;1
47114888;1
47117306;1
47122216;1
47155158;1
47155698;2
47156864;3
47171022;1
471715988;1
47185606;1
47195032;1
47198086;1
47207522;1
47211872;1
47211914;1
47212450;1
47213072;1
47223814;1
47224614;1
47225982;1
47244566;1
47265078;1
47268776;1
47269462;1
47270350;1
47272682;1
47273056;1
47289036;1
47296008;1
47300668;1
47302772;1
47312778;1
47313570;1
47319336;1
47321576;1
47335672;1
47337720;1
47338714;1
47339474;1
47346548;1
47350298;1
47357030;1
47377474;1
47378574;1
47381702;1
47396020;1
47396840;1
47403466;1
47404542;1
47407042;1
47410662;1
47420708;1
47426696;1
47441010;1
47444824;1
47445130;1
47454608;1
47462780;1
47468654;1
47469110;1
47474418;1
47482672;1
47483366;1
47484852;1
47491604;1
47491994;1
47493812;1
47494882;1
47502848;1
47515320;1
47520296;1
47541522;1
47542332;1
47543070;1
47544212;1
47544644;1
47544768;1
47545650;1
47548892;1
47553442;1
47553634;1
47553770;1
4755852;1
47561946;1
47562338;1
47566244;1
47574844;1
47586094;1
47598810;1
47600620;1
47601694;1
47613334;1
47618918;1
47634190;1
47642380;1
47674338;1
47685508;1
47687588;1
47692708;1
47695256;1
47697808;1
47709320;1
47713144;1
47715096;1
47733132;1
47738412;1
4773992;1
47749184;1
4774988;1
47751026;1
47757842;1
47758816;1
47772804;1
47794176;1
47824762;1
47830378;1
47831512;1
47855336;1
47855910;1
47862032;1
47877354;1
47881812;1
47882678;1
47884106;1
47885340;1
47888424;1
47891768;1
47895668;1
47896180;1
47929926;1
47930922;1
47943832;1
47955200;1
47956820;1
47961408;2
47966374;1
47968640;1
47969368;1
47976274;1
47990840;1
48007734;1
48009000;3
48015480;1
48025810;1
48037666;1
48044580;1
48050724;1
48058536;1
48093484;1
48098648;1
4811176;1
48115976;1
48116680;1
48134330;1
48138008;1
48158996;1
48160628;1
48165172;1
48173690;2
48181234;1
48190494;1
48203888;1
4820620;1
48208592;1
48209152;1
48224922;1
48228954;1
48230080;1
48255188;1
48255670;1
48276412;1
48276966;1
48277428;1
48282114;1
48293984;1
48294978;3
48300758;1
48320222;1
48329618;1
48341118;1
48343684;1
48351066;1
48368362;1
48371890;1
48372180;1
48395858;1
48398132;1
48399736;1
48400258;1
48403226;1
48410520;3
48419296;1
48424512;1
48429090;1
48431164;1
48433442;1
48436312;1
48436806;1
48438234;1
48454672;1
48464744;1
48468878;1
48469052;1
48474848;1
48499514;1
48504236;1
48520222;1
48524110;1
48530694;1
48538284;1
48540530;1
48544762;1
48548800;1
48551040;1
48558150;1
48562236;1
48575326;1
48592358;1
48593374;1
48597726;1
4862108;1
48633376;1
48635620;1
486409052;1
4865268;1
4865476;1
48668886;1
48670178;1
48688014;1
48697288;1
48699560;1
48700292;1
48702808;1
48710012;1
48720604;1
48721380;1
48721754;1
48726012;1
48742566;1
48746724;1
4874944;1
48754744;1
48762828;1
48763858;1
48764560;1
48766628;1
48788068;1
48799712;1
48800322;1
48804292;1
48812700;1
48819892;1
48827020;1
48839854;1
48840762;1
48841778;1
48848484;1
48853230;1
48853912;1
48858156;1
48869260;1
48885694;1
48890012;1
48904710;1
48905344;1
48908696;1
48915432;1
48916204;1
48928066;1
48931158;1
48931618;1
48938194;1
48955088;1
48955774;1
48970980;1
48985054;2
48994126;1
48995810;1
49027294;1
49030380;1
49035584;1
4905560;1
49058932;1
49065568;1
4909652;1
49105952;1
49117056;1
49126224;1
49135966;1
49136680;1
49152474;1
49152768;1
49160278;1
49167828;1
49168684;1
49171018;1
49173304;1
49186412;3
49195968;1
49197874;1
49202386;1
49212242;1
49226922;1
49249356;1
49251046;1
4927504;1
49284522;1
49292812;1
49305608;1
49321586;1
49328634;1
49339072;1
49353216;1
49354550;1
49361928;1
49363622;1
49368936;1
49373604;1
49373946;1
49379066;1
49379844;1
4938352;1
49387066;1
49395910;1
49399022;1
49404654;1
4941088;1
49425314;1
49439576;1
49445244;1
49458836;1
49460076;1
49480446;1
4948700;1
49490412;1
49495088;1
49501058;1
49506652;1
49506936;1
49508900;1
49509698;1
49522554;1
49533480;1
49542562;1
49551586;1
49556268;1
49558340;1
49562708;1
49564222;1
49566320;1
49594096;1
49603544;1
49606910;1
49607392;1
49616578;1
49626546;1
49627334;1
49633448;1
49638188;1
49642290;1
49642744;1
49647762;1
49659654;1
49697928;1
49701512;1
49715140;1
49719428;1
49720412;1
49723188;1
49725690;1
49730154;1
49732808;1
49735792;1
49763712;1
49766090;1
49773420;1
49779784;1
49791932;1
49800440;1
49808036;1
49830038;1
49841194;1
4985612;1
49859680;1
49865186;1
49883706;1
49903182;1
49921070;1
49924024;1
49926728;1
49934594;1
49955032;1
49967858;1
49993774;2
4999544;1
49995478;1
49999802;1
50008078;1
50025150;1
50029432;1
50040162;1
50044406;1
50063942;2
50069730;1
50096202;1
50099766;1
50102388;1
50102944;1
50109056;1
50114002;1
50125210;1
50128052;1
50149086;1
50152998;1
50161400;1
50166776;1
50170212;1
50172570;1
50175748;1
50176810;1
50185882;1
50190018;1
50193830;1
50222502;1
50227374;1
50227446;1
50228002;1
50228248;1
50233024;1
50243964;1
50244342;1
50276936;1
5029898;1
50303034;1
5030660;1
50332676;1
50347474;1
50353794;1
50376618;1
50381098;1
50383212;1
50392790;1
50401724;1
50401822;1
50403392;1
50416122;1
50416784;1
50418774;1
50420346;1
50420882;1
50423244;1
50432486;1
50482382;1
50496282;1
50496408;1
50497386;1
50500022;1
50500720;1
50508276;1
50519894;1
50523468;1
50524984;1
50532262;1
50532994;1
50544958;1
50546896;1
50553896;1
50555918;1
50569176;1
50569378;1
50573374;1
50573616;2
50578990;1
50580252;1
50580884;1
50588080;1
50593742;1
50598560;1
50602386;1
50602884;1
50611980;1
5061728;1
50627434;1
50666722;1
50675736;2
50683768;1
50686618;1
50695498;1
50695630;1
50696608;1
50697282;1
5069900;1
50707304;1
50711424;1
50713008;1
50715614;1
50718140;1
50719046;1
50752834;1
50755390;1
50764986;1
5077112;1
50787330;1
50787462;1
50795540;1
50798230;1
50800714;1
50805066;1
50810804;1
50814976;1
50821098;1
50839068;1
50846656;1
50859544;1
50859816;1
50868828;1
50876640;1
50877168;1
50888848;1
50895066;1
50896190;1
50904734;1
5090948;1
50915180;1
50918708;1
50928566;1
50928852;1
50938948;1
50940432;1
5094192;1
50947040;1
50947350;2
50950884;1
50953326;1
50956644;1
50959528;1
50964038;1
50974154;1
50975074;1
5097536;1
50981426;1
50985316;1
5098648;1
5099556;1
51009668;1
51018016;1
51018094;1
51020322;1
5102978;1
51032662;1
51034030;1
51034700;1
51035140;1
51042142;1
51045812;1
51047488;1
51069072;1
51069560;1
51070660;2
51095036;1
51095066;1
51106094;1
51114210;1
51119664;1
51122784;1
51123670;1
51127338;1
51129558;1
51132268;1
51142922;1
51144024;1
51154036;1
51175174;1
51177096;1
51177814;1
51178620;1
51190146;1
51194156;1
51195848;1
51196934;1
51198694;1
51199308;1
51206332;1
51218672;1
51225764;1
51255522;1
51285438;1
51288262;1
51288714;1
51303290;1
51305504;1
51331222;1
51335242;1
51342668;1
5134800;2
51351722;1
51353300;1
51369504;1
51369834;1
51387988;1
51404918;2
51412018;1
51422402;1
51426782;1
51437898;1
51445544;1
51459854;1
51463058;1
51472324;1
5147816;1
51508956;1
51510552;1
51518538;1
51519154;1
51534256;1
51535634;1
51550286;2
51557810;1
51561460;1
5156228;1
51568070;1
51582130;1
51582628;1
51584138;1
51584372;1
51602258;1
51614934;1
51616492;1
51616724;1
51620440;2
5162940;1
51630428;1
51630862;1
51655590;1
5165680;1
51659130;1
51662228;1
51666810;1
51676108;1
5168676;1
51698470;1
51701676;1
51703138;1
51711608;1
51713560;1
51718854;1
51720222;1
51728086;2
51730020;1
5175300;1
51767602;1
5176964;1
51770368;1
5178100;1
5179992;1
51813108;1
51814334;1
51838980;1
51839632;1
5185508;1
51859606;1
51864218;1
5188196;1
51903228;1
51910310;1
51920772;1
51940688;1
51941308;1
51942570;1
51944880;1
51955302;1
51963010;1
5198108;2
51999892;1
52000468;1
52002480;1
52021372;2
52025334;1
52032754;1
52046044;1
52046642;1
52058312;1
52072048;1
52072438;1
52072954;1
52141868;1
52143814;1
52152862;1
52153038;1
52156970;1
52157494;1
52158004;1
52175572;1
5219452;1
52196054;1
52208786;1
52212242;1
52216686;1
52230280;1
52245430;1
5224548;2
52261618;1
5226460;1
52277460;1
52278310;1
52290188;1
52290476;1
52305482;1
5231440;1
52342954;1
52346860;1
52355534;1
52361542;1
52388162;1
52388706;1
52389890;1
52411750;1
52413350;1
5244692;1
52452486;1
5246584;1
52468288;1
52480164;1
52517598;1
52529716;1
5253068;1
5253860;1
52550848;2
52551450;1
52552490;1
52580988;1
52581746;1
52588254;1
52597164;1
52607454;1
52624254;1
52638238;1
52648064;1
52656774;1
52661104;1
52683754;1
5269108;1
52697452;1
52700962;1
52705630;1
52710504;1
52711572;1
52724408;1
52731948;1
52766168;1
52786826;1
52788650;1
52808972;1
52826490;1
52856516;1
52858330;1
52860474;1
52860904;1
52877680;1
52878576;1
52884212;1
52887282;1
52897386;1
5289862;1
52907642;1
52924096;1
52925524;1
52941674;1
52942904;1
52951296;1
5295224;1
52952286;1
52964580;1
52966452;1
5296844;1
52994540;1
5299808;1
5302624;1
5303588;1
53038232;1
53041122;1
53048020;1
53079208;1
53079246;1
53111228;1
53112208;1
53117690;1
53118728;1
5312416;1
5313956;1
53162138;1
53222836;1
53223630;1
53230324;1
53246732;1
5326592;1
53270878;1
53291870;1
5330324;1
53313894;3
53338832;1
53356562;1
53359344;1
53372498;1
5337886;1
5343076;1
5343336;1
5351204;1
53571090;2
53591514;1
53596538;1
53597678;1
53599934;1
5360088;1
53629370;1
53668740;1
53686818;1
53696282;1
5371996;1
53747044;1
53751738;1
53777134;1
5378468;1
5381724;1
53854258;1
53861072;1
5386628;1
53877658;1
53898658;1
53899440;1
53899522;1
53902170;1
53907198;1
53914064;2
5391452;1
53963528;1
53987560;1
54002822;1
5402060;1
54077580;1
54119652;1
54165504;1
54246516;1
54263388;1
54265794;1
5431548;1
5444332;1
54444740;1
5447156;1
54473488;1
54533322;1
54545346;1
54564726;3
5457080;1
5457548;1
5458144;1
5464436;1
54672862;1
5469560;1
5470420;1
54747038;1
54763058;1
5478608;1
54824768;1
54832748;1
54837862;1
54851756;1
54903602;1
54921572;1
54935478;1
5500228;1
5501972;1
5506772;1
5510036;1
55130478;1
5516732;1
55168310;1
5520576;1
5522058;1
5523748;1
5525588;1
55323990;1
5532556;2
5538064;1
5538772;1
55430488;1
55431480;1
55439728;1
55460756;1
5553452;1
5557406;1
55591026;2
55620416;1
5562292;1
5567262;1
5570788;1
5574256;1
5574488;1
55776874;1
5584804;1
5584820;1
5588860;2
5590004;1
55909434;1
5593748;1
5598164;1
5598856;2
5600648;1
5601116;1
56028806;2
560301472;1
5605508;1
5608212;1
5608516;1
5618756;1
5619548;1
5624496;1
5628332;1
5648912;1
5650544;1
5650836;1
5659256;1
56606324;1
56629346;1
5663224;1
5668724;1
56733328;1
5682776;1
5683172;1
5687636;1
5688276;1
56883780;1
5689436;1
5692584;1
5697352;2
5707460;1
5707912;1
5711080;1
5718612;1
57187074;1
5719604;1
5725206;1
57319172;1
5734792;1
5735540;1
5736192;1
5736836;1
5736952;1
5739428;1
5743684;1
5750228;1
5750948;1
5754406;1
5757076;1
5757880;1
57608578;1
5761732;1
57668764;1
5767616;1
5767856;1
57717948;1
5773196;1
5776876;1
5780140;1
5781952;1
5787136;1
5796572;2
5797820;1
5800628;1
5800916;1
5801168;1
5804084;1
5807036;1
5807288;1
5807376;2
5812236;1
58210530;1
5825648;1
5825864;1
5829220;1
5832428;1
5840196;1
58453256;1
5846332;1
58494416;1
5852780;1
5854708;1
5865492;1
5868220;1
5868644;1
5874800;1
5876540;1
5878028;1
58790498;1
5884304;1
5888568;1
5888948;1
5896676;2
5897440;1
5897748;1
5899400;1
5901356;1
5902648;1
5903096;1
5908016;1
5908624;1
5909844;1
5910788;1
5915860;1
5915956;1
5916596;1
5917016;1
5919472;1
5920740;1
5920908;1
5923508;1
5929156;1
5929192;1
5930852;1
59317648;1
5933792;1
5935160;1
5937608;1
5938580;1
5941444;1
5943296;1
5943612;1
5948228;1
5950988;1
59518224;1
5952512;1
5957692;2
5958536;2
5959700;1
5960420;5
5961326;1
5962988;1
5963856;1
5965796;1
5967120;1
5967520;1
5969564;2
5969956;1
5970828;1
5971054;1
5972900;3
5977544;6
5978588;1
59787098;1
5983024;1
5985380;1
59889330;1
5989448;2
5990060;3
5990304;1
5991832;2
5993072;2
5993900;1
5994632;1
5994660;1
5994668;3
5995954;1
5997036;1
5997860;2
6000044;1
6000620;1
6002576;3
6002732;1
6005446;1
6005516;1
6007220;1
6008540;1
6009340;1
6010340;2
6011792;1
6012940;1
60150896;1
6015092;2
6017132;1
6018304;1
6018820;1
6019148;1
6019156;1
6019772;10
6020312;1
6022820;1
6023948;1
6024000;1
6024380;5
6026058;1
6026460;1
6028916;2
6032324;1
6033188;1
6034472;1
6035200;1
6040124;1
6041540;1
6042700;1
6044876;1
6046528;1
6046876;1
6047758;1
6049556;1
6052432;1
6052640;1
6053380;2
6057428;1
6057876;1
6058700;1
6061380;1
6063164;1
6066220;1
6066752;1
6066788;2
6070654;1
6071908;1
6073460;1
6074732;1
6075860;1
6079412;1
6082532;1
6087320;2
6088216;1
6092644;1
6095084;1
60951640;1
6095904;1
6096680;1
6100556;1
61017176;1
6104652;1
6104660;1
6106252;1
6110174;1
6111668;1
6113948;1
6113980;1
6122000;2
6126076;1
6126188;1
6129584;1
6135436;1
6142532;2
6144268;1
6145192;2
6145292;1
6149156;1
6156848;1
6157324;1
6157496;1
6162632;1
6164732;2
6168581;1
61698116;1
6175928;1
6181192;1
6182948;1
6189500;1
6189668;1
6190124;1
6194876;1
6196132;1
6200890;1
6202544;1
6202674;1
6205436;1
62057894;1
6207332;1
6211768;1
6220864;1
6227684;1
6228004;1
6229772;1
6230756;1
6239192;1
6240728;1
6244760;1
6250636;1
6252384;1
6252634;1
6257908;1
62643236;1
6265796;1
6268000;1
62701296;1
6277080;1
6293636;1
62971316;1
6301984;1
6302764;1
6303764;1
6304160;1
63096906;1
63101056;1
63102532;1
6314104;1
6314936;1
63168646;1
6316868;1
6318316;1
6319732;1
6323786;1
63248058;1
6324980;1
6327460;1
6327532;1
6330988;1
6332872;1
6335868;1
6345320;1
6351644;1
6351724;1
63526482;1
6356428;1
6363724;1
6367352;1
6368242;1
6370516;1
6373704;1
6374648;1
6385996;1
6392376;1
6393078;1
6396364;1
6398576;1
64093148;1
6413068;1
6415580;1
6420820;1
6424600;1
6424816;1
6430528;1
6435820;1
6442188;2
6447436;1
6453182;1
6453676;2
64543390;1
6460396;1
6467212;1
6470033;1
6470973;1
6473696;1
6478136;1
6478824;1
6479020;2
6480964;1
6481665;1
6482244;1
6484628;1
6485708;1
6487124;1
6488576;1
6492784;1
6500260;1
6524024;1
6531640;1
6533068;2
6534604;1
6539704;1
6539812;1
6539996;1
6545044;1
6545854;1
6547348;1
6555252;1
6555692;1
6559552;2
6560604;1
6562248;1
6563956;1
6564802;1
6566580;1
6567068;1
6571584;1
6574060;1
6576268;3
6580588;1
6581016;1
6585068;1
6594332;1
6597924;1
6599052;3
6599388;1
6603308;2
6608948;1
6610444;1
6612572;2
6613796;1
6616500;1
6619964;1
6621836;2
6623948;1
6626028;1
6628932;2
6628940;1
6629476;1
6630716;1
6631100;1
6631328;1
6631832;1
6633228;1
6633364;1
6633736;1
6635324;1
6639580;1
6640364;2
6642508;1
6643732;1
6643856;1
6644620;2
6648704;1
6648748;1
6649447;1
6653728;1
6653916;2
6654232;1
6655232;1
6655268;1
6656012;1
6656684;1
6658288;1
6659596;2
6661068;1
6662920;1
6663212;2
6665324;1
6666608;1
6667404;2
6667788;1
6667804;1
6669452;1
6670348;1
6672508;1
6674636;2
6674836;3
6675948;3
6676732;3
6679628;1
6680908;1
6681804;1
6682180;1
6692528;1
6693796;1
6694628;3
6695388;2
6695884;1
6696696;1
6699388;1
6703968;3
6706052;1
6706828;1
6707364;1
6708848;1
6709688;1
6711176;1
6713308;1
6714044;1
6714404;1
6714620;1
6718172;1
6720972;1
6721326;1
6722708;2
6723988;1
6724764;2
6728646;1
6731158;1
6732724;1
6732812;1
6733356;1
67368306;1
6738040;1
6741140;1
6742436;1
6744580;1
6744652;1
6746860;1
6748254;1
6752092;1
6753940;1
6756584;1
6756676;1
6757940;1
6762572;1
6763026;1
6767064;1
6767308;1
6773748;2
6778244;1
6781852;1
67886772;1
6790548;1
6793512;1
6796164;1
6799894;1
6801968;1
6803900;1
6807090;1
6807268;1
6809282;1
68107686;1
6811442;1
6818564;1
6818670;1
6818992;1
6820644;1
6828068;1
6832576;1
6833116;2
6836288;1
6839654;1
6841460;1
6841576;1
6843194;1
6843386;1
6843600;1
6847658;1
6848528;2
6852642;2
6853200;2
6855004;1
6863912;1
6865722;1
6866050;1
6869362;1
6876904;1
6878600;1
6878711;1
6879364;1
68796250;1
6882076;1
6883244;1
6886523;1
6888844;1
6894580;1
6895576;1
6898432;1
6899328;1
69035452;1
6905280;1
69062276;1
6907240;1
6907264;1
6909356;1
6911636;1
6913828;1
6919460;1
6922920;1
6923324;1
6924732;1
6932796;1
6933478;1
6933712;1
6936940;1
6938876;1
6939760;1
6949474;1
6950466;1
6955688;1
6956868;1
6962190;1
6964372;1
6968836;1
6969256;1
6971152;1
6971344;1
6971624;1
6973516;1
6975140;1
6976144;1
6977656;1
6977917;1
6978067;1
6978704;1
6988203;1
6988943;1
6991300;1
6993076;1
6995404;1
6995544;1
6998572;1
6998576;1
7002188;2
7005516;1
7006996;1
7015448;1
7018620;1
7023133;1
7025356;1
7029251;1
7031936;1
7033708;1
7036088;1
7041974;1
7054414;1
7055276;1
7062796;1
7064026;1
7069780;1
7071968;1
7074820;1
70768750;1
7079168;1
7084108;3
7084839;1
7088590;1
7093292;1
7103534;1
7105568;1
7109680;1
7112738;1
7116261;1
7116436;1
7119892;1
7128486;1
7129183;1
7134796;1
7136384;1
7138080;1
7140700;1
7149868;1
7156432;1
7156452;1
7160339;1
7160430;1
7160794;1
7161410;1
7161724;1
7164188;1
7170436;2
7171922;1
7172838;1
7175252;1
7180112;1
7182804;1
7190356;1
7202382;1
7205796;1
7207084;1
7210368;1
7215148;1
7217680;1
72186290;1
7219704;1
7224962;1
7226816;1
7229152;1
7237414;1
7237900;1
7238856;1
7243180;1
7249480;1
7250332;1
7253704;1
7257036;1
7259512;2
7273078;1
7274044;1
7274548;1
7277540;1
7282324;1
7284004;1
7285884;1
7288372;1
7289740;1
7290496;1
7294636;1
7298036;1
7298704;1
7299820;2
7302844;1
7303492;1
7303784;1
7304244;1
7308892;1
7310932;1
73142140;1
7316420;1
7317956;1
7318208;1
7324164;1
7325224;1
7328320;1
7332140;1
7333732;1
73338494;1
7333932;1
7339132;1
7340398;1
7340768;1
7342268;1
7342796;2
7343620;1
7344676;1
7348420;1
7355224;1
7356172;1
7357220;1
7357816;2
7359620;1
7361108;1
7361124;1
7361308;1
7363618;1
7367540;1
7369792;1
7370204;1
7371147;1
7371572;1
7371748;1
7372290;1
7373156;1
7373964;1
7375102;1
7375532;1
7375838;1
7377752;1
7379956;1
7383204;1
7383340;1
7383562;1
7384420;1
7385960;1
7389956;1
7392068;1
7394032;2
7394140;2
7394300;1
7395892;1
7397950;2
7400800;1
7403998;1
7407140;1
7407454;1
7407768;1
7408204;1
7408340;2
7408612;1
7409896;1
7412948;1
7415302;1
7416460;1
7418804;2
7420324;1
7422332;1
7431655;1
7432220;1
7434316;1
7438276;1
7438812;1
7438876;1
7438912;1
7441114;2
7441456;1
7444794;1
7445536;1
7445544;1
7447228;1
7448868;1
7454304;1
7455200;1
7455692;1
7455716;1
7456204;1
7456380;1
7456540;1
7456684;1
7459552;1
7459876;1
7462146;1
7462936;1
7463620;1
7465180;1
7465484;1
7465580;1
7466180;1
7466680;1
7467292;1
7468876;1
7470212;1
7471912;2
7472272;1
7472620;1
7474156;1
7476788;1
7477200;1
7477846;1
7478230;1
7478964;1
7480640;1
7481188;1
7482436;1
7485516;1
7486116;1
7489532;1
7489856;1
7492348;1
7500814;1
7503860;1
7503868;1
75051400;1
7505732;1
7507816;1
7512020;1
7512424;1
7513128;1
7517768;1
7521016;1
7523416;1
7524680;1
7525827;1
7526596;1
7529282;1
7531058;1
7532416;1
7532500;13
7535308;1
7535486;1
7537076;2
7543326;1
7543492;1
7544180;1
7550736;1
7551676;2
7552612;1
7554940;1
7562152;1
7563016;1
7564396;1
75650698;1
7565500;1
7570190;1
7572892;1
7576780;2
7577156;1
7577372;2
7577380;56
7578056;2
7584888;3
7590396;2
7592936;1
7599140;1
7603576;1
7605376;6
7608204;1
7610416;1
7612876;1
7616908;1
7619036;8
7619328;1
7620618;1
7622176;2
7624036;1
7625868;4
7626012;2
7626476;1
7627780;1
7630608;1
7630732;2
7632696;13
7635420;2
7635724;3
7637676;1
7639660;4
7644364;1
7644600;1
7645157;1
7646356;15
7646860;1
7648884;1
7653308;1
7657372;1
7660016;15
7662636;1
7662778;1
7676801;1
7687336;45
7687452;1
7692272;1
7694680;1
7705592;1
7708722;1
7710894;1
7712084;1
7716916;1
7734140;1
7747084;1
7757152;1
7757596;1
7758866;1
7762608;1
7763064;1
7763105;1
7767676;1
7775128;1
7776556;1
7781536;1
7784376;1
7784744;1
7785676;1
7794960;1
7802380;1
7821530;1
7823980;1
7830136;1
7832482;1
7833052;1
7837548;1
7841150;1
7842376;1
7845436;1
7848620;1
7849633;1
7849777;1
7851340;1
7856452;1
78594996;1
7859656;1
7864180;1
7868926;1
7869628;1
7872780;1
7874596;1
7874612;1
7874750;1
7874926;1
7875106;1
7878412;1
7882500;1
7885072;1
7887550;1
7893064;1
7893368;1
7895596;1
7899016;1
7901460;1
7902176;1
7903092;1
7912396;1
7916428;1
7917080;1
7917474;1
7921720;1
7924492;1
7926236;1
7935133;1
7935722;1
7937956;1
7938622;1
7939384;1
7940096;1
7940472;1
7945620;1
7950248;1
7950384;1
7957432;1
7964832;1
7973808;1
7989194;1
7991410;1
7995016;1
8002834;1
8005132;2
8010680;1
8012220;1
8012872;1
8021800;1
8026836;1
8037504;1
8041274;1
8044660;1
8049740;1
8052508;1
8060428;1
8064316;1
8065340;1
8068312;1
80699720;1
8075548;1
8078896;1
8084116;1
8085996;1
8093332;1
8093696;1
8096188;1
8099836;1
8101098;1
8102028;1
8103768;1
8110324;1
8115796;1
8117812;1
81294;1
8136172;1
81372864;1
8146576;1
8146872;1
8149900;1
8153884;1
81569268;1
8157556;1
81586548;1
8172712;1
81854184;1
8192576;1
82023520;1
82053628;1
82064304;1
82071684;1
8210844;1
8212636;2
8216092;1
8217100;1
8223704;1
82246464;1
82256500;1
82290816;1
8232348;1
8233228;1
8235388;1
82355644;1
82356684;1
82419560;1
8245108;1
8246136;1
82483740;1
82495752;1
8252820;1
82646556;1
82653040;1
8265328;3
82659944;1
82661784;1
82667760;1
82671256;1
82676040;1
8267716;2
8269876;1
82750608;1
82786180;1
82791552;1
8279596;1
82818600;1
82836552;1
82848636;1
82897100;1
82902552;1
82904636;1
8290560;1
82942384;1
82942804;1
82960828;1
82960940;1
83004476;1
8303128;1
83060856;1
8307800;1
83098600;1
8310970;1
83141784;1
83143988;1
8316088;1
83175596;1
8317576;1
8318740;1
8320636;1
83212076;1
83219496;1
83219784;1
83257408;1
8326008;1
8328736;1
83295208;1
83297192;1
83320484;1
8334028;1
83384480;1
8339068;1
83435532;1
83450304;1
83493284;1
8349880;1
83507256;1
83512824;1
8353376;1
83538096;1
8355268;1
83598744;1
8363404;3
8367004;1
8368876;2
8369752;1
83715532;1
8373136;1
8373772;1
83739844;1
83745248;1
8383384;1
83839960;1
8384824;1
83865494;1
8386756;1
8388408;1
8390698;1
8392396;1
84002656;1
8400516;1
84006844;1
8401852;1
8402200;1
84077124;1
84077544;1
8410792;1
8427556;1
8432040;1
8433796;1
84365052;1
84416320;1
84429432;1
8444196;1
8444608;1
8445056;1
84451692;1
8449444;1
8456392;1
8458452;1
8458804;1
84613388;1
8462024;1
84622548;1
8466476;1
84702784;1
8471420;1
8471440;1
84723484;1
84760352;1
8477776;2
84781512;1
8480512;1
8480716;1
8481772;1
8481916;1
8484364;1
84873192;1
8488116;1
84884064;1
8488644;1
8489228;1
8489260;1
84897764;1
8491420;1
84923256;1
84953504;1
84965648;1
8497324;1
8498620;1
85024728;1
85025624;1
8502796;1
8508364;1
85088040;1
85093660;1
8511256;1
85117920;1
8515468;1
85194072;1
8521228;2
85241940;1
85246392;1
8524756;1
8527476;1
8530948;1
85320516;1
85363532;1
85383808;1
8539660;2
85396756;1
85438708;1
85451204;1
8546284;1
8546356;1
8550496;1
85507572;1
8558092;1
8559244;1
8566012;1
8578584;1
8579836;1
8584264;1
8585596;1
8591428;1
8596612;1
8596656;1
8596984;1
8599708;1
8601148;1
8604888;1
86084772;1
8609148;1
8613388;1
8615220;1
8625376;1
8625980;1
8636356;1
8637724;1
8639020;2
8640244;1
8650252;1
8651856;1
8653276;1
8657272;1
8664716;1
8665872;1
86711320;1
8673004;1
8675524;1
8676676;1
8679456;1
86818232;1
8688832;1
8690688;1
8692588;1
8699400;1
8702668;1
8705548;1
8707212;1
8717428;1
8719948;1
8722548;1
87235284;1
8724556;1
87256926;1
87264684;1
8729164;1
8735064;1
8736616;1
8742412;1
8743444;1
8743780;1
8750476;1
8750928;1
8760844;1
87643584;1
8764876;1
8766784;1
8767756;1
8768656;1
8781796;1
8782764;1
8782948;1
8784660;1
8788996;1
8797292;1
87985532;1
8800156;1
8803288;1
8805016;2
8805808;1
8807608;2
88086520;1
8814844;1
8815456;1
88180552;1
8821540;2
8823196;1
8825140;1
8830440;1
8832888;1
8834572;1
8835760;2
88374608;1
8838844;1
8838892;1
8839792;2
8841824;1
8842060;1
8848024;1
8854156;1
8858296;1
8859556;1
8861696;1
8861716;1
8866120;1
8867656;1
8868752;1
8873596;1
88740196;1
8874568;1
8877052;1
8877736;1
8886580;1
8889868;2
8891956;1
8894548;1
8895268;1
8899852;1
8906948;1
8908676;1
89112582;1
8914096;1
8914636;1
89186900;1
8920396;1
8921616;1
8926416;1
8928676;1
8930324;1
89334920;1
8937680;1
8939100;1
8940172;1
8947036;1
8947864;1
8948620;1
8951428;1
8959684;1
8964196;1
8965188;1
8965396;1
8966188;1
8968636;1
8968828;1
8974816;1
8979112;1
89793246;1
8982028;1
8983756;3
8984504;1
8984512;1
8985196;1
8985808;2
8986816;1
8999524;2
9001324;1
9002116;1
9002332;1
9002836;1
9003484;2
9005644;1
9006004;1
9010316;1
9017992;1
90188776;1
9019720;2
9020476;1
9021772;1
9023176;1
9023752;1
9036432;1
9037600;1
9040996;3
9056512;1
90589684;1
9059212;1
9059788;2
9059968;1
9064604;1
9068792;1
9070772;1
90711864;1
9073668;1
9075556;1
9077068;1
9077428;1
9077716;3
9077932;1
9078076;2
9078148;1
9084736;1
9085296;1
9093304;1
9094456;1
9094924;1
9095644;2
9095896;1
9096184;1
9101764;1
9104504;1
9108076;1
9111700;1
9112780;1
9113212;2
9113572;1
9113860;1
9114076;1
9114220;3
9114292;2
9115336;1
9123634;1
9129992;1
9130096;1
9130636;1
9131104;2
9131500;1
9131824;3
9132076;3
9132256;1
9132364;1
9132400;3
91435228;1
9143592;1
9146376;1
91465192;1
9147076;1
9147288;1
9148996;1
9149428;4
9149788;2
9150076;2
9150292;2
9150436;5
9150508;2
9159204;1
9164572;1
9165324;1
9165588;1
9167752;1
9168328;2
9168508;2
9168616;3
9168652;2
9176088;1
9180352;1
9180744;1
9183708;2
9184204;2
9186076;2
9186364;2
9186580;6
9186724;5
9186796;10
9189828;1
91933568;1
9203680;1
9204076;2
9204400;3
9204652;5
9204832;8
9204940;6
9204976;1
9217000;1
9219376;1
9219432;1
9219712;1
9220060;1
9221140;1
9221644;1
9222076;2
9222436;2
9222724;10
9222932;1
9222940;11
9223084;7
9223148;1
9223156;17
9237736;1
9237784;1
9238032;1
9238456;1
9239608;2
9240076;2
9240796;5
9241048;8
9241228;14
9241320;1
9241336;24
9241372;14
9250150;1
9250372;2
9253036;1
9255856;1
9256140;1
9256348;4
9256548;2
9256552;4
9258508;2
9258868;5
9259148;1
9259156;8
9259364;1
9259372;18
9259516;20
9259584;1
9259588;34
9268696;1
9269396;1
9273928;1
9274492;2
9274668;1
9274756;2
9274800;1
9276544;2
9276940;2
9277264;14
9277516;15
9277688;1
9277696;27
9277740;1
9277796;1
9277804;38
9277832;1
9277840;20
9280828;2
9283564;1
92861866;1
9286912;1
9286968;1
9289756;1
9289948;1
9292000;4
9292636;3
9292848;2
9292900;1
9292968;1
9292984;3
9293000;1
9293044;2
9293052;1
9294580;2
9295012;1
9295372;4
9295660;12
9295868;1
9295876;22
9296004;1
9296012;1
9296020;51
9296076;1
9296092;46
9296104;1
9298392;1
9298768;1
9299128;2
9302048;1
9305184;1
9305236;1
9308260;2
9308284;1
9308288;1
9311028;3
9311124;1
9311176;1
9311304;4
9311328;1
9311332;3
9313480;1
9313804;11
9314048;1
9314056;22
9314236;58
9314316;1
9314336;1
9314344;61
9314376;1
9314380;28
9314384;1
9317400;1
9320476;1
9323148;1
9323184;1
9323416;1
9326352;1
9326476;1
9326576;2
9328924;2
9329208;6
9329416;1
9329536;1
9329556;2
9329612;1
9329616;4
9329620;7
9329628;1
9331588;1
9331948;5
9332236;18
9332444;1
9332452;57
9332588;1
9332596;73
9332660;1
9332668;78
93335356;1
9338102;1
9338680;3
9338716;1
9338744;2
9338780;2
9341676;1
9341776;3
9341828;4
9344744;1
9344764;1
9347388;4
9347632;7
9347784;2
9347808;6
9347896;2
9347908;2
9347940;2
9350092;2
9350408;1
9350416;4
9350668;28
9350848;60
9350852;1
9350956;84
9350992;53
9353992;2
9354040;3
9356620;1
9357004;2
9357020;1
9357076;2
9357104;1
9359976;1
9360128;1
9360156;1
9360612;1
9362988;1
9363132;1
9364708;1
9365848;3
9366060;5
9366180;3
9366196;1
9366256;1
9366264;1
9368884;11
9368888;1
9369100;40
9369104;1
9369228;3
9369244;61
9369276;1
9369292;1
9369300;2
9369308;3
9369316;89
9369320;1
9369328;1
9372076;1
9372228;1
9372292;1
9372316;1
9372328;2
9372372;1
9372376;2
9375152;1
9375288;1
9375392;1
9381436;2
9381560;1
9384064;1
9384112;1
9384312;2
9384460;1
9384464;1
9384484;9
9384508;1
9384560;3
9384576;2
9384588;3
9384612;1
9384616;1
9387100;2
9387344;1
9387352;13
9387452;1
9387532;46
9387576;2
9387640;59
9387652;4
9387676;24
9387680;1
9390396;1
9390708;1
9390716;1
9396480;1
9396676;1
9396804;1
9396852;1
9399820;1
9399840;1
9399920;1
9402564;1
9402772;2
9402828;1
9402912;4
9402928;8
9402972;2
9402976;7
9405316;1
9405604;5
9405820;19
9405956;1
9405964;40
9405968;1
9405996;1
9406036;36
9412028;1
9414964;2
9415080;1
9415208;1
9415232;1
9418204;5
9418276;3
9418304;2
9421024;1
9421060;2
9421212;1
9421236;2
9421324;1
9421336;1
9424108;4
9424280;2
9424288;20
9424388;1
9424396;24
9424432;11
9427344;1
9433452;1
9433476;2
9433560;1
9433576;4
9433628;5
9436620;2
9436692;1
9439560;2
9439696;1
9439756;1
9439764;1
9442108;1
9442612;6
9442756;10
9442828;16
9448876;3
9448952;4
9458056;1
9458160;1
9458188;1
9460936;3
9461116;4
9461224;3
9461228;1
9461260;4
9473544;1
9476416;2
9476556;2
9479676;1
9479692;1
9498160;1
95163186;1
9520496;1
9522764;1
9525828;1
9535132;1
95408484;1
9550348;1
9629292;1
9634568;4
9639956;1
9669164;1
9820976;10
98533474;1
9883824;1
99961778;1
