;18
987654321;1
AD-001;1
AD-0012;1
AD-0013;1
AD-0015;1
AD-0016;1
AD-0017;1
AD-0019;1
AD-002;1
AD-0020;1
AD-0022;1
AD-0024;1
AD-0026;1
AD-0027;1
AD-0029;1
AD-003;1
AD-0032;1
AD-0035;1
AD-0037;1
AD-0038;1
AD-004;1
AD-0041;1
AD-0042;1
AD-0046;1
AD-0049;1
AD-005;1
AD-0053;1
AD-0054;1
AD-0056;1
AD-0057;1
AD-0059;1
AD-006;1
AD-0060;1
AD-0065;1
AD-0067;1
AD-007;1
AD-0070;1
AD-0071;1
AD-0073;1
AD-0075;1
AD-0076;1
AD-0078;1
AD-008;1
AD-0080;1
AD-0081;1
AD-0083;1
AD-0084;1
AD-0085;1
AD-0088;1
AD-0089;1
AD-009;1
AD-0091;1
AD-0098;1
AD-010;1
AD-011;1
AD-014;1
AD-018;1
AD-021;1
AD-023;1
AD-025;1
AD-028;1
AD-030;1
AD-031;1
AD-033;1
AD-034;1
AD-036;1
AD-039;1
AD-040;1
AD-043;1
AD-044;1
AD-045;1
AD-047;1
AD-048;1
AD-050;1
AD-051;1
AD-052;1
AD-055;1
AD-058;1
AD-061;1
AD-062;1
AD-063;1
AD-064;1
AD-066;1
AD-068;1
AD-069;1
AD-072;1
AD-074;1
AD-077;1
AD-079;1
AD-082;1
AD-086;1
AD-087;1
AD-092;1
AD-093;1
AD-094;1
AD-095;1
AD-096;1
AD-097;1
AD-099;1
AD-100-r;1
AD-100-v;1
AD-101;1
AD-102;1
AD-103;1
AD-104;1
AD-105;1
AD-106;1
AD-107;1
AD-108;1
AD-109;1
AD-110;1
AD-111;1
AD-112;1
AD-113;1
AD-114;1
AD-115;1
AD-116;1
AD-117;1
AD-118;1
AD-119;1
AD-120;1
AD-121;1
AD-122;1
AD-123;1
AD-124;1
AD-125;1
AD-126;1
AD-127;1
AD-128;1
AD-129;1
AD-130;1
AD-131;1
AD-132-v;1
AD-132r;1
AD-133;1
AD-134;1
AD-135;1
AD-136;1
AD-137;1
AD-138;1
AD-139;1
AD-140;1
AD-141;1
AD-142;1
AD-143;1
AD-144;1
AD-145;1
AD-146;1
AD-147;1
AD-148;1
AD-149;1
AD-150;1
AD-151;1
AD-152;1
AD-153;1
AD-154;1
AD-155;1
AD-156;1
AD-157;1
AD-158;1
AD-159;1
AD-160;1
AD-161;1
AD-162;1
AD-163;1
AD-164;1
AD-165-r;1
AD-165-v;1
AD-166-r;1
AD-166-v;1
AD-167;1
AD-168;1
AD-169-r;1
AD-169-v;1
AD-170-r;1
AD-170-v;1
AD-171;1
AD-172;1
AD-173;1
AD-174;1
AD-175;1
AD-176;1
AD-177;1
AD-178;1
AD-179;1
AD-180;1
AD-181;1
AD-182;1
AD-183;1
AD-184;1
AD-185;1
AD-186;1
AD-187;1
AD-188;1
AD-189;1
AD-190;1
AD-191;1
AD-192;1
AD-193;1
AD-194;1
AD-195;1
AD-196;1
AD-197;1
AD-198;1
AD-199;1
AD-200;1
AD-201;1
AD-202;1
AD-203;1
AD-204;1
AD-205;1
AD-206;1
AD-207;1
AD-208;1
AD-209;1
AD-210;1
AD-211;1
AD-212;1
AD-213;1
AD-214;1
AD-215;1
AD-216;1
AD-217;1
AD-218;1
AD-219;1
AD-220;1
AD-221;1
AD-222;1
AD-223;1
AD-224;1
AD-225;1
AD-226;1
AD-227;1
AO-001;1
AO-002;1
AO-003;1
AO-004;1
AO-005;1
AO-006;1
AO-007;1
AO-008;1
AO-009;1
AO-010;1
AO-011;1
AO-012;1
AO-013;1
AO-014;1
AO-015;1
AO-016;1
AO-017;1
AO-018;1
AO-019;1
AO-020;1
AO-021;1
AO-022;1
AO-024;1
AO-024a;1
AO-025;1
AO-026;1
AO-027;1
AO-028;1
AO-029;1
AO-030;1
AO-031;1
AO-032;1
AO-033;1
AO-034;1
AO-035;1
AO-036;1
AO-037;1
AO-038;1
AO-039;1
AO-040;1
AO-041;1
AO-042;1
AO-043;1
AO-044;1
AO-045;1
AO-046;1
AO-047;1
AO-048;1
AO-049;1
AO-050;1
AO-051;1
AO-052;1
AO-053;1
AO-054;1
AO-055;1
AO-056;1
AO-057;1
AO-058;1
AO-059;1
AO-060;1
AO-061;1
AO-062;1
AO-064;1
AO-065;1
AO-066;1
AO-067;1
AO-068;1
AO-069;1
AO-070;1
AO-071;1
AO-072r;1
AO-073;1
AO-074;1
AO-075;1
AO-076;1
AO-077;1
AO-078;1
AO-079;1
AO-080;1
AO-081;1
AO-082;1
AO-083;1
AO-084;1
AO-085;1
AO-086;1
AO-087;1
AO-088;1
AO-089;1
AO-090;1
AO-091;1
AO-092;1
AO-093;1
AO-094;1
AO-095;1
AO-096;1
AO-097;1
AO-098;1
AO-099;1
AO-100;1
AO-101;1
AO-102;1
AO-103;1
AO-104;1
AO-105;1
AO-106;1
AO-107;1
AO-108;1
AO-109;1
AO-110;1
AO-111;1
AO-112;1
AO-113;1
AO-114;1
AO-115;1
AO-116;1
AO-117;1
AO-118;1
AO-119;1
AO-120;1
AO-121;1
AO-122;1
AO-123;1
AO-124;1
AO-125;1
AO-126;1
AO-127;1
AO-128;1
AO-129;1
AO-130;1
AO-131;1
AO-132;1
AO-133;1
AO-134;1
AO-135;1
AO-136;1
AO-136a;1
AO-137;1
AO-138;1
AO-139;1
AO-140;1
AO-141;1
AO-142;1
AO-143;1
AO-144;1
AO-145;1
AO-146;1
AO-147;1
AO-148;1
AO-149;1
AO-150;1
AO-151;1
AO-152;1
AO-154;1
AO-155;1
AO-156;1
AO-157;1
AO-158;1
AO-159;1
AO-160;1
AO-161;1
AO-162;1
AO-162a;1
AO-163;1
AO-164;1
AO-165;1
AO-166;1
AO-167;1
AO-168;1
AO-169;1
AO-170;1
AO-171;1
AO-172;1
AO-173;1
AO-174;1
AO-175;1
AO-176;1
AO-177;1
AO-178;1
AO-179;1
AO-180;1
AO-181;1
AO-182;1
AO-183;1
AO-184;1
AO-185;1
AO-186;1
AO-187;1
AO-188;1
AO-189;1
AO-190;1
AO-191;1
AO-192;1
AO-193;1
AO-194;1
AO-195;1
AO-196;1
AO-197;1
AO-198;1
AO-199;1
AO-200;1
AO-201;1
AO-202;1
AO-203;1
AO-204;1
AO-205;1
AO-206;1
AO-207;1
AO-208;1
AO-209;1
AO-210;1
AO-211;1
AO-212;1
AO-213;1
AO-214;1
AO-215;1
AO-216;1
AO-217;1
AO-218;1
AO-219;1
AO-220;1
AO-221;1
AO-222;1
AO-222a;1
AO-223;1
AO-224;1
AO-225;1
AO-226;1
AO-227;1
AO-228;1
AO-229;1
AO-231;1
AO-232;1
AO-233;1
AO-234;1
AO-235;1
AO-236;1
AO-237;1
AO-238;1
AO-239;1
AO-240;1
AO-241;1
AO-242;1
AO-243;1
AO-244;1
AO-245;1
AO-246;1
AO-247;1
AO-248;1
AO-249;1
AO-250;1
AO-251;1
AO-252;1
AO-253;1
AO-254;1
AO-255;1
AO-256;1
AO-257;1
AO-258;1
AO-259;1
AO-260;1
AO-261;1
AO-262;1
AO-263;1
AO-264;1
AO-265;1
AO-266;1
AO-267;1
AO-268;1
AO-269;1
AO-270;1
AO-271;1
AO-272;1
AS-0001;1
AS-0002;1
AS-0003;1
AS-0004;1
AS-0005;1
AS-0006;1
AS-0007;1
AS-0008;1
AS-0009;1
AS-0010;1
AS-0011;1
AS-0012;1
AS-0013;1
AS-0014;1
AS-0015;1
AS-0016;1
AS-0017;1
AS-0018;1
AS-0019;1
AS-0020;1
AS-0030;1
AS-0031;1
AS-0032;1
AS-0033;1
AS-0034;1
AS-0035;1
AS-0036;1
AS-0037;1
AS-0038;1
AS-0039;1
AS-0040;1
AS-0041;1
AS-0042;1
AS-0043;1
AS-0044;1
AS-0045;1
AS-0046;1
AS-0047;1
AS-0048;1
AS-0049;1
AS-0050;1
AS-0051;1
AS-0052;1
AS-0053;1
AS-0054;1
AS-0055;1
AS-0056;1
AS-0057;1
AS-0058;1
AS-0059;1
AS-0060;1
AS-0061;1
AS-0062;1
AS-0063;1
AS-0064;1
AS-0065;1
AS-0066;1
AS-0067;1
AS-0068;1
AS-0069;1
AS-0070;1
AS-0071;1
AS-0072;1
AS-0073;1
AS-0074;1
AS-0075;1
AS-0076;1
AS-0077;1
AS-0078;1
AS-0079;1
AS-0080;1
AS-0081;1
AS-0082;1
AS-0083;1
AS-0084;1
AS-0085;1
AS-0086;1
AS-0087;1
AS-0088;1
AS-0089;1
AS-0090;1
AS-0091;1
AS-0092;1
AS-0093;1
AS-0094;1
AS-0095;1
AS-0096;1
AS-0097;1
AS-0098;1
AS-0099;1
AS-0100;1
AS-0111;1
AS-0112;1
AS-0113;1
AS-0114;1
AS-0115;1
AS-0116;1
AS-0117;1
AS-0118;1
AS-0119;1
AS-0120;1
AS-0121;1
AS-0122;1
AS-0123;1
AS-0124;1
AS-0125;1
AS-0126;1
AS-0127;1
AS-0128;1
AS-0129;1
AS-0130;1
AS-0131;1
AS-0132;1
AS-0133;1
AS-0134;1
AS-0135;1
AS-0136;1
AT-0001;1
AT-0002;1
AT-0003;1
AT-0004;1
AT-0005;1
AT-0006;1
AT-0007;1
AT-0008;1
AT-0009;1
AT-0010;1
AT-0011;1
AT-0012;1
AT-0013;1
AT-0014;1
AT-0015;1
AT-0016;1
AT-0017;1
AT-0018;1
AT-0019;1
AT-0020;1
AT-0021;1
AT-0022;1
AT-0023;1
AT-0024;1
AT-0025;1
AT-0026;1
AT-0027;1
AT-0028;1
AT-0029;1
AT-0030;1
AT-0031;1
AT-0032;1
AT-0033;1
AT-0034;1
AT-0035;1
AT-0036;1
AT-0037;1
AT-0038;1
AT-0039;1
AT-0040;1
AT-0041;1
AT-0042;1
AT-0043;1
AT-0044;1
AT-0045;1
AT-0046;1
AT-0047;1
AT-0048;1
AT-0049;1
AT-0050;1
AT-0051;1
AT-0052;1
AT-0053;1
AT-0054;1
AT-0055;1
AT-0056;1
AT-0057;1
AT-0058;1
AT-0059;1
AT-0060;1
AT-0061;1
AT-0062;1
AT-0063;1
AT-0064;1
AT-0065;1
AT-0066;1
AT-0067;1
AT-0068;1
AT-0069;1
AT-0070;1
AT-0071;1
AT-0072;1
AT-0073;1
AT-0074;1
AT-0075;1
AT-0076;1
AT-0077;1
AT-0078;1
AT-0079;1
AT-0080;1
AT-0081;1
AT-0082;1
AT-0083;1
AT-0084;1
AT-0085;1
AT-0086;1
AT-0087;1
AT-0088;1
AT-0089;1
AT-0090;1
AT-0091;1
AT-0092;1
AT-0093;1
AT-0094;1
AT-0095;1
AT-0096;1
AT-0097;1
AT-0098;1
AT-0099;1
AT-0100;1
AT-0101;1
AT-0102;1
AT-0103;1
AT-0104;1
AT-0105;1
AT-0106;1
AT-0107;1
AT-0108;1
AT-0109;1
AT-0110;1
AT-0111;1
AT-0112;1
AT-0113;1
AT-0114;1
AT-0115;1
AT-0116;1
AT-0117;1
AT-0118;1
AT-0119;1
AT-0120;1
AT-0121;1
AT-0122;1
AT-0123;1
AT-0124;1
AT-0125;1
AT-0126;1
AT-0127;1
AT-0128;1
AT-0129;1
AT-0130;1
AT-0131;1
AT-0132;1
AT-0133;1
AT-0134;1
AT-0135;1
AT-0136;1
AT-0137;1
AT-0138;1
AT-0139;1
AT-0140;1
AT-0141;1
AT-0142;1
AT-0143;1
AT-0144;1
AT-0145;1
AT-0146;1
AT-0147;1
AT-0148;1
AT-0149;1
AT-0150;1
AT-0151;1
AT-0152;1
AT-0153;1
AT-0154;1
AT-0155;1
AT-0156;1
AT-0157;1
AT-0158;1
AT-0159;1
AT-0160;1
AT-0161;1
AT-0162;1
AT-0163;1
AT-0164;1
AT-0165;1
AT-0166;1
AT-0167;1
AT-0168;1
AT-0169;1
AT-0170;1
AT-0171;1
AT-0172;1
AT-0173;1
AT-0174;1
AT-0175;1
AT-0176;1
AT-0177;1
AT-0178;1
AT-0179;1
AT-0180;1
AT-0181;1
AT-0182;1
AT-0183;1
AT-0184;1
AT-0185;1
AT-0186;1
AT-0187;1
AT-0188;1
AT-0189;1
AT-0190;1
AT-0191;1
AT-0192;1
AT-0193;1
AT-0194;1
AT-0195;1
AT-0196;1
AT-0197;1
AT-0198;1
AT-0199;1
AT-0200;1
AT-0201;1
AT-0202;1
AT-0203;1
AT-0204;1
AT-0205;1
AT-0206;1
AT-0207;1
AT-0208;1
AT-0209;1
AT-0210;1
AT-0211;1
AT-0212;1
AT-0213;1
AT-0214;1
AT-0215;1
AT-0216;1
AT-0217;1
AT-0218;1
AT-0219;1
AT-0220;1
AT-0221;1
AT-0222;1
AT-0223;1
AT-0224;1
AT-0225;1
AT-0226;1
AT-0227;1
AT-0228;1
AT-0229;1
AT-0230;1
AT-0231;1
AT-0232;1
AT-0233;1
AT-0234;1
AT-0235;1
AT-0236;1
AT-0237;1
AT-0238;1
AT-0239;1
AT-0240;1
AT-0241;1
AT-0242;1
AT-0243;1
AT-0244;1
AT-0245;1
AT-0246;1
AT-0247;1
AT-0248;1
AT-0249;1
AT-0250;1
AT-0251;1
AT-0252;1
AT-0253;1
AT-0254;1
AT-0255;1
AT-0256;1
AT-0257;1
AT-0258;1
AT-0259;1
AT-0260;1
AT-0261;1
AT-0262;1
AT-0263;1
AT-0264;1
AT-0265;1
AT-0266;1
AT-0267;1
AT-0268;1
AT-0269;1
AT-0270;1
AT-0271;1
AT-0272;1
AT-0273;1
AT-0274;1
AT-0275;1
AT-0276;1
AT-0277;1
AT-0278;1
AT-0279;1
AT-0280;1
AT-0281;1
AT-0282;1
AT-0283;1
AT-0284;1
AT-0285;1
AT-0286;1
AT-0287;1
AT-0288;1
AT-0289;1
AT-0290;1
AT-0291;1
AT-0292;1
AT-0293;1
AT-0294;1
AT-0295;1
AT-0296;1
AT-0297;1
AT-0298;1
AT-0299;1
AT-0300;1
AT-0301;1
AT-0302;1
AT-0303;1
AT-0304;1
AT-0305;1
AT-0306;1
AT-0307;1
AT-0308;1
AT-0309;1
AT-0310;1
AT-0311;1
AT-0312;1
AT-0313;1
AT-0314;1
AT-0315;1
AT-0316;1
AT-0317;1
AT-0318;1
AT-0319;1
AT-0320;1
AT-0321;1
AT-0322;1
AT-0323;1
AT-0324;1
AT-0325;1
AT-0326;1
AT-0327;1
AT-0328;1
AT-0329;1
AT-0330;1
AT-0331;1
AT-0332;1
AT-0333;1
AT-0334;1
AT-0335;1
AT-0336;1
AT-0337;1
AT-0338;1
AT-0339;1
AT-0340;1
AT-0341;1
AT-0342;1
AT-0343;1
AT-0344;1
AT-0345;1
AT-0346;1
AT-0347;1
AT-0348;1
AT-0349;1
AT-0350;1
AT-0351;1
AT-0352;1
AT-0353;1
AT-0354;1
AT-0355;1
AT-0356;1
AT-0357;1
AT-0358;1
AT-0359;1
AT-0360;1
AT-0361;1
AT-0362;1
AT-0363;1
AT-0364;1
AT-0365;1
AT-0366;1
AT-0367;1
AT-0368;1
AT-0369;1
AT-0370;1
AT-0371;1
AT-0372;1
AT-0373;1
AT-0374;1
AT-0375;1
AT-0376;1
AT-0377;1
AT-0378;1
AT-0379;1
AT-0380;1
AT-0381;1
AT-0382;1
AT-0383;1
AT-0384;1
AT-0385;1
AT-0386;1
AT-0387;1
AT-0388;1
AT-0389;1
AT-0390;1
AT-0391;1
AT-0392;1
AT-0393;1
AT-0394;1
AT-0395;1
AT-0396;1
AT-0397;1
AT-0398;1
AT-0399;1
AT-0400;1
AT-0401;1
AT-0402;1
AT-0403;1
AT-0404;1
AT-0405;1
AT-0406;1
AT-0407;1
AT-0408;1
AT-0409;1
AT-0410;1
AT-0411;1
AT-0412;1
AT-0413;1
AT-0414;1
AT-0415;1
AT-0416;1
AT-0417;1
AT-0418;1
AT-0419;1
AT-0420;1
AT-0421;1
AT-0422;1
AT-0423;1
AT-0424;1
AT-0425;1
AT-0426;1
AT-0427;1
AT-0428;1
AT-0429;1
AT-0430;1
AT-0431;1
AT-0432;1
AT-0433;1
AT-0434;1
AT-0435;1
AT-0436;1
AT-0437;1
AT-0438;1
AT-0439;1
AT-0440;1
AT-0441;1
AT-0442;1
AT-0443;1
AT-0444;1
AT-0445;1
AT-0446;1
AT-0447;1
AT-0448;1
AT-0449;1
AT-0450;1
AT-0451;1
AT-0452;1
AT-0453;1
AT-0454;1
AT-0455;1
AT-0456;1
AT-0457;1
AT-0458;1
AT-0459;1
AT-0460;1
AT-0461;1
AT-0462;1
AT-0463;1
AT-0464;1
AT-0465;1
AT-0466;1
AT-0467;1
AT-0468;1
AT-0469;1
AT-0470;1
AT-0471;1
AT-0472;1
AT-0473;1
AT-0474;1
AT-0475;1
AT-0476;1
AT-0477;1
AT-0478;1
AT-0479;1
AT-0480;1
AT-0481;1
AT-0482;1
AT-0483;1
AT-0484;1
AT-0485;1
AT-0486;1
AT-0487;1
AT-0488;1
AT-0489;1
AT-0490;1
AT-0491;1
AT-0492;1
AT-0493;1
AT-0494;1
AT-0495;1
AT-0496;1
AT-0497;1
AT-0498;1
AT-0499;1
AT-0500;1
AT-0501;1
AT-0502;1
AT-0503;1
AT-0504;1
AT-0505;1
AT-0506;1
AT-0507;1
AT-0508;1
AT-0509;1
AT-0510;1
AT-0511;1
AT-0512;1
AT-0513;1
AT-0514;1
AT-0515;1
AT-0516;1
AT-0517;1
AT-0518;1
AT-0519;1
AT-0520;1
AT-0521;1
AT-0522;1
AT-0523;1
AT-0524;1
AT-0525;1
AT-0526;1
AT-0527;1
AT-0528;1
AT-0529;1
AT-0530;1
AT-0531;1
AT-0532;1
AT-0533;1
AT-0534;1
AT-0535;1
AT-0536;1
AT-0537;1
AT-0538;1
AT-0539;1
AT-0540;1
AT-0541;1
AT-0542;1
AT-0543;1
AT-0544;1
AT-0545;1
AT-0546;1
AT-0547;1
AT-0548;1
AT-0549;1
AT-0550;1
AT-0551;1
AT-0552;1
AT-0553;1
AT-0554;1
AT-0555;1
AT-0556;1
AT-0557;1
AT-0558;1
AT-0559;1
AT-0560;1
AT-0561;1
AT-0562;1
AT-0563;1
AT-0564;1
AT-0565;1
AT-0566;1
AT-0567;1
AT-0568;1
AT-0569;1
AT-0570;1
AT-0571;1
AT-0572;1
AT-0573;1
AT-0574;1
AT-0575;1
AT-0576;1
AT-0577;1
AT-0578;1
AT-0579;1
AT-0580;1
AT-0581;1
AT-0582;1
AT-0583;1
AT-0584;1
AT-0585;1
AT-0586;1
AT-0587;1
AT-0588;1
AT-0589;1
AT-0590;1
AT-0591;1
AT-0592;1
AT-0593;1
AT-0594;1
AT-0595;1
AT-0596;1
AT-0597;1
AT-0598;1
AT-0599;1
AT-0600;1
AT-0601;1
AT-0602;1
AT-0603;1
AT-0604;1
AT-0605;1
AT-0606;1
AT-0607;1
AT-0608;1
AT-0609;1
AT-0610;1
AT-0611;1
AT-0612;1
AT-0613;1
AT-0614;1
AT-0615;1
AT-0616;1
AT-0617;1
AT-0618;1
AT-0619;1
AT-0620;1
AT-0621;1
AT-0622;1
AT-0623;1
AT-0624;1
AT-0625;1
AT-0626;1
AT-0627;1
AT-0628;1
AT-0629;1
AT-0630;1
AT-0631;1
AT-0632;1
AT-0633;1
AT-0634;1
AT-0635;1
AT-0636;1
AT-0637;1
AT-0638;1
AT-0639;1
AT-0640;1
AT-0641;1
AT-0642;1
AT-0643;1
AT-0644;1
AT-0645;1
AT-0646;1
AT-0647;1
AT-0648;1
AT-0649;1
AT-0650;1
AT-0651;1
AT-0652;1
AT-0653;1
AT-0654;1
AT-0655;1
AT-0656;1
AT-0657;1
AT-0658;1
AT-0659;1
AT-0660;1
AT-0661;1
AT-0662;1
AT-0663;1
AT-0664;1
AT-0665;1
AT-0666;1
AT-0667;1
AT-0668;1
AT-0669;1
AT-0670;1
AT-0671;1
AT-0672;1
AT-0673;1
AT-0674;1
AT-0675;1
AT-0676;1
AT-0677;1
AT-0678;1
AT-0679;1
AT-0680;1
AT-0681;1
AT-0682;1
AT-0683;1
AT-0684;1
AT-0685;1
AT-0686;1
AT-0687;1
AT-0688;1
AT-0689;1
AT-0690;1
AT-0691;1
AT-0692;1
AT-0693;1
AT-0694;1
AT-0695;1
AT-0696;1
AT-0697;1
AT-0698;1
AT-0699;1
AT-0700;1
CB-001;1
CB-002;1
CB-003;1
CB-004;1
CB-005r;1
CB-005v;1
CB-006;1
CB-007;1
CB-008;1
CB-009;1
CB-010;1
CB-011;1
CB-012;1
CB-013;1
CB-014;1
CB-015;1
CB-016;1
CB-017;1
CB-018r;1
CB-018v;1
CB-019r;1
CB-019v;1
CB-020;1
CB-021;1
CB-022;1
CB-023;1
CB-024;1
CB-025;1
CB-026;1
CB-027;1
CB-028;1
CB-029;1
CB-030;1
CB-031;1
CB-032;1
CB-033;1
CB-034;1
CB-035;1
CB-036;1
CB-037;1
CB-038;1
CB-039r;1
CB-039v;1
CB-040r;1
CB-040v;1
CB-041;1
CB-042;1
CB-043;1
CB-044;1
CB-045;1
CB-046;1
CB-047;1
CB-048;1
CB-049;1
CB-050;1
CB-051r;1
CB-051v;1
CB-052r;1
CB-052v;1
CB-053r;1
CB-053v;1
CB-054r;1
CB-054v;1
CB-055;1
CB-056;1
CB-057;1
CB-058;1
CB-059r;1
CB-059v;1
CB-060;1
CB-061;1
CB-062;1
CB-063;1
CB-064;1
CB-065r;1
CB-065v;1
CB-066r;1
CB-066v;1
CB-067r;1
CB-067v;1
CB-068;1
CB-069;1
CB-070;1
CB-071;1
G-0010;1
G-0104;1
G-0104.a;1
G-0104.b;1
G-0104.c;1
G-0105.a;1
G-0105.b;1
G-0105.c;1
G-0106;1
G-0107;1
G-0108;1
G-0109;1
G-0110;1
G-1000.a;1
G-1000.b;1
G-1001;1
G-1002;1
G-1003;1
G-1004;1
G-1005;1
G-1007;1
G-1008;1
G-1009;1
G-1010;1
G-1011;1
G-1012;1
G-1014;1
G-1015;1
G-1016;1
G-1018;1
G-1019;1
G-1020;1
G-1021.a;1
G-1021.b;1
G-1022;1
G-1023;1
G-1024;1
G-1025;1
G-1025.a;1
G-1026;1
G-1027;1
G-1028;1
G-1029;1
G-1030;1
G-1032;1
G-1033;1
G-1034;1
G-1035;1
G-1036;1
G-1037;1
G-1038;1
G-1039;1
G-1040;1
G-1041;1
G-1042;1
G-1044;1
G-1045;1
G-1046;1
G-1047;1
G-1048;1
G-1049;1
G-1050;1
G-1051;1
G-1052;1
G-1053.a;1
G-1053.b;1
G-1055;1
G-1056;1
G-1057;1
G-1059;1
G-1060;1
G-1061;1
G-1062;1
G-1063;1
G-1064;1
G-1065;1
G-1066;1
G-1067;1
G-1067.a;1
G-1068.a;1
G-1068.b;1
G-1068.c;1
G-1069;1
G-1069.a;1
G-1070;1
G-1071;1
G-1072;1
G-1073;1
G-1074;1
G-1075;1
G-1076;1
G-1077.a;1
G-1077.b;1
G-1078;1
G-1079;1
G-1080;1
G-1081;1
G-1082;1
G-1083;1
G-1084;1
G-1085;1
G-1086;1
G-1087;1
G-1088;1
G-1089;1
G-1090;1
G-1091;1
G-1092;1
G-1093;1
G-1094;1
G-1095;1
G-1096;1
G-1097;1
G-1098;1
G-1099;1
G-11;1
G-1100.a;1
G-1100.b;1
G-1101;1
G-1102;1
G-1103;1
G-1104;1
G-1105.a;1
G-1105.b;1
G-1106;1
G-1108.a;1
G-1108.b;1
G-1109;1
G-1110;1
G-1110.a;1
G-1110.b;1
G-1111;1
G-1112;1
G-1113;1
G-1114;1
G-1115;1
G-1116;1
G-1117;1
G-1118;1
G-1119;1
G-1119.a;1
G-112;1
G-1120;1
G-1121;1
G-1121.a;1
G-1122;1
G-1123;1
G-1124;1
G-1125;1
G-1126;1
G-1127;1
G-1128;1
G-1129;1
G-113;1
G-1130;1
G-1131;1
G-1132;1
G-1133;1
G-1134;1
G-1135;1
G-1136;1
G-1137;1
G-1138;1
G-1139;1
G-114;1
G-1140;1
G-1140.a;1
G-1141;1
G-1142;1
G-1143;1
G-1144;1
G-1145;1
G-1146;1
G-1147;1
G-1148;1
G-1149;1
G-115;1
G-1150;1
G-1151;1
G-1152;1
G-1153;1
G-1154;1
G-1155.a;1
G-1155.b;1
G-1155.c;1
G-1155.d;1
G-1155.e;1
G-1155.f;1
G-1156;1
G-1157;1
G-1158;1
G-1159;1
G-116.a;1
G-116.b;1
G-1160;1
G-1161;1
G-1162;1
G-1162.a;1
G-1162.b;1
G-1163;1
G-1164;1
G-1165.a;1
G-1165.b;1
G-1166;1
G-1167;1
G-1168;1
G-1169;1
G-117;1
G-1170;1
G-1171;1
G-1172;1
G-1173.a;1
G-1173.b;1
G-1174;1
G-1175;1
G-1176.a;1
G-1176.b;1
G-1177;1
G-1178;1
G-1179;1
G-118;1
G-1181;1
G-1182;1
G-1183;1
G-1184.a;1
G-1184.b;1
G-1185;1
G-1186;1
G-1187;1
G-1188;1
G-1189;1
G-119;1
G-119.a;1
G-1190;1
G-1191;1
G-1192;1
G-1193;1
G-1194;1
G-1195;1
G-1195.a;1
G-1195.b;1
G-1195.c;1
G-1195.d;1
G-1195.e;1
G-1195.f;1
G-1195.g;1
G-1196;1
G-1197;1
G-1198;1
G-1199;1
G-12;1
G-120;1
G-1200;1
G-1201;1
G-1202;1
G-1203;1
G-1204;1
G-1205.a;1
G-1205.b;1
G-1205.c;1
G-1206;1
G-1207;1
G-1208;1
G-1209;1
G-121;1
G-1210;1
G-1211;1
G-1212;1
G-1213.a;1
G-1213.b;1
G-1214;1
G-1215;1
G-1216;1
G-1217;1
G-1218.a;1
G-1218.b;1
G-1219;1
G-122;1
G-1220;1
G-1221;1
G-1222;1
G-1223;1
G-1224;1
G-1225;1
G-1226;1
G-1227;1
G-1228;1
G-1229;1
G-123;1
G-1230;1
G-1231;1
G-1232;1
G-1233;1
G-1234;1
G-1235;1
G-1236;1
G-1237;1
G-1238;1
G-1239;1
G-124;1
G-1241;1
G-1242;1
G-1243;1
G-1244;1
G-1245;1
G-1246;1
G-1247;1
G-1248;1
G-1249;1
G-125;1
G-1250;1
G-1251;1
G-1252;1
G-1253;1
G-1254;1
G-1255;1
G-126.a;1
G-126.b;1
G-127;1
G-128;1
G-129.a;1
G-129.b;1
G-13;1
G-130;1
G-131;1
G-132;1
G-133;1
G-134;1
G-135;1
G-136;1
G-137;1
G-138;1
G-139;1
G-14;1
G-140;1
G-141;1
G-142;1
G-143;1
G-144;1
G-145;1
G-146;1
G-147;1
G-148.a;1
G-148.b;1
G-149;1
G-15;1
G-151;1
G-152;1
G-153;1
G-153.a;1
G-154;1
G-155;1
G-156;1
G-157;1
G-158;1
G-159;1
G-16;1
G-160;1
G-161.a;1
G-161.b;1
G-162;1
G-163;1
G-164;1
G-165;1
G-166;1
G-167;1
G-168;1
G-169;1
G-170;1
G-171;1
G-172;1
G-173;1
G-174;1
G-175.a;1
G-175.b;1
G-176;1
G-177;1
G-178;1
G-179;1
G-18;1
G-180;1
G-181;1
G-182;1
G-183;1
G-184;1
G-185;1
G-186;1
G-187;1
G-188.a;1
G-188.b;1
G-189;1
G-19;1
G-190;1
G-191;1
G-192;1
G-193;1
G-194;1
G-195;1
G-196;1
G-197;1
G-198;1
G-199;1
G-2;1
G-20;1
G-200;1
G-201;1
G-202;1
G-203;1
G-204;1
G-205;1
G-206;1
G-207;1
G-208;1
G-208.a;1
G-208.b;1
G-209;1
G-21;1
G-210;1
G-211;1
G-212;1
G-213;1
G-214;1
G-215;1
G-216;1
G-217;1
G-218;1
G-219;1
G-22;1
G-220;1
G-221;1
G-222;1
G-223.a;1
G-223.b;1
G-223.c;1
G-224.a;1
G-224.b;1
G-225;1
G-226;1
G-227;1
G-228;1
G-229;1
G-23;1
G-230;1
G-231;1
G-232;1
G-233;1
G-234;1
G-235;1
G-236;1
G-237;1
G-238;1
G-24;1
G-240;1
G-241;1
G-242;1
G-243;1
G-245.a;1
G-245.b;1
G-246;1
G-247;1
G-248.a;1
G-248.b;1
G-249;1
G-25;1
G-250;1
G-251;1
G-252;1
G-253;1
G-254;1
G-255;1
G-256;1
G-257;1
G-258;1
G-259;1
G-26;1
G-260;1
G-261;1
G-262;1
G-263;1
G-264;1
G-265;1
G-266;1
G-267;1
G-268;1
G-269;1
G-27;1
G-270;1
G-271.a;1
G-271.b;1
G-272;1
G-273;1
G-274;1
G-275;1
G-276;1
G-277;1
G-278;1
G-279;1
G-28.a;1
G-28.b;1
G-280;1
G-281;1
G-282;1
G-283;1
G-284;1
G-285.a;1
G-285.b;1
G-286.a;1
G-286.b;1
G-286.c;1
G-287;1
G-288;1
G-289;1
G-29;1
G-290;1
G-291;1
G-292;1
G-293;1
G-294;1
G-295;1
G-296;1
G-297;1
G-298;1
G-299;1
G-3;1
G-300;1
G-301;1
G-302;1
G-303;1
G-304;1
G-305;1
G-306;1
G-307;1
G-308;1
G-309;1
G-31;1
G-310;1
G-311;1
G-312;1
G-313;1
G-314;1
G-315;1
G-316;1
G-317;1
G-318;1
G-319;1
G-32;1
G-320;1
G-321;1
G-322;1
G-323;1
G-324;1
G-325;1
G-326;1
G-327;1
G-328;1
G-329;1
G-33;1
G-330;1
G-331;1
G-332;1
G-333;1
G-334;1
G-335;1
G-336;1
G-337;1
G-338;1
G-339;1
G-34;1
G-340;1
G-341;1
G-342;1
G-343;1
G-344;1
G-345;1
G-346;1
G-347;1
G-348;1
G-349;1
G-35;1
G-350;1
G-351;1
G-352;1
G-353;1
G-354;1
G-355;1
G-356;1
G-357;1
G-358;1
G-359;1
G-36;1
G-360;1
G-361;1
G-362;1
G-363;1
G-364;1
G-365;1
G-366;1
G-367;1
G-368;1
G-369;1
G-37;1
G-370;1
G-371;1
G-372;1
G-373;1
G-374;1
G-375;1
G-376;1
G-377;1
G-378;1
G-379;1
G-38;1
G-380;1
G-381;1
G-382;1
G-383;1
G-384;1
G-385;1
G-386;1
G-387;1
G-388;1
G-389;1
G-39;1
G-390;1
G-391;1
G-392;1
G-393.a;1
G-393.b;1
G-394;1
G-395;1
G-396;1
G-397;1
G-398;1
G-399;1
G-4;1
G-40;1
G-400;1
G-401;1
G-402;1
G-403;1
G-404;1
G-405;1
G-406;1
G-407;1
G-408;1
G-408.a;1
G-408.b;1
G-409;1
G-41;1
G-410;1
G-411;1
G-412;1
G-413;1
G-414;1
G-415;1
G-416;1
G-417;1
G-418;1
G-419;1
G-420;1
G-421;1
G-422;1
G-423;1
G-424;1
G-425;1
G-426;1
G-427;1
G-428;1
G-429.a;1
G-429.b;1
G-43;1
G-430;1
G-431;1
G-432;1
G-433;1
G-434;1
G-435;1
G-436;1
G-437;1
G-438;1
G-439;1
G-44;1
G-440;1
G-441;1
G-442;1
G-443;1
G-444;1
G-445;1
G-446;1
G-447;1
G-448;1
G-449;1
G-450;1
G-451.a;1
G-451.b;1
G-452;1
G-453;1
G-454;1
G-455;1
G-456;1
G-457;1
G-458.a;1
G-458.b;1
G-459;1
G-46;1
G-460;1
G-461;1
G-462;1
G-463;1
G-465;1
G-466;1
G-467;1
G-468;1
G-469;1
G-47;1
G-471;1
G-472;1
G-473;1
G-474;1
G-475;1
G-476;1
G-477;1
G-478;1
G-479;1
G-48;1
G-480;1
G-481;1
G-482;1
G-483;1
G-484;1
G-485;1
G-486;1
G-488;1
G-489;1
G-49;1
G-490;1
G-491;1
G-492;1
G-492.a;1
G-493;1
G-494.a;1
G-494.b;1
G-495;1
G-496;1
G-497;1
G-498;1
G-499;1
G-5;1
G-50.a en b;1
G-500;1
G-501;1
G-502;1
G-503;1
G-504;1
G-505;1
G-506;1
G-507;1
G-508;1
G-509;1
G-51;1
G-510;1
G-511;1
G-512;1
G-513;1
G-514;1
G-515;1
G-516;1
G-517;1
G-518;1
G-519;1
G-52;1
G-520;1
G-521;1
G-522;1
G-523;1
G-524.a;1
G-524.b;1
G-525;1
G-526;1
G-527;1
G-528;1
G-529;1
G-53;1
G-530;1
G-531;1
G-532;1
G-533;1
G-534;1
G-535;1
G-536;1
G-537;1
G-538;1
G-539;1
G-54;1
G-540;1
G-541;1
G-542;1
G-543;1
G-544;1
G-545;1
G-546;1
G-547;1
G-548;1
G-549;1
G-55;1
G-550;1
G-551.a;1
G-551.b;1
G-552.a;1
G-552.b;1
G-553;1
G-554;1
G-555;1
G-557;1
G-558;1
G-559;1
G-56;1
G-560;1
G-561;1
G-562.a;1
G-562.b;1
G-563;1
G-564;1
G-565;1
G-566;1
G-567.a;1
G-567.b;1
G-568;1
G-569.a;1
G-569.b;1
G-57;1
G-570;1
G-572.a;1
G-572.b;1
G-573;1
G-574;1
G-575;1
G-576;1
G-577.a;1
G-577.b;1
G-578;1
G-579;1
G-58;1
G-580;1
G-581;1
G-582;1
G-583;1
G-584;1
G-585;1
G-586;1
G-587;1
G-588.a;1
G-588.b;1
G-589;1
G-59;1
G-590;1
G-591;1
G-592;1
G-593;1
G-594;1
G-595;1
G-596;1
G-597;1
G-598;1
G-599;1
G-6;1
G-60;1
G-600;1
G-601;1
G-602;1
G-603;1
G-604;1
G-605;1
G-606;1
G-607;1
G-608;1
G-609;1
G-61;1
G-610;1
G-611;1
G-612;1
G-613;1
G-614;1
G-615;1
G-616;1
G-617;1
G-618;1
G-619;1
G-62;1
G-620;1
G-621;1
G-622;1
G-623;1
G-624;1
G-625;1
G-626;1
G-627;1
G-628;1
G-629;1
G-63.a en b;1
G-630;1
G-631;1
G-632;1
G-633;1
G-634.a;1
G-634.b;1
G-635;1
G-636;1
G-637;1
G-638;1
G-639;1
G-64;1
G-640;1
G-641;1
G-642;1
G-643;1
G-644;1
G-645;1
G-646.a;1
G-646.b;1
G-647;1
G-648;1
G-649;1
G-65;1
G-650;1
G-651;1
G-652;1
G-653;1
G-654;1
G-655;1
G-656;1
G-657;1
G-658;1
G-659;1
G-66;1
G-660;1
G-661;1
G-662;1
G-663;1
G-664;1
G-665;1
G-666;1
G-667;1
G-668;1
G-669;1
G-67;1
G-670;1
G-671;1
G-672;1
G-673;1
G-674;1
G-675;1
G-676;1
G-677;1
G-678;1
G-679;1
G-68;1
G-680;1
G-681;1
G-682;1
G-683;1
G-684;1
G-685;1
G-686;1
G-687;1
G-688;1
G-689;1
G-69;1
G-690.a;1
G-690.b;1
G-691;1
G-692.a;1
G-692.b;1
G-693;1
G-694;1
G-695;1
G-696;1
G-697;1
G-698;1
G-699;1
G-7;1
G-70;1
G-700;1
G-701;1
G-702;1
G-703;1
G-704;1
G-706;1
G-707;1
G-708;1
G-709;1
G-71;1
G-710;1
G-711;1
G-712;1
G-713;1
G-714;1
G-715;1
G-716;1
G-717;1
G-718;1
G-719;1
G-72;1
G-720;1
G-721.a;1
G-721.b;1
G-722;1
G-723;1
G-724;1
G-725;1
G-727;1
G-728;1
G-729;1
G-73;1
G-730;1
G-731;1
G-732;1
G-733;1
G-734;1
G-735.a;1
G-735.b;1
G-736;1
G-737;1
G-738;1
G-739.a;1
G-739.b;1
G-74;1
G-740;1
G-741;1
G-742.a;1
G-742.b;1
G-742.c;1
G-742.d;1
G-743;1
G-744;1
G-745;1
G-746;1
G-747;1
G-748;1
G-749;1
G-75;1
G-750;1
G-751;1
G-752;1
G-753;1
G-754;1
G-755;1
G-756;1
G-757;1
G-758;1
G-759;1
G-76;1
G-760;1
G-761;1
G-763;1
G-764;1
G-765;1
G-766;1
G-767;1
G-768;1
G-769;1
G-77;1
G-770;1
G-771;1
G-772;1
G-773;1
G-774;1
G-775;1
G-776;1
G-777;1
G-778.a;1
G-778.b;1
G-778.c;1
G-779;1
G-78;1
G-780;1
G-781;1
G-783;1
G-784;1
G-786;1
G-786.a;1
G-786.b;1
G-786.c;1
G-786.d;1
G-787;1
G-788;1
G-789;1
G-79;1
G-790;1
G-791;1
G-792;1
G-793;1
G-794;1
G-795;1
G-796;1
G-797;1
G-798;1
G-799;1
G-8;1
G-80;1
G-800;1
G-801;1
G-802;1
G-803;1
G-804;1
G-805;1
G-806;1
G-807;1
G-808;1
G-809;1
G-81;1
G-810;1
G-811;1
G-812;1
G-813;1
G-814;1
G-815;1
G-816;1
G-817;1
G-818;1
G-819;1
G-82;1
G-820;1
G-821;1
G-822;1
G-823;1
G-824;1
G-825;1
G-827.a;1
G-827.b;1
G-828;1
G-829;1
G-83;1
G-830;1
G-831;1
G-832;1
G-833;1
G-834.a;1
G-834.b;1
G-835;1
G-836.a;1
G-836.b;1
G-837;1
G-838;1
G-839;1
G-839.a;1
G-84;1
G-840;1
G-840.a;1
G-841;1
G-842;1
G-843;1
G-844;1
G-845;1
G-846;1
G-847;1
G-848;1
G-849;1
G-85;1
G-850;1
G-851;1
G-853;1
G-854;1
G-855;1
G-856;1
G-857;1
G-858;1
G-859;1
G-86;1
G-860;1
G-861;1
G-862;1
G-863;1
G-864;1
G-865;1
G-866;1
G-867;1
G-868;1
G-869;1
G-87;1
G-870;1
G-871;1
G-872;1
G-873;1
G-874;1
G-875.a;1
G-875.b;1
G-875.c;1
G-876;1
G-877;1
G-878;1
G-879;1
G-88.a en b;1
G-880;1
G-881;1
G-882;1
G-883.a;1
G-883.b;1
G-884;1
G-885;1
G-886;1
G-887;1
G-888;1
G-889;1
G-89;1
G-890;1
G-891;1
G-892;1
G-893;1
G-894;1
G-895;1
G-896.a;1
G-896.b;1
G-897;1
G-897.a;1
G-898;1
G-899;1
G-9;1
G-90;1
G-900;1
G-901;1
G-902;1
G-903;1
G-904;1
G-905;1
G-906;1
G-907;1
G-908;1
G-909;1
G-91;1
G-910;1
G-911;1
G-9111;1
G-912;1
G-913;1
G-914;1
G-915;1
G-916;1
G-917;1
G-919;1
G-92;1
G-920;1
G-921;1
G-922;1
G-924;1
G-925;1
G-926;1
G-927;1
G-928;1
G-929;1
G-93;1
G-930;1
G-931.a;1
G-931.b;1
G-932.a;1
G-932.b;1
G-933;1
G-934;1
G-935;1
G-936;1
G-937;1
G-938;1
G-939;1
G-94;1
G-940;1
G-941;1
G-942;1
G-943;1
G-945;1
G-946;1
G-947;1
G-948;1
G-949;1
G-95;1
G-950;1
G-951;1
G-952;1
G-954;1
G-955;1
G-956;1
G-957;1
G-958;1
G-959;1
G-96;1
G-960;1
G-961;1
G-962;1
G-963;1
G-964;1
G-965;1
G-966;1
G-967;1
G-968;1
G-969;1
G-97;1
G-970;1
G-971;1
G-972;1
G-973;1
G-974;1
G-975;1
G-976;1
G-977;1
G-978;1
G-979;1
G-98;1
G-980;1
G-981;1
G-982;1
G-983;1
G-984;1
G-985;1
G-986;1
G-987;1
G-988;1
G-990.a;1
G-990.b;1
G-991;1
G-992;1
G-993;1
G-994;1
G-995;1
G-996;1
G-997;1
G-998;1
G-999;1
G-999.a;1
JK-001;1
JK-004a;1
JK-004b;1
JK-004c;1
JK-004d;1
JK-004e;1
JK-005a;1
JK-005b;1
JK-005c;1
JK-005d;1
JK-006;1
JK-007;1
JK-008a;1
JK-008b;1
JK-009c;1
JK-010;1
JK-012a;1
JK-012b;1
JK-013;1
JK-017;1
JK-018;1
JK-019;1
JK-020;1
JK-021;1
JK-022;1
JK-023;1
JK-024;1
JK-025;1
JK-026;1
JK-027;1
JK-029a;1
JK-029b;1
JK-030;1
JK-031;1
JK-032;1
JK-033;1
JK-034;1
JK-035a;1
JK-035b1;1
JK-035b2;1
JK-035b3;1
JK-035b4;1
JK-29c;1
KA-001;1
KA-002;1
KA-003;1
PCK-001;1
PCK-002;1
PCK-003;1
PCK-004;1
PCK-005;1
PCK-006;1
PCK-007;1
PCK-008;1
PCK-009;1
PCK-010;1
PCK-011;1
PCK-012;1
PCK-013;1
PCK-014;1
PCK-015;1
PCK-016;1
PCK-017;1
PCK-018;1
PCK-019;1
PCK-020;1
PCK-021;1
PCK-022;1
PCK-023;1
PCK-024;1
PCK-025;1
PCK-026;1
PCK-027;1
PCK-028;1
PCK-029;1
PCK-030;1
PCK-031;1
PCK-032;1
PCK-033;1
PCK-034;1
PCK-035;1
PCK-036;1
PCK-037;1
PCK-038;1
PCK-039;1
PCK-040;1
PCK-041;1
PCK-042;1
PCK-043;1
PCK-044;1
PCK-045;1
PCK-046;1
PCK-047;1
PCK-048;1
PCK-049;1
PCK-050;1
PCK-051;1
PCK-052;1
PCK-053;1
PCK-054;1
PCK-055;1
PCK-056;1
PCK-057;1
PCK-058;1
PCK-059;1
PCK-060;1
PCK-061;1
PCK-062;1
PCK-063;1
PCK-064;1
PCK-065;1
PCK-066;1
PCK-067;1
PCK-068;1
PCK-069;1
PCK-070;1
PCK-071;1
PCK-072;1
PCK-073;1
PCK-074;1
PCK-075;1
PCK-076;1
PCK-077;1
PCK-078;1
PCK-079;1
PCK-080;1
PCK-081;1
PCK-082;1
PCK-083;1
PCK-084;1
PCK-085;1
PCK-086;1
PCK-087;1
PCK-088;1
PCK-089;1
PCK-090;1
PCK-091;1
PCK-092;1
PCK-093;1
PCK-094;1
PCK-095;1
PCK-096;1
PCK-097;1
PCK-098;1
PCK-099;1
PCK-100;1
PCK-101;1
PCK-102;1
PCK-103;1
PCK-104;1
PCK-105;1
PCK-106;1
PCK-107;1
PCK-108;1
PCK-109;1
PCK-110;1
PCK-111;1
PCK-112;1
PCK-113;1
PCK-114;1
Por-0500;1
Por-0501;1
Por-0502;1
Por-0503;1
Por-0504;1
Por-0505;1
Por-0506;1
Por-0507;1
Por-0508;1
Por-0509;1
Por-0510;1
Por-0511-1;1
Por-0511-2;1
Por-0511-3;1
Por-0511-4;1
Por-0515;1
Por-0516;1
Por-0517;1
Por-0518;1
Por-0519;1
Por-0520;1
Por-0521;1
Por-0522;1
Por-0523;1
Por-0524;1
Por-0525;1
Por-0526;1
Por-0527;1
Por-0528;1
Por-0529;1
Por-0530;1
Por-0531;1
Por-0532;1
Por-0533;1
Por-0534;1
Por-0535;1
Por-0536;1
Por-0537;1
Por-0538;1
Por-0539;1
Por-0540;1
Por-0541;1
Por-0542;1
Por-0543-1;1
Por-0543-2;1
Por-0544;1
Por-0545;1
Por-0546;1
Por-0547;1
Por-0548;1
Por-0549;1
Por-0550;1
Por-0551;1
Por-0552;1
Por-0553;1
Por-0554;1
Por-0555;1
Por-0556;1
Por-0557;1
Por-0558;1
Por-0559;1
Por-0560;1
Por-0561;1
Por-0562;1
Por-0563;1
Por-0564;1
Por-0565;1
Por-0566;1
Por-0567;1
Por-0568;1
Por-0569;1
Por-0570;1
Por-0571;1
Por-0572;1
Por-0573;1
Por-0574;1
Por-0575;1
Por-0576;1
Por-0577;1
Por-0578;1
Por-0579;1
Por-0580;1
Por-0581;1
Por-0582;1
Por-0583;1
Por-0584;1
Por-0585;1
Por-0586;1
Por-0587;1
Por-0588;1
Por-0589;1
Por-0590;1
Por-0591;1
Por-0592;1
Por-0593;1
Por-0594;1
Por-0595;1
Por-0596;1
Por-0597;1
Por-0598;1
Por-0599;1
Por-0601;1
Por-0602;1
Por-0603;1
Por-0604;1
Por-0605-1;1
Por-0605-10;1
Por-0605-11;1
Por-0605-12;1
Por-0605-2;1
Por-0605-3;1
Por-0605-4;1
Por-0605-5;1
Por-0605-6;1
Por-0605-7;1
Por-0605-8;1
Por-0605-9;1
Por-0606;1
Por-0607;1
Por-0608-1;1
Por-0608-2;1
Por-0608-3;1
Por-0609-1;1
Por-0609-2;1
Por-0610-1;1
Por-0610-2;1
Por-0610-3;1
Por-0610-4;1
Por-0610-5;1
Por-0610-6;1
Por-0611-1;1
Por-0611-2;1
Por-0611-3;1
Por-0611-4;1
Por-0611-5;1
Por-0611-6;1
Por-0611-7;1
Por-0611-8;1
Por-0611-9;1
Por-0612-1;1
Por-0612-2;1
Por-0613-1;1
Por-0613-2;1
Por-0614-1;1
Por-0614-2;1
Por-0615-1;1
Por-0615-2;1
Por-0615-3;1
Por-0615-4;1
Por-0615-5;1
Por-0615-6;1
Por-0615-7;1
Por-0616;1
Por-0617-1;1
Por-0617-2;1
Por-0617-3;1
Por-0618;1
Por-0619-1;1
Por-0619-10;1
Por-0619-11;1
Por-0619-12;1
Por-0619-13;1
Por-0619-14;1
Por-0619-15;1
Por-0619-16;1
Por-0619-17;1
Por-0619-18;1
Por-0619-19;1
Por-0619-2;1
Por-0619-20;1
Por-0619-21;1
Por-0619-22;1
Por-0619-23;1
Por-0619-24;1
Por-0619-25;1
Por-0619-26;1
Por-0619-27;1
Por-0619-28;1
Por-0619-29;1
Por-0619-3;1
Por-0619-4;1
Por-0619-5;1
Por-0619-6;1
Por-0619-7;1
Por-0619-8;1
Por-0619-9;1
Por-0620-1;1
Por-0620-2;1
Por-0621-1;1
Por-0621-10;1
Por-0621-2;1
Por-0621-3;1
Por-0621-4;1
Por-0621-5;1
Por-0621-6;1
Por-0621-7;1
Por-0621-8;1
Por-0621-9;1
Por-0622;1
Por-0623;1
Por-0624-1;1
Por-0624-2;1
Por-0624-3;1
Por-0624-4;1
Por-0624-5;1
Por-0624-6;1
Por-0624-7;1
Por-0625;1
Por-0626-1;1
Por-0626-2;1
Por-0626-3;1
Por-0626-4;1
Por-0626-5;1
Por-0626-6;1
Por-0627-1;1
Por-0627-10;1
Por-0627-11;1
Por-0627-2;1
Por-0627-3;1
Por-0627-4;1
Por-0627-5;1
Por-0627-6;1
Por-0627-7;1
Por-0627-8;1
Por-0627-9;1
Por-0628-1;1
Por-0628-2;1
Por-0628-3;1
Por-0628-4;1
Por-0628-5;1
Por-0628-6;1
Por-0628-7;1
Por-0628-8;1
Por-0628-9;1
Por-0629-1;1
Por-0629-2;1
Por-0629-3;1
Por-0629-4;1
Por-0630-1;1
Por-0630-10;1
Por-0630-11;1
Por-0630-2;1
Por-0630-3;1
Por-0630-4;1
Por-0630-5;1
Por-0630-6;1
Por-0630-7;1
Por-0630-8;1
Por-0630-9;1
Por-0631-1;1
Por-0631-2;1
Por-0631-3;1
Por-0631-4;1
Por-0632-1;1
Por-0632-2;1
Por-0632-3;1
Por-0632-4;1
Por-0632-5;1
Por-0633-1;1
Por-0633-10;1
Por-0633-11;1
Por-0633-12;1
Por-0633-13;1
Por-0633-2;1
Por-0633-3;1
Por-0633-4;1
Por-0633-5;1
Por-0633-6;1
Por-0633-7;1
Por-0633-8;1
Por-0633-9;1
Por-0634-1;1
Por-0634-2;1
Por-0634-3;1
Por-0634-4;1
Por-0634-5;1
Por-0634-6;1
Por-0634-7;1
Por-0635-1;1
Por-0635-10;1
Por-0635-11;1
Por-0635-12;1
Por-0635-13;1
Por-0635-14;1
Por-0635-15;1
Por-0635-16;1
Por-0635-2;1
Por-0635-3;1
Por-0635-4;1
Por-0635-5;1
Por-0635-6;1
Por-0635-7;1
Por-0635-8;1
Por-0635-9;1
Por-0636-1;1
Por-0636-2;1
Por-0636-3;1
Por-0636-4;1
Por-0636-5;1
Por-0636-6;1
Por-0637-1;1
Por-0637-2;1
Por-0637-3;1
Por-0638-1;1
Por-0638-2;1
Por-0638-3;1
Por-0638-4;1
Por-0639-1;1
Por-0639-2;1
Por-0639-3;1
Por-0639-4;1
Por-0639-5;1
Por-0640-1;1
Por-0640-2;1
Por-0640-3;1
Por-0640-4;1
Por-0640-5;1
Por-0640-6;1
Por-0640-7;1
Por-0640-8;1
Por-0640-9;1
Por-0641;1
Por-0642-1;1
Por-0642-2;1
Por-0642-3;1
Por-0643;1
Por-0644;1
Por-0645;1
Por-0646-1;1
Por-0646-10;1
Por-0646-11;1
Por-0646-12;1
Por-0646-13;1
Por-0646-14;1
Por-0646-2;1
Por-0646-3;1
Por-0646-4;1
Por-0646-5;1
Por-0646-6;1
Por-0646-7;1
Por-0646-8;1
Por-0646-9;1
Por-0647;1
Por-0648;1
Por-0649;1
Por-0650;1
Por-0651;1
Por-0652;1
Por-0653;1
Por-0654;1
Por-0655;1
Por-0656;1
Por-0657;1
Por-0658;1
Por-0659;1
Por-0660;1
Por-0661;1
Por-0662;1
Por-0663;1
Por-0670;1
Por-0671;1
Por-0672;1
Por-0673;1
Por-0674;1
S-13182;1
S-13183;1
S-13184;1
S-13321;1
S-13322;1
S-13323;1
S-13324;1
S-13326;1
S-13327;1
S-13330;1
S-13331;1
S-13332;1
S-13333;1
S-13334;1
S-13335;1
S-13336;1
S-13337;1
S-13338;1
S-13340;1
S-13352;1
S-21;1
S-22;1
SB-2-9_10;1
SI-007;1
TH-001;1
TH-002;1
TH-003;1
TH-004;1
TH-005;1
TH-006;1
TH-007;1
TH-008;1
TH-009;1
TH-010;1
TH-011;1
TH-012;1
TH-013;1
TH-014a;1
TH-014b;1
TH-015;1
TH-016a;1
TH-016b;1
TH-017;1
TH-018;1
TH-019;1
TH-020;1
TH-021;1
TH-022;1
TH-023;1
TH-024;1
TH-025;1
TH-026;1
TH-027;1
TH-028;1
TH-029;1
TH-030;1
TH-031;1
TH-032;1
TH-033;1
TH-034;1
TH-035;1
TH-036;1
TH-037;1
TH-038;1
TH-039;1
TH-040;1
TH-041;1
TH-042;1
TH-043;1
TH-044;1
TH-045;1
TH-046;1
TH-047;1
TH-048;1
TH-049;1
TH-050;1
TH-051;1
TH-052;1
TH-053;1
TH-054;1
TH-055;1
TH-056;1
TH-057;1
TH-058;1
TH-059;1
TH-060;1
TH-061;1
TH-062;1
TH-063;1
TH-064;1
TH-065;1
TH-066;1
TH-067;1
TH-068;1
TH-069;1
TH-070;1
TH-071;1
TH-072;1
TH-073;1
TH-074;1
TH-075;1
TH-076;1
TH-077;1
TH-078;1
TH-079;1
TH-080;1
TH-081;1
TH-082;1
TH-083;1
TH-084;1
TH-085;1
TH-086;1
TH-087;1
TH-088;1
TH-089;1
TH-090;1
TH-091;1
TH-092;1
TH-093;1
TH-094;1
TH-095;1
TH-096;1
TH-097;1
TH-098;1
TH-099;1
TH-100;1
TH-101;1
TH-102;1
TH-103;1
TH-104;1
TH-105;1
TH-106;1
TH-107;1
TH-108;1
TH-109;1
TH-110;1
TH-110v-1;1
TH-110v-2;1
TH-111;1
TH-112;1
TH-113;1
TH-114;1
TH-115;1
TH-116;1
TH-117;1
TH-118;1
TH-119;1
TH-120;1
TH-121;1
TH-122;1
TH-123;1
TH-124;1
TH-125;1
TH-126;1
TH-127;1
TH-128;1
TH-129;1
TH-130;1
TH-131;1
TH-132;1
TH-133;1
TH-134;1
TH-135;1
TH-136;1
TH-137;1
TH-138;1
TH-139;1
TH-140;1
TH-141;1
TH-142;1
TH-143;1
TH-144;1
TH-145;1
TH-146;1
TH-147;1
TH-148;1
TH-149;1
TH-151;1
TH-152;1
TH-153;1
TH-154;1
TH-155;1
TH-156;1
TH-157;1
TH-158;1
TH-159;1
TH-160;1
TH-161;1
TH-162;1
TH-163;1
TH-164;1
TH-165;1
TH-166;1
TH-167;1
TH-168;1
TH-169;1
TH-170;1
TH-171;1
TH-172;1
TH-173;1
TH-174;1
TH-175;1
TH-176;1
TH-177;1
TH-178;1
TH-179;1
TH-180;1
TH-181;1
TH-182;1
TH-183;1
TH-184;1
TH-185;1
TH-186;1
TH-187;1
TH-188;1
TH-189;1
TH-190;1
TH-191;1
TH-192;1
TH-193;1
TH-194;1
TH-195;1
TH-196;1
TH-197a;1
TH-197b;1
TH-197c;1
TH-198;1
TH-199;1
TH-200;1
TH-201;1
TH-202;1
TH-203;1
TH-204;1
TH-205;1
TH-206;1
TH-207;1
TH-208;1
TH-209;1
TH-210;1
TH-211;1
TH-212;1
TH-213;1
TH-214;1
TH-215;1
TH-216;1
TH-217;1
TH-219;1
TH-220;1
TH-221;1
TH-222;1
TH-223;1
TH-224;1
TH-225;1
TH-226;1
TH-227;1
TH-228;1
TH-229;1
TH-230;1
TH-231;1
TH-232;1
TH-233;1
TH-234;1
TH-235;1
TH-236;1
TH-237;1
TH-238;1
TH-239;1
TH-240;1
TH-241;1
TH-242;1
TH-243;1
TH-244a;1
TH-244b;1
TH-245;1
TH-246;1
TH-247;1
TH-248;1
TH-249a en TH-249b;1
TH-250;1
TH-251a;1
TH-251b;1
TH-252;1
TH-253;1
TH-254;1
TH-255a;1
TH-255b;1
TH-256a;1
TH-256b;1
TH-257;1
TH-258;1
TH-259;1
TH-260;1
TH-261;1
TH-262;1
TH-264;1
TH-265;1
TH-266;1
TH-267;1
TH-268;1
TH-269;1
TH-270;1
TH-271;1
TH-272;1
TH-273;1
TH-274;1
TH-275;1
TH-276a;1
TH-276b;1
TH-277;1
TH-278;1
TH-279;1
TH-280;1
TH-281;1
TH-283;1
TH-284;1
TH-285;1
TH-286a;1
TH-286b;1
TH-287;1
TH-288;1
TH-289;1
TH-290;1
TH-291;1
TH-292;1
TH-293;1
TH-294;1
TH-296;1
TH-296a;1
TH-296b;1
TH-297;1
TH-298;1
TH-299;1
TH-300;1
TH-301;1
TH-302;1
TH-303;1
TH-304;1
TH-305;1
TH-306;1
TH-307;1
TH-308;1
TH-309a;1
TH-309b;1
TH-310;1
TH-311;1
TH-312;1
TH-314;1
TH-315;1
TH-316a;1
TH-316b;1
TH-317;1
TH-318;1
TH-319;1
TH-320;1
TH-321;1
TH-322;1
TH-323;1
TH-324;1
TH-325;1
TH-326;1
TH-327;1
TH-328;1
TH-329;1
TH-330;1
TH-331;1
TH-332;1
TH-333;1
TH-334;1
TH-335;1
TH-336;1
TH-337;1
TH-338;1
TH-339;1
TH-340;1
TH-341;1
TH-342;1
TH-343;1
TH-344;1
TH-345;1
TH-346;1
TH-347;1
TH-348;1
TH-349;1
TH-350;1
TH-351;1
TH-352;1
TH-353;1
TH-354;1
TH-355;1
TH-356;1
TH-357;1
TH-358;1
TH-359;1
TH-360;1
TH-361;1
TH-362;1
TH-363a;1
TH-363b;1
TH-364;1
TH-365;1
TH-366;1
TH-367;1
TH-368;1
TH-369;1
TH-370a;1
TH-370b;1
TH-370c;1
TH-371;1
TH-372;1
TH-373;1
TH-374;1
TH-375;1
TH-376;1
TH-377;1
TH-378;1
TH-379;1
TH-380;1
TH-381;1
TH-382;1
TH-383;1
TH-384;1
TH-385;1
TH-386;1
TH-387;1
TH-388;1
TH-389;1
TH-390;1
TH-391;1
TH-392;1
TH-393;1
TH-394;1
TH-395;1
TH-396;1
TH-397;1
TH-398;1
TH-399;1
TH-400;1
TH-401;1
TH-402;1
TH-403;1
TH-404;1
TH-405;1
TH-406;1
TH-407;1
TH-408;1
TH-409;1
TH-410;1
TH-411;1
TH-412;1
TH-413;1
TH-414;1
TH-415;1
TH-416;1
TH-417;1
TH-418;1
TH-419;1
TH-420;1
TH-421a;1
TH-422;1
TH-422a-I;1
TH-422a-II;1
TH-422a-III;1
TH-422a-IV;1
TH-422a-IX;1
TH-422a-V;1
TH-422a-VI;1
TH-422a-VII;1
TH-422a-VIII;1
TH-422a-X;1
TH-422a-XI;1
TH-422a-XII;1
TH-422a-XIII;1
Th-218;1
Th-263;1
Th-421b;1
VE-1;1
VE-100;1
VE-1000;1
VE-1001;1
VE-1002;1
VE-1003;1
VE-1004;1
VE-1005;1
VE-1006;1
VE-1007;1
VE-1008;1
VE-1009;1
VE-101.a;1
VE-101.b;1
VE-101.c;1
VE-1010;1
VE-1011;1
VE-1012;1
VE-1013;1
VE-1014;1
VE-1015;1
VE-1016;1
VE-1017;1
VE-1018;1
VE-1019;1
VE-102.a;1
VE-102.b;1
VE-102.c;1
VE-102.d;1
VE-102.e;1
VE-102.f;1
VE-1020;1
VE-1021;1
VE-1022;1
VE-1023;1
VE-1024;1
VE-1025;1
VE-1026;1
VE-1027;1
VE-1028;1
VE-1029;1
VE-103;1
VE-1030;1
VE-1031;1
VE-1032;1
VE-1033;1
VE-1034;1
VE-1035;1
VE-1036;1
VE-1037;1
VE-104.a;1
VE-104.b;1
VE-1048;1
VE-1049;1
VE-105.a;1
VE-105.b;1
VE-1050;1
VE-1051;1
VE-1052;1
VE-1053;1
VE-1054;1
VE-1055;1
VE-1056;1
VE-1057;1
VE-1058;1
VE-1059;1
VE-106;1
VE-1060;1
VE-1061;1
VE-1062;1
VE-1063;1
VE-1064;1
VE-1065;1
VE-1066;1
VE-1067;1
VE-1068;1
VE-1069;1
VE-107;1
VE-1070;1
VE-1071;1
VE-1071.a;1
VE-1074;1
VE-1076;1
VE-1077;1
VE-1079;1
VE-108;1
VE-1080;1
VE-1081;1
VE-1082;1
VE-1083;1
VE-1084;1
VE-1085;1
VE-1086;1
VE-1087;1
VE-1088;1
VE-1089;1
VE-109;1
VE-1090;1
VE-1091;1
VE-1092;1
VE-1093;1
VE-110.a;1
VE-110.b;1
VE-110.c;1
VE-110.d;1
VE-110.e;1
VE-1102;1
VE-1103;1
VE-1104;1
VE-1105;1
VE-1106;1
VE-1107;1
VE-1108;1
VE-1109;1
VE-111;1
VE-1110;1
VE-1111;1
VE-1112;1
VE-1113;1
VE-1114;1
VE-1115;1
VE-1116;1
VE-1117;1
VE-1118;1
VE-1119;1
VE-112;1
VE-1120;1
VE-1121;1
VE-1122;1
VE-1123;1
VE-1124;1
VE-1125;1
VE-1126;1
VE-1127;1
VE-1128;1
VE-1129;1
VE-113;1
VE-1130;1
VE-1131;1
VE-1132;1
VE-1133;1
VE-1134;1
VE-1135;1
VE-1136;1
VE-1137;1
VE-1138;1
VE-1139;1
VE-1140;1
VE-1140.a;1
VE-1140.b;1
VE-1141;1
VE-1142;1
VE-1143;1
VE-1144;1
VE-1145;1
VE-1146;1
VE-1146.a;1
VE-1147;1
VE-1148;1
VE-1149;1
VE-115;1
VE-1150;1
VE-1151;1
VE-1152;1
VE-1153;1
VE-1153.a;1
VE-1154;1
VE-1154.a;1
VE-1155;1
VE-1156;1
VE-1157;1
VE-1158;1
VE-1159;1
VE-1160;1
VE-1161;1
VE-1162;1
VE-1163;1
VE-1164;1
VE-1165;1
VE-1166;1
VE-1167;1
VE-1168;1
VE-1169;1
VE-1170;1
VE-1171;1
VE-1172;1
VE-1173;1
VE-1174;1
VE-1175;1
VE-1176;1
VE-1177;1
VE-1178;1
VE-1179;1
VE-1179.a;1
VE-1180;1
VE-1180.a;1
VE-1181;1
VE-1182;1
VE-1182.a;1
VE-1183;1
VE-1184;1
VE-1185;1
VE-1186;1
VE-1187;1
VE-1188;1
VE-1189;1
VE-1190;1
VE-1191;1
VE-1192;1
VE-1192.a;1
VE-1193;1
VE-1194;1
VE-1195;1
VE-1196;1
VE-1197;1
VE-1198;1
VE-1199;1
VE-120;1
VE-1200;1
VE-1202;1
VE-1203;1
VE-1204;1
VE-1205;1
VE-1206;1
VE-1207;1
VE-1208;1
VE-1209;1
VE-121;1
VE-1210;1
VE-1211;1
VE-1212;1
VE-1214;1
VE-1215;1
VE-1216;1
VE-1217;1
VE-1218;1
VE-1219;1
VE-122;1
VE-1220;1
VE-1222;1
VE-1224;1
VE-1226;1
VE-1227;1
VE-1228;1
VE-123;1
VE-1230;1
VE-1231;1
VE-1232;1
VE-1233;1
VE-1234;1
VE-1235;1
VE-124;1
VE-125;1
VE-1254;1
VE-1255;1
VE-1256;1
VE-126;1
VE-1283;1
VE-1284;1
VE-1285;1
VE-1285.a;1
VE-1286;1
VE-1287;1
VE-1288;1
VE-1289;1
VE-1290;1
VE-1291;1
VE-1292;1
VE-1293;1
VE-1294;1
VE-1295;1
VE-1296;1
VE-1297;1
VE-1298.a;1
VE-1298.b;1
VE-1299;1
VE-1300;1
VE-1301;1
VE-1302;1
VE-1303;1
VE-1304;1
VE-1305;1
VE-1306;1
VE-1307;1
VE-1308;1
VE-1309;1
VE-1310;1
VE-1311;1
VE-1312;1
VE-1313;1
VE-1314;1
VE-1315;1
VE-1316;1
VE-1317;1
VE-1318;1
VE-1319;1
VE-1320;1
VE-1321;1
VE-1322;1
VE-1323;1
VE-1324;1
VE-1325;1
VE-1326;1
VE-1327;1
VE-1328;1
VE-1329;1
VE-133;1
VE-1330;1
VE-1331;1
VE-1332.a;1
VE-1332.b;1
VE-1333;1
VE-1334;1
VE-1335;1
VE-1336;1
VE-1337;1
VE-1338;1
VE-1339;1
VE-134;1
VE-1340;1
VE-1341;1
VE-1342;1
VE-1343;1
VE-1344;1
VE-1345.a;1
VE-1345.b;1
VE-1346;1
VE-1347;1
VE-1348;1
VE-1349;1
VE-135;1
VE-1350;1
VE-1351;1
VE-1352;1
VE-1353;1
VE-1354;1
VE-1355;1
VE-1356;1
VE-1357;1
VE-1358;1
VE-1359;1
VE-136;1
VE-1360;1
VE-1361;1
VE-1362;1
VE-1363;1
VE-1364;1
VE-1365;1
VE-1367;1
VE-1368;1
VE-1369;1
VE-137;1
VE-1370;1
VE-1371;1
VE-1372;1
VE-1373;1
VE-1374;1
VE-1375;1
VE-1376;1
VE-1377;1
VE-1378;1
VE-1379;1
VE-138;1
VE-1380;1
VE-1381;1
VE-1382;1
VE-1383;1
VE-1384;1
VE-1385;1
VE-1386;1
VE-1387;1
VE-1388;1
VE-1389;1
VE-139;1
VE-1394;1
VE-1395;1
VE-1396;1
VE-1397;1
VE-1398;1
VE-140;1
VE-1400;1
VE-1401.a;1
VE-1401.b;1
VE-1401.c;1
VE-1401.d;1
VE-1401.e;1
VE-1401.f;1
VE-1402;1
VE-1403;1
VE-1404;1
VE-1405;1
VE-1406;1
VE-1407;1
VE-1409;1
VE-141;1
VE-1410;1
VE-1411;1
VE-1412;1
VE-1413;1
VE-1414;1
VE-1415;1
VE-1416;1
VE-1417;1
VE-1418;1
VE-1419;1
VE-142;1
VE-1420;1
VE-1421;1
VE-1422;1
VE-1423;1
VE-1424;1
VE-1425;1
VE-1426;1
VE-1427;1
VE-1428;1
VE-1429;1
VE-1430;1
VE-1431;1
VE-1432;1
VE-1433;1
VE-1434;1
VE-1435;1
VE-1436;1
VE-1437;1
VE-1438;1
VE-1439;1
VE-144;1
VE-1440;1
VE-1441;1
VE-1442;1
VE-1443;1
VE-1444;1
VE-1445;1
VE-1446;1
VE-1447;1
VE-1448;1
VE-1449;1
VE-145;1
VE-1450;1
VE-1451;1
VE-1452;1
VE-1453;1
VE-1456;1
VE-1457;1
VE-1458;1
VE-1459;1
VE-146;1
VE-1460;1
VE-1461;1
VE-1462;1
VE-1463;1
VE-1464;1
VE-1464.a;1
VE-1465;1
VE-1466;1
VE-1467;1
VE-1468;1
VE-1469;1
VE-147;1
VE-1470;1
VE-1471;1
VE-1472;1
VE-1473;1
VE-1474;1
VE-1475;1
VE-1476;1
VE-1477;1
VE-1478;1
VE-1479;1
VE-148;1
VE-1480;1
VE-1481;1
VE-1482;1
VE-1483;1
VE-1484;1
VE-1485;1
VE-1486;1
VE-1487;1
VE-1488;1
VE-1489;1
VE-149;1
VE-1490;1
VE-1491;1
VE-1492;1
VE-1493;1
VE-1494;1
VE-1495;1
VE-1496;1
VE-1497;1
VE-1498;1
VE-1499;1
VE-150;1
VE-1500;1
VE-1501;1
VE-1502;1
VE-1503;1
VE-1504;1
VE-1505;1
VE-1506;1
VE-1507;1
VE-1508;1
VE-1509;1
VE-151;1
VE-1510;1
VE-1511;1
VE-1512;1
VE-1513;1
VE-1514;1
VE-1515;1
VE-1516;1
VE-1517;1
VE-1518;1
VE-1519;1
VE-152;1
VE-1520;1
VE-1521;1
VE-1522;1
VE-1523;1
VE-1524;1
VE-1525;1
VE-1526;1
VE-1527;1
VE-1528;1
VE-1529;1
VE-153;1
VE-1530;1
VE-1538;1
VE-1539;1
VE-154;1
VE-1543.a;1
VE-1543.b;1
VE-1544;1
VE-1545;1
VE-1546;1
VE-1547;1
VE-1548;1
VE-1549;1
VE-155;1
VE-1550;1
VE-1551;1
VE-1552.a;1
VE-1552.b;1
VE-1552.c;1
VE-1552.d;1
VE-1552.e;1
VE-1552.f;1
VE-1553;1
VE-1554;1
VE-1555;1
VE-1556;1
VE-1557;1
VE-1558.a;1
VE-1558.b;1
VE-1558.c;1
VE-1558.d;1
VE-1559.a;1
VE-1559.b;1
VE-1559.c;1
VE-156;1
VE-1560.a;1
VE-1560.b;1
VE-1560.c;1
VE-1560.d;1
VE-1560.e;1
VE-1560.f;1
VE-1561;1
VE-157;1
VE-158;1
VE-159;1
VE-1594;1
VE-1595;1
VE-1596;1
VE-1597;1
VE-160;1
VE-1600;1
VE-1601;1
VE-1602;1
VE-161;1
VE-162;1
VE-163;1
VE-164;1
VE-165;1
VE-166;1
VE-167;1
VE-168;1
VE-169;1
VE-171;1
VE-173;1
VE-174;1
VE-175;1
VE-176;1
VE-177;1
VE-178;1
VE-179;1
VE-180;1
VE-181;1
VE-183;1
VE-185;1
VE-1882;1
VE-1883;1
VE-1884;1
VE-1885;1
VE-1886;1
VE-1888;1
VE-1889;1
VE-1890;1
VE-1891;1
VE-1892;1
VE-1893;1
VE-1894;1
VE-1895;1
VE-1896;1
VE-1897;1
VE-1898;1
VE-1899;1
VE-1900;1
VE-1901;1
VE-1902;1
VE-1903;1
VE-1904;1
VE-1905;1
VE-1906;1
VE-1907;1
VE-1908;1
VE-1909;1
VE-1910;1
VE-1911;1
VE-1912;1
VE-1913;1
VE-1914;1
VE-1915;1
VE-1916;1
VE-1917;1
VE-1918;1
VE-1919;1
VE-192;1
VE-1920;1
VE-1921;1
VE-1922;1
VE-1923;1
VE-1924;1
VE-1925;1
VE-1926;1
VE-1927;1
VE-1928;1
VE-1929;1
VE-193;1
VE-1930;1
VE-1931;1
VE-1932;1
VE-1933;1
VE-1934;1
VE-1935;1
VE-1936;1
VE-1937;1
VE-1938;1
VE-194;1
VE-195;1
VE-196;1
VE-1960;1
VE-1962;1
VE-1963;1
VE-197;1
VE-198;1
VE-199;1
VE-200;1
VE-2004;1
VE-201;1
VE-202;1
VE-203;1
VE-204;1
VE-205;1
VE-206;1
VE-207;1
VE-208;1
VE-209;1
VE-2094;1
VE-210;1
VE-211;1
VE-212;1
VE-213;1
VE-214;1
VE-215;1
VE-216;1
VE-217;1
VE-2172;1
VE-218;1
VE-219.a;1
VE-219.b;1
VE-220;1
VE-221;1
VE-2215;1
VE-2216;1
VE-2217;1
VE-2218;1
VE-2219;1
VE-222;1
VE-2220;1
VE-2221;1
VE-2222;1
VE-2223;1
VE-2224;1
VE-2225;1
VE-2226;1
VE-2227 (0-96);1
VE-2228;1
VE-2229;1
VE-223;1
VE-2230;1
VE-2231;1
VE-2232;1
VE-2233;1
VE-2234;1
VE-2235;1
VE-2236;1
VE-2237;1
VE-2238;1
VE-2239;1
VE-224;1
VE-2240;1
VE-2241;1
VE-2242;1
VE-2243;1
VE-2244;1
VE-2245;1
VE-2246;1
VE-2247;1
VE-2248.a;1
VE-2248.b;1
VE-2248.c;1
VE-2248.d;1
VE-2248.e;1
VE-2248.f;1
VE-2248.g;1
VE-2248.h;1
VE-2248.i;1
VE-2248.j;1
VE-2248.k;1
VE-2248.l;1
VE-2249;1
VE-225;1
VE-2250;1
VE-2251;1
VE-2252;1
VE-2252.a;1
VE-2252.b;1
VE-2252.c;1
VE-2253;1
VE-2254;1
VE-2256;1
VE-2257;1
VE-2258;1
VE-2258.a;1
VE-2258.b;1
VE-2259;1
VE-2259.a;1
VE-2259.b;1
VE-2259.c;1
VE-2259.d;1
VE-2259.e;1
VE-2259.f;1
VE-2259.g;1
VE-226;1
VE-2260;1
VE-2261;1
VE-2261.a;1
VE-2262;1
VE-2263.a;1
VE-2263.b;1
VE-2263.c;1
VE-2264;1
VE-227;1
VE-228;1
VE-229;1
VE-230;1
VE-2300;1
VE-2301;1
VE-2302;1
VE-2303;1
VE-2304;1
VE-2305;1
VE-2306;1
VE-2307;1
VE-2308;1
VE-2309;1
VE-231;1
VE-2310;1
VE-2311;1
VE-2312;1
VE-2313;1
VE-2314;1
VE-2315;1
VE-2316;1
VE-2317;1
VE-2318;1
VE-2319;1
VE-232;1
VE-2320;1
VE-2321;1
VE-2322.a;1
VE-2322.b;1
VE-2322.c;1
VE-2322.d;1
VE-2323.a;1
VE-2323.b;1
VE-2323.c;1
VE-2324.a;1
VE-2324.b;1
VE-2324.c;1
VE-2325.a;1
VE-2325.b;1
VE-2325.c;1
VE-2325.d;1
VE-2326;1
VE-2327;1
VE-2328;1
VE-2329;1
VE-233;1
VE-2330;1
VE-2331;1
VE-2332;1
VE-2333;1
VE-2334;1
VE-2335;1
VE-2338;1
VE-2339;1
VE-234.a;1
VE-234.b;1
VE-2340;1
VE-2341;1
VE-2343;1
VE-2344;1
VE-2345.a;1
VE-2345.b;1
VE-2346.a;1
VE-2346.b;1
VE-2346.c;1
VE-2347.a;1
VE-2347.b;1
VE-2348.a t/m g;1
VE-2349.a t/m c;1
VE-235;1
VE-2350.a;1
VE-2350.b;1
VE-2351;1
VE-2353;1
VE-2354;1
VE-2355;1
VE-2356.a;1
VE-2356.b;1
VE-2376.a;1
VE-2377.a t/m h;1
VE-2385;1
VE-2386.a;1
VE-2386.b;1
VE-2387.a;1
VE-2387.b;1
VE-2387.c;1
VE-2389;1
VE-2390;1
VE-2391;1
VE-2394.a;1
VE-2395;1
VE-2396;1
VE-2397;1
VE-2398;1
VE-2399;1
VE-2404 a t/m r;1
VE-2409;1
VE-2410;1
VE-2411;1
VE-2412.a;2
VE-2412.b;1
VE-2413.a t/m d;1
VE-2414;1
VE-2417;1
VE-2418;1
VE-2419;1
VE-2423.a t/m i;1
VE-2424.a;1
VE-2424.b;1
VE-2424.c;1
VE-2424.d;1
VE-2424.e;1
VE-2424.f;1
VE-2424.g;1
VE-2425.a;1
VE-2425.b;1
VE-2430.a t/m c;1
VE-2432;1
VE-2433;1
VE-2434.a;1
VE-2434.b;1
VE-2435;1
VE-2436;1
VE-2437;1
VE-2438;1
VE-2439;1
VE-2440;1
VE-2443;1
VE-2444;1
VE-2445;1
VE-2446;1
VE-2447;1
VE-2449;1
VE-2450;1
VE-2451;1
VE-2452;1
VE-2453;1
VE-2454;1
VE-2455;1
VE-2456;1
VE-2457;1
VE-2458;1
VE-2459;1
VE-2460.a;1
VE-2460.b;1
VE-2460.c;1
VE-2461;1
VE-2462;1
VE-2463;1
VE-2464.a;1
VE-2464.b;1
VE-2464.c;1
VE-2464.d;1
VE-2466;1
VE-2468;1
VE-2469;1
VE-2470.a;1
VE-2470.b;1
VE-2471;1
VE-2472;1
VE-2473;1
VE-2474;1
VE-2475;1
VE-2476;1
VE-2477;1
VE-2477.a;1
VE-2478;1
VE-2479;1
VE-2480;1
VE-2481;1
VE-2482;1
VE-2483;1
VE-2485;1
VE-2486.a en b;1
VE-2487;1
VE-2487.a;1
VE-2488;1
VE-2489;1
VE-249;1
VE-2490;1
VE-2491;1
VE-2492;1
VE-2493;1
VE-2494;1
VE-2495;1
VE-2496;1
VE-2497;1
VE-2498;1
VE-2499;1
VE-250;1
VE-2500;1
VE-2501;1
VE-2502;1
VE-2503;1
VE-2504;1
VE-2505;1
VE-2506;1
VE-2507;1
VE-2508;1
VE-2509;1
VE-251;1
VE-2510;1
VE-2511;1
VE-2512;1
VE-2513;1
VE-2515;1
VE-2516.a;1
VE-2516.b;1
VE-2517;1
VE-2518.a;1
VE-2518.b;1
VE-2518.c;1
VE-2518.d;1
VE-2518.e;1
VE-252;1
VE-2520;1
VE-2529.a t/m c;1
VE-2535;1
VE-2536;1
VE-2539;1
VE-254;1
VE-2540;1
VE-2541;1
VE-2542;1
VE-2543;1
VE-2545.a en b;1
VE-2546;1
VE-2547;1
VE-2548;1
VE-2549;1
VE-255;1
VE-2550;1
VE-2551;1
VE-2552;1
VE-2555;1
VE-2556;1
VE-2557;1
VE-2558;1
VE-2559;1
VE-256;1
VE-2560;1
VE-2561;1
VE-2562;1
VE-2563;1
VE-2564;1
VE-2565;1
VE-2566;1
VE-2567;1
VE-2568;1
VE-2569;1
VE-257;1
VE-2570;1
VE-2571;1
VE-2572;1
VE-2573;1
VE-2574;1
VE-2575.a en b;1
VE-2576;1
VE-2577;1
VE-2578;1
VE-2579;1
VE-258;1
VE-2580;1
VE-2581;1
VE-2582;1
VE-259;1
VE-260;1
VE-261.a;1
VE-261.b;1
VE-263;1
VE-264;1
VE-265;1
VE-266.a;1
VE-266.b;1
VE-266.c;1
VE-266.d;1
VE-266.e;1
VE-266.f;1
VE-266.g;1
VE-266.h;1
VE-266.i;1
VE-266.j;1
VE-266.k;1
VE-266.l;1
VE-266.m;1
VE-279.a;1
VE-279.b;1
VE-280;1
VE-281;1
VE-282;1
VE-283;1
VE-284;1
VE-285;1
VE-286;1
VE-287;1
VE-288;1
VE-289;1
VE-290;1
VE-291;1
VE-292;1
VE-293;1
VE-294;1
VE-295;1
VE-296;1
VE-297;1
VE-298;1
VE-299;1
VE-3;1
VE-30.a;1
VE-30.b;1
VE-30.c;1
VE-30.d;1
VE-30.e;1
VE-300;1
VE-301;1
VE-302;1
VE-303;1
VE-304;1
VE-305;1
VE-306;1
VE-307;1
VE-308;1
VE-309;1
VE-31;1
VE-310;1
VE-311.a;1
VE-311.b;1
VE-312;1
VE-313;1
VE-314;1
VE-315;1
VE-316;1
VE-317;1
VE-318.a;1
VE-318.b;1
VE-319;1
VE-32;1
VE-320;1
VE-321;1
VE-322;1
VE-323;1
VE-324;1
VE-325;1
VE-326;1
VE-327;1
VE-328;1
VE-329;1
VE-33;1
VE-330;1
VE-331;1
VE-332;1
VE-333;1
VE-334;1
VE-335;1
VE-336;1
VE-338;1
VE-339;1
VE-34;1
VE-340;1
VE-341;1
VE-342;1
VE-343;1
VE-344;1
VE-345;1
VE-346;1
VE-347;1
VE-348;1
VE-349.a;1
VE-349.b;1
VE-35;1
VE-350;1
VE-352;1
VE-353;1
VE-354;1
VE-355;1
VE-356;1
VE-359;1
VE-36.b;1
VE-360;1
VE-360.a;1
VE-361;1
VE-362;1
VE-363;1
VE-364;1
VE-365;1
VE-366;1
VE-367;1
VE-368;1
VE-369;1
VE-36a;1
VE-36b;1
VE-37;1
VE-370;1
VE-371;1
VE-373;1
VE-374;1
VE-375;1
VE-376;1
VE-377;1
VE-378;1
VE-38;1
VE-380;1
VE-381;1
VE-382;1
VE-383;1
VE-384;1
VE-385;1
VE-386;1
VE-387;1
VE-389;1
VE-39;1
VE-390;1
VE-391;1
VE-392;1
VE-394.a;1
VE-394.b;1
VE-395;1
VE-396;1
VE-397;1
VE-398;1
VE-399;1
VE-40;1
VE-401;1
VE-402;1
VE-406;1
VE-41;1
VE-42;1
VE-422;1
VE-423;1
VE-424;1
VE-43;1
VE-437;1
VE-439;1
VE-44;1
VE-45;1
VE-450;1
VE-46;1
VE-46A;1
VE-47;1
VE-48;1
VE-49;1
VE-50a;1
VE-50b;1
VE-51a;1
VE-51b;1
VE-52;1
VE-578;1
VE-579;1
VE-580;1
VE-581;1
VE-582;1
VE-584;1
VE-585;1
VE-586;1
VE-587;1
VE-588;1
VE-589;1
VE-590;1
VE-591;1
VE-592;1
VE-593;1
VE-594;1
VE-595;1
VE-596;1
VE-597;1
VE-598;1
VE-599;1
VE-600;1
VE-601;1
VE-602;1
VE-603;1
VE-604;1
VE-605;1
VE-606;1
VE-607;1
VE-608;1
VE-609;1
VE-610;1
VE-611;1
VE-612;1
VE-613;1
VE-614;1
VE-615;1
VE-616;1
VE-617;1
VE-618;1
VE-619;1
VE-620;1
VE-621;1
VE-622;1
VE-623;1
VE-624;1
VE-625;1
VE-626;1
VE-627;1
VE-628;1
VE-629;1
VE-630;1
VE-631;1
VE-632;1
VE-633;1
VE-634;1
VE-635;1
VE-636;1
VE-637;1
VE-638;1
VE-639;1
VE-64;1
VE-640;1
VE-641;1
VE-642;1
VE-643;1
VE-644;1
VE-645;1
VE-646;1
VE-647;1
VE-648;1
VE-649;1
VE-650;1
VE-651;1
VE-652;1
VE-653;1
VE-654;1
VE-655;1
VE-656;1
VE-657;1
VE-658;1
VE-659;1
VE-65a;1
VE-65b;1
VE-66;1
VE-660;1
VE-661;1
VE-662;1
VE-663;1
VE-664;1
VE-665;1
VE-666;1
VE-667a;1
VE-667b;1
VE-667c;1
VE-667d;1
VE-667e;1
VE-668;1
VE-669;1
VE-67;1
VE-670;1
VE-671;1
VE-672;1
VE-673;1
VE-674;1
VE-675;1
VE-676;1
VE-677;1
VE-678;1
VE-679;1
VE-68;1
VE-680;1
VE-681;1
VE-682;1
VE-683;1
VE-684;1
VE-685;1
VE-686;1
VE-687;1
VE-688;1
VE-689;1
VE-69;1
VE-690;1
VE-691;1
VE-692;1
VE-693;1
VE-694;1
VE-695;1
VE-696;1
VE-697;1
VE-698;1
VE-699;1
VE-70;1
VE-700;1
VE-701;1
VE-702;1
VE-703;1
VE-704;1
VE-705;1
VE-706;1
VE-707;1
VE-708;1
VE-709;1
VE-71;1
VE-710;1
VE-711;1
VE-712;1
VE-713;1
VE-714;1
VE-715;1
VE-716;1
VE-717;1
VE-718;1
VE-719;1
VE-72;1
VE-720;1
VE-721;1
VE-722;1
VE-723;1
VE-724;1
VE-725;1
VE-726;1
VE-727;1
VE-728;1
VE-729;1
VE-73;1
VE-730;1
VE-731;1
VE-732;1
VE-733;1
VE-734;1
VE-735;1
VE-736;1
VE-737;1
VE-738;1
VE-739;1
VE-74;1
VE-740;1
VE-741;1
VE-742;1
VE-743;1
VE-744;1
VE-745;1
VE-746;1
VE-747;1
VE-748;1
VE-749;1
VE-75;1
VE-750;1
VE-751;1
VE-752;1
VE-753;1
VE-754;1
VE-755;1
VE-756;1
VE-757;1
VE-758;1
VE-759;1
VE-76;1
VE-760;1
VE-761;1
VE-762;1
VE-763;1
VE-764;1
VE-765;1
VE-766;1
VE-767;1
VE-768;1
VE-769;1
VE-77;1
VE-770;1
VE-771;1
VE-772;1
VE-773;1
VE-774;1
VE-775;1
VE-776;1
VE-777;1
VE-778;1
VE-779;1
VE-78;1
VE-780;1
VE-781;1
VE-783;1
VE-784;1
VE-788;1
VE-789;1
VE-79;1
VE-790;1
VE-791;1
VE-792;1
VE-793;1
VE-794;1
VE-795;1
VE-796;1
VE-797;1
VE-798;1
VE-799;1
VE-800;1
VE-801;1
VE-802;1
VE-803.a t/m o;1
VE-804;1
VE-805;1
VE-806;1
VE-807;1
VE-808;1
VE-809;1
VE-80a;1
VE-80b;1
VE-81a;1
VE-81b;1
VE-82;1
VE-83a;1
VE-83b;1
VE-850;1
VE-852;1
VE-853;1
VE-854;1
VE-855;1
VE-856;1
VE-857;1
VE-858;1
VE-859;1
VE-860;1
VE-861;1
VE-862;1
VE-863;1
VE-864;1
VE-865;1
VE-866;1
VE-867;1
VE-868;1
VE-869;1
VE-870;1
VE-871;1
VE-872;1
VE-873;1
VE-874;1
VE-875;1
VE-876;1
VE-877;1
VE-878;1
VE-879;1
VE-88;1
VE-880;1
VE-881;1
VE-882;1
VE-883;1
VE-884;1
VE-885;1
VE-886;1
VE-887;1
VE-888;1
VE-889;1
VE-89.b;1
VE-89.c;1
VE-89.d;1
VE-89.e;1
VE-89.f;1
VE-89.g;1
VE-890;1
VE-891;1
VE-892;1
VE-893.a t/m p;1
VE-894;1
VE-895;1
VE-896;1
VE-897;1
VE-898;1
VE-899;1
VE-89a;1
VE-90;1
VE-900;1
VE-901;1
VE-902;1
VE-903;1
VE-904;1
VE-905;1
VE-907;1
VE-908;1
VE-909;1
VE-91;1
VE-910;1
VE-917;1
VE-918;1
VE-919;1
VE-920;1
VE-921;1
VE-922;1
VE-923;1
VE-924;1
VE-927;1
VE-928;1
VE-929;1
VE-93;1
VE-930;1
VE-931;1
VE-932;1
VE-933;1
VE-934;1
VE-935;1
VE-936;1
VE-937;1
VE-938;1
VE-939;1
VE-94.a;1
VE-94.b;1
VE-94.c;1
VE-940;1
VE-941;1
VE-942;1
VE-943;1
VE-944;1
VE-945;1
VE-946;1
VE-947;1
VE-948;1
VE-949;1
VE-95;1
VE-950;1
VE-950.a;1
VE-951;1
VE-952;1
VE-952.a;1
VE-953;1
VE-954;1
VE-955;1
VE-956;1
VE-957;1
VE-958;1
VE-959;1
VE-960;1
VE-961;1
VE-962.a en b;1
VE-963;1
VE-964;1
VE-965;1
VE-966;1
VE-969;1
VE-97;1
VE-970;1
VE-971;1
VE-972;1
VE-973;1
VE-973.a;1
VE-974;1
VE-975;1
VE-976;1
VE-977;1
VE-978;1
VE-979;1
VE-98;1
VE-980;1
VE-981;1
VE-981.a;1
VE-981.b;1
VE-982;1
VE-983;1
VE-984;1
VE-985;1
VE-985.a;1
VE-985.b;1
VE-985.c;1
VE-986;1
VE-987;1
VE-988;1
VE-989;1
VE-99;1
VE-990;1
VE-990.a;1
VE-991;1
VE-992;1
VE-993;1
VE-994;1
VE-995;1
VE-996;1
VE-997;1
VE-998;1
VE-999;1
VR-27;1
VR-31;1
VR-37;1
VR-37a;1
