https://data.cultureelerfgoed.nl/term/id/rn/2/137ded02-38cf-4ed8-8b9d-41bc353c27cc;124439
https://data.cultureelerfgoed.nl/term/id/rn/2/1672cd56-128a-40d9-8824-ea7d2dd649a2;81
https://data.cultureelerfgoed.nl/term/id/rn/2/334e17f1-5a87-4a83-a5ec-97e985d2bfda;224
https://data.cultureelerfgoed.nl/term/id/rn/2/420bd77a-267d-4b84-bce8-8ada648718b9;7
https://data.cultureelerfgoed.nl/term/id/rn/2/42366740-1836-49e0-bafd-e030d4ffbbdd;58
https://data.cultureelerfgoed.nl/term/id/rn/2/473c09ff-7c93-4d8b-bed2-78ecd476966a;995
https://data.cultureelerfgoed.nl/term/id/rn/2/4b10162e-c38d-439d-9068-ed613052eabe;372
https://data.cultureelerfgoed.nl/term/id/rn/2/4c31333c-93ec-4498-9b74-e49aeb61fc31;1121
https://data.cultureelerfgoed.nl/term/id/rn/2/5ce85eb7-5339-4b80-80af-d336f1e516f4;410
https://data.cultureelerfgoed.nl/term/id/rn/2/69eb38f2-e99c-48b5-95e2-60e4bf939f6f;1331
https://data.cultureelerfgoed.nl/term/id/rn/2/6b19f8a0-4c5e-49c5-a06f-f4d8b2beba38;35
https://data.cultureelerfgoed.nl/term/id/rn/2/6cffb162-bfd0-405d-90ad-e7866ae58f9d;54
https://data.cultureelerfgoed.nl/term/id/rn/2/6d2b76c7-23aa-4a5a-8123-864ea65df266;1081
https://data.cultureelerfgoed.nl/term/id/rn/2/6d310686-1d18-4bb1-8a1f-9c481b9d8214;271
https://data.cultureelerfgoed.nl/term/id/rn/2/70ae443c-5478-467a-a185-ec3485ed0dc7;626
https://data.cultureelerfgoed.nl/term/id/rn/2/716ca756-e82c-4687-9218-49b14218969f;18475
https://data.cultureelerfgoed.nl/term/id/rn/2/7ac0c8ad-80b7-46cd-9a61-6b474a215806;53
https://data.cultureelerfgoed.nl/term/id/rn/2/86ae59ab-9272-4aa6-aa35-c1cb0b6875b5;310
https://data.cultureelerfgoed.nl/term/id/rn/2/87db00a8-ce95-40e7-bb03-d7fe96f7c62b;344
https://data.cultureelerfgoed.nl/term/id/rn/2/89cd2284-92e1-4f27-8f08-766211eb1903;30
https://data.cultureelerfgoed.nl/term/id/rn/2/98c00896-7351-4f14-8824-9810250c6c9d;578
https://data.cultureelerfgoed.nl/term/id/rn/2/98f7fde5-f4bc-4b61-8101-f034495af095;186769
https://data.cultureelerfgoed.nl/term/id/rn/2/99b535b2-f0fe-4218-ab9e-e60518751a68;63
https://data.cultureelerfgoed.nl/term/id/rn/2/a134226a-97e3-48c4-930a-586b542d0e78;9802
https://data.cultureelerfgoed.nl/term/id/rn/2/a5ec6609-f540-4fc7-9a17-64e4eb7ebb2f;1276
https://data.cultureelerfgoed.nl/term/id/rn/2/acc539ae-2a68-40a7-ba0b-872f21afe752;9
https://data.cultureelerfgoed.nl/term/id/rn/2/b6674f50-0e5d-485a-941b-00eda44a0520;169
https://data.cultureelerfgoed.nl/term/id/rn/2/c63fffbd-b14e-473c-9b56-34206716e97b;822
https://data.cultureelerfgoed.nl/term/id/rn/2/d351fa25-e019-401f-a776-f9fd68c8124f;3992
https://data.cultureelerfgoed.nl/term/id/rn/2/e2226b62-0fc8-4156-898b-24c38389e385;37
https://data.cultureelerfgoed.nl/term/id/rn/2/edc68d63-43b9-46df-b915-eb8f7d97c45e;41
https://data.cultureelerfgoed.nl/term/id/rn/2/f0c69d83-ebc0-4bf4-ab10-16b659b40687;226
https://data.cultureelerfgoed.nl/term/id/rn/2/f996158c-1f57-4eab-9b23-f0b4b75314a0;471
;0
NULL;143742
