	D.K.;1
	J.;19
"
Hijma M.P.";1
"
M.";1
"
RasJ.";1
 J. ;2
 J.A.M. ;1
 J.D. ;1
 K.A.;1
 M. ;1
 M.R. ;1
'drs. B.;4
(Drs) D.;4
(Drs) J.;1
(Drs) M.A.K.;7
(Drs. ing. ) N.J.W.;1
(senior;4
,;1
.;8
. A.W.E.;1
. C.;1
. D.L.;1
. I.M.;1
. J.;3
. J.A.G.;3
. J.J.;1
. R.F.;1
. S.;1
.A.;1
.E.W.;3
.M.;1
.T.E.;2
.W.;1
12122042.48 DIV.ABdK.;1
13;2
150;1
17;1
4;1
:;1
: E.M.;1
: R.;1
: drs. C.F.H.;1
: ir. E.H.;1
?;6238
A;36
A ;7
A Bergman ;8
A Rijk P.T.A.;1
A,;1
A.;3471
A. ;160
A. (red.);9
A. A.;4
A. A. Ekelmans M. Ruijters E.Lyklema;1
A. A. Emaus;1
A. A. Spoelstra;4
A. A. Vissinga;2
A. C.;17
A. C. Verbeek;1
A. D. la Fèber;1
A. E.;1
A. E. Brouwer;2
A. E. Kaptijn;1
A. E. Schrijer;1
A. Engelse R.F.;21
A. G.;9
A. G. Soeters;2
A. G. Sophie E. Kaptijn;2
A. G.J.A. Sophie;1
A. H. Koopmanschap;1
A. Ham N.H.;4
A. Hanemaaijer M. Wagner A.;1
A. I. Kaptein;3
A. I. Vossen;1
A. J.;6
A. J. Hubers C. Helmich;1
A. J. Leuvering;3
A. J. Tolsma L. Spoelstra;1
A. J. Vaars;1
A. J.J. Hekman M. Hopman;1
A. K. Helfrich;3
A. K. Klerks;2
A. L. Haaring K. Klerks;1
A. M.;33
A. M. Gouw;1
A. M. Nokkert;1
A. M. Osinga;3
A. M.v. Dasselaar;1
A. N. Krekelbergh;1
A. P. Teekens A. Klene;1
A. P.C. Teekens;1
A. R. Engelse;1
A. R. Schrijvers;1
A. Rijk P.T.A.;1
A. S. Malda W.J. Weerheijm;1
A. S. Moerman;3
A. T. Obdam M.T.I.J. Bouman J.A.A. Bos;1
A. V. A. J.;3
A. Vrielink  L.;1
A. Vrielink  M.;1
A. Vrielink L.;1
A. W. Zijl D. Schiltmans;1
A. W.E. ;2
A. e.a. ;1
A. la E. Kaptijn M. Marinelli;1
A..;3
A.A.;271
A.A. ;5
A.A.A.;42
A.A.E.;2
A.A.G.;13
A.A.G. C. Helmich;2
A.A.G. C. helmich;1
A.A.J.;23
A.A.M.;2
A.A.T.;8
A.A.W.J.;34
A.A.W.J. ;1
A.B.M.;5
A.BoetermansM.;2
A.C;1
A.C.;494
A.C. ;4
A.D.;4
A.E.;71
A.E.I. ;1
A.E.M.;2
A.EngelseR.;2
A.F.;60
A.F. ;3
A.F. Loonen S.;12
A.F.E.;4
A.F.L;1
A.F.L.;3
A.G.;46
A.G.J;1
A.G.J.;224
A.G.J. ;3
A.G.M.;2
A.G.S.;65
A.G.S. ;4
A.GriffioenA.SchatsR. ;1
A.H.;606
A.H. Schutte G.J.;1
A.H.E.;1
A.H.L.;4
A.I.;78
A.I.M.;1
A.J;4
A.J.;916
A.J. ;16
A.J.  ;1
A.J. (ARC bv);1
A.J. A. Verpoorte;1
A.J. D. Bekius;1
A.J. E. Heunks ;1
A.J. E. Jacobs;1
A.J.D.;5
A.J.D. Klerk F.;1
A.L.;3
A.L.J.;1
A.M.;312
A.M. ;13
A.M.H.C.;292
A.M.H.C. ;1
A.M.H.C. A.W.E. Wilbers;1
A.M.H.C. Koekkelkoren  A.W.E.;1
A.M.H.C. Koekkelkoren A.W.E.;1
A.M.I.;34
A.M.I. ;2
A.M.I.  Van;1
A.M.J.;7
A.M.J.H.;4
A.M.L.;1
A.M.M.;1
A.M.V.;23
A.O.J.;23
A.P. Schrijer E. et al.;1
A.R.;99
A.R. ;1
A.R.R.;1
A.S.;16
A.SpoelstraL.KapiteinI.;1
A.T.;1
A.T.E.;1
A.T.L.E;1
A.T.L.E.;139
A.Takken BeijersbergenL.;1
A.TeekensP.;4
A.TuinstraS.;1
A.V.;5
A.V. A.J.;1
A.V.A.J.;22
A.V.A.J. ;1
A.V.A.J. Geerts R.C.A. Sam D;2
A.W.;7
A.W.A Mark R.;1
A.W.A.;23
A.W.A. ;2
A.W.E.;450
A.W.E. ;5
A.W.R.;2
A.Y.E.;2
A.de;1
A.g. ;2
AAA;1
AM;2
AM.I.;1
AR;1
Ade;3
Adrie;6
Albert;1
Aleth;1
Aletta;1
Alexander;3
Alfred;1
Andelko;2
Andjelko;1
Annabel;9
Anne;21
Anne T.L.E.;1
Anne-Lieke;3
Anneke;1
Anneleen;2
Annemieke;3
Annette;1
Annette J.C.;1
Antea;3
Antoinet;25
Antoinette;1
Anđelko;3
Anᵭelko;1
Ap.;1
Archeologisch;4
Archeologische;4
Arjan;7
Arjen;6
Arno;5
ArnoldussenS.;1
Arthur;6
Asja;2
Astrid;7
Auteurs  S. Hoen  M.A.;1
Axel;2
B;20
B ;2
B K. Leijnse;1
B.;888
B. ;68
B.  ;2
B. A.;1
B. A.T.M.;1
B. C.;1
B. D.;1
B. E. Rondags;1
B. H.;8
B. H.F.M.;1
B. I.;1
B. I. Hermsen E. Mittendorff;1
B. J.;2
B. J. Dijkstra;2
B. J. Huizer;6
B. J.H.F. Leuvering;1
B. M. Berkhout;2
B. M. Groothedde;1
B. P. Ilson;1
B. R. Torremans;1
B. S. Ostkamp;1
B. Sc. H.J.;1
B. Sc.H.J.;2
B. T. Nales;2
B. Van;3
B. e.a.;1
B. v.;1
B.A.;154
B.A. ;2
B.A. Corver P.A.;1
B.A. Kaal C.M.;1
B.A. v.d.;1
B.A.E.;2
B.A.J.T.;2
B.A.T.M;1
B.A.T.M.;78
B.A.T.M. ;9
B.C.;83
B.D.;23
B.E.J.M.;3
B.E.J.M> ;1
B.G.;1
B.H.;13
B.H.F.;1
B.H.F.M.;35
B.H.M.M.;1
B.I.;125
B.I. ;9
B.J.;141
B.J. ;5
B.J.G.;3
B.J.H.M;1
B.J.H.M.;31
B.J.L.;1
B.J.M.;1
B.J.N.;1
B.K.;3
B.KuijperW.;1
B.MolJ. ;1
B.N.;3
B.N.J.;131
B.N.J. ;9
B.N.J. Verschuren J.J.G.;1
B.N.J..;1
B.P.;64
B.P.C.;1
B.P.C.A.;8
B.P.C.A. ;1
B.Sc.H.J.;4
B.en M. Groothedde;1
B.van.;1
BI.;1
BIAX;1
BP;1
Bart;10
Bas;67
Beckers.I.S.J.;1
Beeno;1
Beerseweg;1
Beknopte;1
Benjamin;13
Bernd;3
Berno;1
Bert;67
Birgit;2
Birgit W.M.;1
Bob;1
Bodine;1
Borre J.;1
BoshovenE.H.;1
Bram;6
BrokkeA.J.;7
Bureau;2
C;8
C ;7
C W. Pouille ;1
C.;1681
C. ;71
C. A.;1
C. A. Emaus;1
C. A. Lutz S. Nederpelt;1
C. D. Stolk J. Jelsma;1
C. E. Schrijer;1
C. E. Schuurman;1
C. F. Miedema;1
C. F. Postma;1
C. F. Postma-Saan;1
C. F.B. Postma;2
C. G. Tak;1
C. Helmich En L.C.;1
C. J. Arts;1
C. J. Ras;1
C. J. Sprangers;2
C. J.W. Oudhof;1
C. J.W. Oudhof K. Klerks;1
C. L. Haaring R. Schrijvers J. Oudhof;1
C. M. Defilet;1
C. M. Janssen;5
C. M.C. Adegeest ;1
C. R. C.;9
C. R. Exaltus;2
C. S. Cuijpers F. Weijdema H. Bos;2
C. S. Lange;2
C. S. Moerman;1
C. S. Nederpelt;2
C. S. Warning;2
C. Verschoor;1
C. W.;6
C. W. Kuppens;3
C. W. Pouille;1
C. Y.;1
C. v.d.;2
C.. F. Postma-Faan D. Dijk;1
C.A.;207
C.A. ;26
C.A. R. Schrijvers;3
C.A.M.;35
C.B.;5
C.C;1
C.C.;295
C.C. ;21
C.C. H.;6
C.C.W.M.;3
C.D.R.;7
C.EngelseR.WagnerA.;2
C.F.;4
C.F.H;1
C.F.H ;2
C.F.H.;37
C.F.H. ;6
C.G.;31
C.H.;1
C.H.F.;2
C.H.H.;92
C.H.H. Bakker;2
C.I ;1
C.I.;192
C.I. R.L. Fens ;1
C.J.;6
C.J.M;1
C.J.M.;15
C.J.R.;1
C.J.W.;4
C.K.;13
C.L.;26
C.L. ;1
C.L.F.;7
C.L.F. ;1
C.L.F. Y. Henk R.D. Hoegen;1
C.M.;100
C.M. ;7
C.M.L.;15
C.M.W.;30
C.N.;54
C.N. ;2
C.N. B. Jansen;1
C.N. Raczynski H Van Rijn P;1
C.N. Y. Raczynski Henk E. Lyklema ;1
C.N. e.a.;1
C.N>;1
C.P.;61
C.P. ;2
C.R.;5
C.R.C.;197
C.R.C. ;9
C.R.C. Boer G.H.;1
C.R.C. Schamp  R. P.;1
C.R.G.;1
C.R.M.;1
C.S.;1
C.S.I.;19
C.S.I. ;6
C.T. ;1
C.Veenstra J.B. Niekus M.J.L.Th. Huisman H. Overweg A.J. ;1
C.W.;76
C.W. ;1
C.W. C. Sueur R. Schrijvers ;4
C.W.A.;2
C.W.M.;1
C.WagnerA.;8
C.Y.;55
C.Y. ;4
C.Y. (red.);2
C.Y. B.A. Corver;1
CC.;1
CM;1
CR.;1
Camilla;1
Carmen;10
Caroline;28
CattrysseA.;4
Cees;12
Ch.;1
Chris;4
Christiaan;1
Christianne;3
Constance;1
Coosje;2
Coppens;1
D;32
D ;2
D.;2010
D. ;70
D.  Geerts R.C.A.;1
D. A Schorn;1
D. D.;1
D. D.L.;2
D. E.;1
D. E. Schrijer;1
D. F. Postma;1
D. H. Kremer;4
D. H. Leuvering S. Koeman H. Kremer;1
D. H. Wassink J.H.F. Leuvering;1
D. Hemmen ;1
D. J.;2
D. J. Leuvering;5
D. J. Leuvering E. Rondags;2
D. J. Leuvering S. Koeman;1
D. J. Vosselman;1
D. J.H.F. Leuvering;9
D. Koeman S. MolJ.RondagsE.;1
D. KoemanS.KremerH.;1
D. KremerH.PhilipsG.;1
D. L. Valckx J. Leuvering;1
D. L.F.M. Valckx J.H.F. Leuvering;2
D. La Feber e.a.;1
D. LeuveringJ.;1
D. N. Krekelbergh;3
D. N.J. Krekelbergh;1
D. R.;1
D. R. Houkes L. Kooistra;2
D. R. Nillesen J. Leuvering;1
D. S.;2
D. S. Jager;1
D. S. Koeman;9
D. S. Koeman E. Rondags;1
D. S. Koeman H. Kremer;3
D. S. KoemanE.Rondags;1
D. S.KoemanE.Rondags;1
D. S.M. Koeman;5
D. S.M. Koeman H. Kremer;1
D. S.M. Koeman H. Kremer E.A. Schorn;1
D. U.;1
D. U. Hekman J. J.;1
D. U. Hekman J.J.;1
D. Woolschot. E.;2
D. la;18
D. la ;3
D. la A. Spoelstra;1
D. la Fèber H.J.L.C.;1
D. la I. Vossen P. Teekens;1
D. la M. Marinelli;1
D. te;7
D. v.d. J. Jans;1
D.A.;82
D.A. ;8
D.A. A.H. Schutte;2
D.A. J. Bolhuis ;1
D.A. M. Opbroek ;2
D.A.A.;8
D.A.A. ;9
D.A.A. D'hondt F.G.R. ;2
D.B.;21
D.B.S.;1
D.C.;5
D.C.M.;32
D.D.;27
D.D.F.;3
D.D.L.;5
D.E.;30
D.E. ;3
D.E. A.;1
D.E.A;1
D.E.A.;186
D.E.A. ;4
D.E.H.;13
D.E.P.C.M.;12
D.F.;36
D.F.A.E.;71
D.F.A.E. ;3
D.F.A.M.;231
D.G.;39
D.G. ;2
D.G.H.;1
D.G.M.;1
D.H.;25
D.H. Kremer;1
D.J.;64
D.J. ;2
D.J. la;1
D.J. la ;1
D.K.;2
D.K. ;1
D.KoemanS.;4
D.KoemanS.KremerH.;4
D.KoemanS.RondagsE.;1
D.KoemanS.SchornE.;1
D.L.;128
D.L. ;4
D.L.de.;1
D.LeuveringJ.;3
D.LeuveringJ.KoemanS.;1
D.LeuveringJ.KremerH.;2
D.LeuveringJ.Nillesen;1
D.LeuveringJ.RondagsE.;3
D.M.;64
D.M. ;1
D.M. e.a.;1
D.M.G.;85
D.M.G. ;2
D.M.SierE.RondagsN.v.LiefferingeA.v.d.Kuijl;2
D.N.G.;1
D.P.;1
D.R.;50
D.S.;9
D.S. ;1
D.S. Koeman L. Valckx;1
D.S.KoemanE.RondagsN.v.LiefferingeE.v.d.Kuijl;1
D.S.KoemanE.v.d.KuijlE.Rondags;2
D.S.KoemanE.v.d.KuijlS.Diependaal;1
D.S.KoemanM.SierE.v.d.Kuijl;1
D.T.;1
D.T.L.;1
D.T.P;4
D.T.P.;47
D.T.P. ;67
D.T.P.  S. M. Koeman T. Deville;1
D.T.P. 7 Koeman S.M.;1
D.T.P. H. Kremer T. Deville;1
D.T.P. J.H.F. Leuvering;1
D.T.P. Leuvering J.H.F.;1
D.T.{;1
D.U.;46
D.U. ;3
D.U. Boon H.;1
D.U. Hekman J.J.;3
D.U. Van Rooij J.;1
D.U. Van Rooij J.J.;2
D.de;1
D.en E.A. Schorn;1
D.en J.H.F. Leuvering;1
D.f.A.E.;1
D.i.;1
DCM;2
DM;1
DR. P.M.M.A.;1
DRs. ing. M.J.;1
DalenS.;1
Daphne;3
Daudi;2
David;3
Davy;12
De;11
De heer A.R.;2
De heer E.E.A.;1
De heer G.J.;7
De heer O.P.N.;1
De heer R.T.F.;1
De heer T.;1
De heer drs. S.M.;1
De heer drs. T.H.L.;1
Dean;3
Definitief;2
Devon;1
Dhr. E.;1
Dhr. H.;1
Dhr. J.;1
Dhr. M.C.M.;1
Dhr. P.;4
Dhr. P.J.L.;6
Dhr. S.A.;1
Dhr. drs. A.H.;1
Dhr. drs. F.G.R.;1
Dhr. drs. F.M.J.;1
Dhr. drs. J.E.M.;1
Dhr. drs. T.H.L.;1
Dhr. drs. bc. A.H.;1
Diana;7
Diederich;4
Diederick;8
Diederijk;1
Diederik;9
Diederock;1
Diependaal.S.;2
Dirk;51
Dr A.C.;1
Dr.;4
Dr. A.;1
Dr. A.C.;5
Dr. A.V.A.J.;1
Dr. A.W.E.;2
Dr. C.;2
Dr. J.A.;4
Dr. M.;1
Dr. M.L.;2
Dr. M.P.F.;11
Dr. P.M.M.A.;1
Dr. Patrick M.M.A.;1
Dr. R.A.;4
Dr. S.;1
Dr. T.A.;6
Driehoek;1
Drs A.J.;3
Drs J.H.;1
Drs M.;1
Drs R.;1
Drs T.;2
Drs.;4
Drs. A.;15
Drs. A. A.;9
Drs. A. H.;2
Drs. A. J.;1
Drs. A.A.;41
Drs. A.H.;21
Drs. A.J.;27
Drs. B.;2
Drs. B.A.;1
Drs. D.;37
Drs. D.L.;2
Drs. E.;12
Drs. E. W.;1
Drs. E.A.;1
Drs. E.E.A.;91
Drs. E.M.P.;1
Drs. F.;1
Drs. G.;1
Drs. G.W.J.;76
Drs. H.;6
Drs. I.;7
Drs. I.R.P.M.;1
Drs. Ing. N.J.W.;7
Drs. J.;15
Drs. J.H.;22
Drs. J.H.F.;4
Drs. J.J.;15
Drs. J.N.W.;1
Drs. J.P.L.;2
Drs. J.S.;1
Drs. K.;10
Drs. K.J.;3
Drs. M.;9
Drs. M.A.;3
Drs. M.A.K.;5
Drs. M.D.R.;2
Drs. M.J.;1
Drs. N.;1
Drs. O.P.N.;1
Drs. P.A.;1
Drs. P.C.;1
Drs. P.J.M.;1
Drs. R.;12
Drs. R.N.;1
Drs. R.W.;1
Drs. S.;47
Drs. S.D.;1
Drs. S.M.;4
Drs. T.;112
Drs. T. H.L.;1
Drs. T.H.L.;97
Drs. V.;1
Drs. W.A.;1
Drs. X.C.C.;2
Drs. ing. C.;7
Drs. ing. G.J.;3
Drs. ing. M.;2
Drs. ing. N.J.W.;7
Drs. ing. R.;1
Duistervoordseweg;1
E;13
E ;1
E.;3299
E. ;150
E.  Burnier C.Y.;2
E.  G. Boreel R. Lotte;1
E.  Kenemans M.;2
E.  T. Klerks;1
E. (red.);1
E. A.;3
E. A. A.;1
E. Arkema M. Sophie G. Nollen J. Hendriks J.;1
E. B. Brugman W. Hessing;1
E. Beuger S. Tol A.J.;1
E. Broeke E.M.;16
E. C. Luinge ;1
E. De;1
E. DiependaalS.HagensD.;1
E. E. A.;35
E. E. Akkerman;8
E. E. Akkerman W. Ytsma;2
E. E. Brouwer;4
E. E.v.d.Kuijl;1
E. Eimermann M.;1
E. G.L. Williams;1
E. H. ;1
E. Hazen P.L.M.;3
E. Hiddink H.;1
E. Holl J.;2
E. I;1
E. I.;2
E. J.;3
E. J. Hendriks I. Hermsen;5
E. J. Kluit;3
E. J. Waasdorp;1
E. J. Wildenberg;3
E. J.W. Oudhof;1
E. K. Klerks;4
E. K. Klerks E. Louwe;1
E. K. Klerks W. Toonen;2
E. L. Haring K. Klerks;1
E. L. Smole;1
E. L. Tebbens;1
E. Loopik J. ;1
E. M.;2
E. M. Benjamins;1
E. M. Gouw W. Hessing;1
E. M. Opbroek;2
E. M.P.;1
E. Moerman S. ;1
E. P. ;1
E. P. Teekens;2
E. P. Wemerman T. Spitzers;1
E. R. Quak;1
E. R. Schrijvers;3
E. R. Torremans;1
E. Riesmeijer W.H.A Broeke E.M.;5
E. Riesmeijer W.H.A Wullink A.J.;2
E. S. Depuydt;1
E. S. Koeman D. Hagens;1
E. S. Moerman;2
E. S. Nederpelt;2
E. T. Spitzers;1
E. Van;1
E. W. Hessing B. Brugman;1
E. W. Pouille;1
E. W. Roessingh;1
E. W. Toonen;7
E. Wullink A.J.;5
E. Zielman G.;1
E. e.a.;2
E. v.d.;4
E. v.d. Boon H.;1
E.-R. Schrijvers;1
E.A.;653
E.A. ;4
E.A.G.;18
E.A.G. ;1
E.A.G. E.N.A. heirbaut;1
E.A.K.;2
E.A.M.;271
E.A.M. ;16
E.A.m.;1
E.B.J.;3
E.C.;302
E.C. ;9
E.C. L.I. Kooistra;1
E.C. S.A. Mulder ;1
E.C. Waasdorp J.A.;1
E.C.R.;3
E.DiependaalS.HagensD.;1
E.E.;4
E.E. ;1
E.E.A et al;1
E.E.A.;122
E.E.A. ;2
E.E.A. et al;3
E.E.B.;5
E.E.B. A.H. Kloosterman E. kaptijn;1
E.F.A.;20
E.F.M.;7
E.H.;184
E.H. ;11
E.H. Groot B.;4
E.H.L.D.;16
E.H.L.D. ;2
E.H.P.;5
E.I.;69
E.I. ;2
E.J.;36
E.J. ;2
E.J. (red.);2
E.J. Jongma S.H.;1
E.J. S.H. Jongsma;1
E.J.A.;1
E.J.M.;52
E.J.M. ;6
E.J.N.;109
E.J.N. ;1
E.K.;12
E.K. K. Klerks;1
E.K.A.;1
E.L.;3
E.M;8
E.M.;1555
E.M. ;70
E.M.  A. Müller;1
E.M. G.W.J. Spanjaard;1
E.M. e.a.;2
E.M.P;1
E.M.P.;13
E.M.P. ;3
E.M.ten;1
E.N ;1
E.N.;43
E.N. ;9
E.N.  ;1
E.N. P.C. Teekens;2
E.N. P.C. Teekens E. Akkerman;1
E.N.A.;24
E.N.A. ;15
E.N.A.  ;3
E.N.J.;1
E.P.;2
E.P.M.;1
E.R.;1
E.R.A.;3
E.R.J.G.;102
E.S.;21
E.S. B Vermeulen ;1
E.T.;2
E.T.A.;86
E.W;1
E.W.;769
E.W. ;15
E.W. Brouwer bc. W.A. Ytsma F.;1
E.W. Ytsma Ma;9
E.W. briefrapport IVO archeologie Tripsbos-Sappemeer;1
E.WynsS.;1
E.de;3
E.van ;1
EJ.M.;1
EM.;4
Eckhart;4
Edwin;18
Eelco;2
Een;12
Eimert;28
El J.;1
Elbrich;4
Eline;9
Elisabeth;7
Elizabeth;1
Elly N.;1
Elly N.A.;4
Els;1
Emile;7
Emoile;1
Epko J.;1
Epko J. Bult ;1
Epko j.;1
Eric;13
Eric. Norde ;1
Erica;4
Erik;21
Ernst;10
Erwin;28
Eugene;1
Eva;2
Everhard;2
Evert;1
Ewan;4
F;9
F.;1384
F. ;33
F.  ;2
F.   ;1
F. B. Geerts;1
F. D. Dijk;1
F. Diederik;1
F. Dijkstra L.;1
F. E. Schorn;2
F. G. R.;1
F. G. Williams;1
F. H. J.;1
F. J.;2
F. J. ;1
F. J. H.;57
F. J.H.;1
F. L. Tebbens;2
F. M.;4
F. M. Opbroek S. Beckerman;1
F. R. Reijnen;1
F. S.;1
F. S. Dautzenberg;1
F. W.J.M. Janssen;1
F. v.d.;1
F.A.;63
F.A. ;1
F.A.  ;1
F.A.C.;1
F.B.;15
F.B. ;2
F.C.;13
F.C. ;2
F.E.;5
F.G.;8
F.G.R.;104
F.G.R. ;2
F.G.R. B.K. Terryn;1
F.G.R. D’hondt;1
F.G.R. G.P.A. Besuijen;1
F.J.;81
F.J. ;2
F.J. (red.);1
F.J. v.d.;1
F.J.C.;20
F.J.C. ;4
F.J.G.;13
F.J.H.;12
F.J.M.;6
F.J.P.;5
F.J.T.;8
F.M;8
F.M.;85
F.M. ;2
F.M.E.;12
F.M.J .;1
F.M.J.;246
F.M.J. ;3
F.M.J. J. Ras;1
F.P.;38
F.P. ;1
F.P.J;2
F.P.J.;442
F.P.N.;31
F.R.;6
F.R. ;1
F.R.P.M.;101
F.R.P.M. ;18
F.R.P.M.  ;1
F.R.P.M. Miedema;1
F.S.;89
F.S. ;10
F.S. J. Huizer ;3
F.S. Zuidhoff H.M.;1
F.T.A.M.;3
F.T.S.;1
F.T.S. ;1
F.Z.;1
F.van.;1
FJT;1
FMJ;3
FPJ;2
Femke;40
Fenna;1
Fieke;1
Fj.;1
Floris;23
Folkert;2
Frank;1
Fred;3
Frits;1
G;14
G ;1
G .;1
G.;1418
G. ;42
G.  ;1
G. A. Spoelstra I.N. Kaptein;3
G. Aalbersberg W.A.;1
G. B.;1
G. Boon H.;1
G. Boon H. Ewolds D.U.;1
G. DE  ;1
G. De;4
G. De ;1
G. De Kramer J.;1
G. H.;1
G. HeidemanM.JanssensM.;1
G. J.;7
G. J. A.;1
G. J. Blom;1
G. J. Blom T. Nales;1
G. J. Leuvering;1
G. J. Ras;2
G. J.B. Hielkema ;1
G. JanssensG.ThijssenP.;1
G. L.;1
G. M. Berkhout A. Wilbers;1
G. M. H.;136
G. M. H. Mientjes A. C.;1
G. M. H.en Ras J.;1
G. P.;3
G. P. Hazen;1
G. P. Stokkel;1
G. P. Teekens;1
G. R.;1
G. R. Machiels ;1
G. T. Nales;2
G. Veenstra H.W.;1
G. W. J.;1
G.A.;5
G.A.G. ;1
G.B.;11
G.C. ;1
G.C.W.;7
G.ExaltusR.OrbonsJ.;1
G.F.H.M.;10
G.F.H.M. Kempenaar D.E.A.;1
G.G.;2
G.H;2
G.H.;120
G.H. ;20
G.H.M.;1
G.HeidemanM.JanssensM.;1
G.J.;945
G.J. ;19
G.J. K. Bosma ;1
G.J. Y.R. Csonka ;1
G.J.A Sophie C.;1
G.J.A.;79
G.J.A. ;1
G.J.E.;2
G.J.H.M.;1
G.KoemanS.HagensD.;1
G.L.;62
G.L. ;2
G.L. (red.);23
G.L..;1
G.L.G.A.;1
G.M.;25
G.M.A.;29
G.M.A. ;1
G.M.H;1
G.M.H.;112
G.M.H. ;1
G.M.L.;1
G.M.L. De;1
G.NalesT.;1
G.P.;26
G.P. ;2
G.P. W.B. Waldu;1
G.P.A.;178
G.P.A.M;1
G.P.A.M.;150
G.P.A.M. ;3
G.R;1
G.R ;15
G.R.;123
G.R. ;10
G.R. M.H.P.M. Ruijters X.C.C.van Dijk D.M.G. Keijers ;1
G.R>;1
G.T.;11
G.T. ;7
G.T.C.;16
G.T.C. ;1
G.V.;1
G.W.J.;358
G.W.J. ;9
G.W.J. Kremer H. ;1
G.j.;1
GJ;1
Gabri;1
Gazenbeek.G.;1
Ge;1
Geen;112
Geert;2
Gerard;12
Gerben;3
GerritsenS.;1
Geuch;1
Guus;4
H;8
H ;4
H.;1401
H. ;72
H.  ;1
H. A. Spoelstra;12
H. A. Spoelstra D. la FFber;1
H. A. Spoelstra J. Oude Rengerink;1
H. D. Hagens;7
H. D. Hagens L. Valckx;1
H. D.T.P. Hagens;1
H. E. Blom;1
H. Ewolds D. U.;2
H. Ewolds D.U.;3
H. G.;84
H. G. Glas;1
H. H. J.;23
H. H. J. Uleners    J.;1
H. HagensD.;3
H. J. Bex ;1
H. J. Huizer;5
H. J. L.C.;2
H. J. W. C.;1
H. J.J. Hekman;1
H. J.L.C.;1
H. Kremer 7 T.;1
H. L. Valckx D. Hagens;1
H. M. Osinga J.J. Hekman;1
H. P.;1
H. P. Teekens;7
H. R. Nillesen;2
H. S. Koeman;1
H. S.M. Koeman;1
H. S.M.Koeman;1
H. Vromen ;1
H. Y. Boekema;2
H.A.;9
H.A.C.;33
H.A.C. ;2
H.A.P.;29
H.A.P. ;1
H.A.R.;1
H.A.S.;76
H.B. G.;3
H.B.G.;117
H.B.G. ;2
H.B.G. R.R. Datema F.P.M. Bunnik;1
H.C.;1
H.C.G.M.;4
H.C.G.M. ;2
H.C.J.;18
H.D. Hagens;1
H.D.W.;1
H.E;2
H.E.;167
H.E. ;4
H.E.G.;7
H.F.;1
H.F.A.;43
H.F.A. ;1
H.F.G.;1
H.G.;145
H.G.A.;3
H.G.B.;1
H.H.;24
H.H.C.;1
H.H.J.;69
H.H.J. ;3
H.HagensD.;1
H.J.;213
H.J. ;7
H.J.C.L.;2
H.J.F. ;1
H.J.L.;1
H.J.L.C .;1
H.J.L.C.;214
H.J.L.C. ;11
H.J.L.C.  ;1
H.J.LC.;1
H.J.N.;21
H.J.T.;5
H.J.W.C. ;1
H.KoemanS.;1
H.KremerH.;1
H.KremerH.DipendaalS.;1
H.L.;43
H.L. ;1
H.L.A.;4
H.LeuveringJ.HagensD.;1
H.M;1
H.M.;238
H.M. ;11
H.M. Brunink L.;1
H.M.M.;5
H.M.P.;3
H.N.;10
H.NillesenR.;1
H.P.;1
H.S.;3
H.SpoelstraA.;2
H.T.;1
H.W.;84
H.W. ;2
H.W. G. Aalbersberg ;8
H.W.D.;21
HH ;1
HJLC;1
HW;5
Hagens;1
Hans;9
Harm;3
Harry;16
Havik;1
Heiberg;1
Hein;1
Heleen;29
Hemmy;13
Hemmy Clevis;1
Henk;32
Henk Y. ;1
Henry;2
Henry Wolf;1
Herman;1
Heroen;1
Herre;1
HesselingI.;1
Hilde;14
Hoen;1
Hogestijn;1
Horn;1
HuismanJ.J.;1
Huizer J.;1
Huub;2
I;15
I ;1
I.;1024
I. ;43
I. A. Bakker;1
I. A. Huizing-Schreur;1
I. A. Vlissinga;1
I. E.;16
I. E. Haveman;3
I. F. Stevens B. Silkens;1
I. H. Koopmanschap;1
I. I.;2
I. J. Blom;1
I. J. Holl;2
I. J. Huizer;7
I. J. Leuvering;1
I. J. Tolsma;1
I. Jelsma J.;2
I. M.;1
I. M. Hanemaaijer;4
I. P. Teekens;2
I. R. Fens ;1
I. R. Fens S. Thasing;1
I. Wemerman P.;2
I..K.;1
I.A.;74
I.A. ;5
I.ArkemaM.;1
I.B.;1
I.C.;6
I.C.G.;22
I.E.;67
I.E. ;7
I.G.;23
I.G. ;2
I.H.J.;2
I.H.J. ;3
I.J.;125
I.J. ;2
I.Korveren J.;1
I.L.;29
I.L.F.;7
I.M.;65
I.M. ;6
I.M.C.;5
I.M.H.;4
I.M.J.;78
I.M.J. ;1
I.M.J. Velthuis and J.P.F.;1
I.M.J. W.B. Waldus ;8
I.M.M.;1
I.N.;165
I.N. ;9
I.P.M.;1
I.R.;1
I.R.P. ;1
I.R.P.M.;59
I.R.P.M. ;7
I.R.P.M. drs.;1
I.S.;3
I.S.J;2
I.S.J ;1
I.S.J.;538
I.S.J. ;24
I.S.J. Beckers G.M. Averink R. Schrijvers;1
I.S.J. W.J. Weerheijm;1
I.S.J.en J.M. Blom ;1
I.TolsmaJ.;1
IE;2
IVO-KARTEREND;1
IVO-O;1
IVO-P;1
Ian;1
Ilja;5
Ineke;45
Ing M.J.;1
Ing. A.M.;2
Ing. G.J.;21
Ing. J.F.M.;1
Ing. L.D.J.;2
Ing. M.J.;4
Ing. R.;1
Ing. drs. N.J.W.;2
Inger;2
Ingmar;2
Ingrid;5
Ingrid E.;1
Inventariserend;4
Inventariserend veldonderzoek d.m.v.;3
Ipping-Petterson;1
Ir J.;1
Ir. B.;1
Ir. B.A.;4
Ir. E.H.;1
Ir. E.M.;18
Ir. F. J.;5
Iris;102
Ivo;9
Ivo Hermsen m.m.v.;1
J;84
J ;10
J .;1
J-M.;3
J.;7200
J. ;404
J.  ;2
J. (red.);7
J. A.;6
J. A. Bakker;3
J. A. Loonen;1
J. A. Spoelstra D. le FTber;1
J. A. Vissinga;1
J. B.;6
J. B. Hendrikx;1
J. B. Hendrikx J. Huizer;1
J. B. Klinck;1
J. C. Helmich;1
J. C. Soonius;3
J. C. Tulp;1
J. Coenen C. ;1
J. Coenen T.;1
J. Coenen T. ;3
J. Colijn H.J.L.C. Koopmanschap A.J. Brokke V.;1
J. D. Dijk;3
J. D. Hagens;1
J. D. Hagens H. Kremer S. Koeman;1
J. D. Hagens R. Nillesen;1
J. D. la Fdber;1
J. E.;108
J. E. Noels ;1
J. E. Rondags;1
J. E.A.;1
J. F.;15
J. G. E.;2
J. G. Sophie;1
J. H. Kremer;1
J. H. Uleners;1
J. H. Vermunt M.J.A.;1
J. Holl J.;3
J. Holl M. Hanemaaijer A.G.;1
J. Holl R.;2
J. Huizer J.M.;1
J. J.;1
J. J. Brijker;1
J. J. Claeys;1
J. J. Huizer;21
J. J. Tolsma;1
J. J. Veerkamp;5
J. J.A.;1
J. J.E. ROBB;1
J. J.E.M. Wattenberghe;1
J. J.M. Blom F.A.C. Haans;1
J. Jonge L.;1
J. K.;1
J. Kerpentier E.;1
J. Krijnen;1
J. L. Nijdam;2
J. L. Stuurman ;1
J. M.;3
J. M. ;1
J. M. Bergmans;9
J. M. Bergmans ;3
J. M. Berkhout;1
J. M. Defilet;2
J. M. G.;19
J. M. Jordanov;1
J. M. MagnTe;1
J. M. Osinga;1
J. M. Stiekema;1
J. M.G.;1
J. N. Vlieks ;1
J. NillesenR.;1
J. P.;3
J. P. L.;4
J. P.C. Teekens R.L. Fens;1
J. R.;1
J. R. Halverstad;1
J. R. Jayasena;4
J. R. Jayasena J. Veerkamp;2
J. R. Nillesen;4
J. R. Paulussen;1
J. R. Tousain;1
J. R. v.d. Zee;1
J. R.A. Lelivelt ;1
J. R.C.A Geerts ;1
J. R.v.Lil;1
J. S.;8
J. S. Gerritsen;2
J. S. Moerman;8
J. S. Ostkamp;1
J. S. Zandboer;1
J. S.H. Jongma ;1
J. S.M. Koeman D. Hagens H. Kremer;1
J. SCHRIJER E.;1
J. SoetensL.;1
J. T. Nales;2
J. Tulp C.;2
J. V. Jolink;1
J. Vanden;4
J. Vanden ;1
J. Vanden G. Labiau;1
J. W.;1
J. W. Pouille;1
J. W. v. Breda J. Huizer;1
J. Weinans. P.;1
J. Wilgen L.R.;1
J. drs.;1
J. e.a.;1
J. v.;1
J. v.d.;3
J.-W.;1
J..;1
J.A .;2
J.A.;217
J.A. ;3
J.A. A. ;1
J.A.A.;87
J.A.A. ;4
J.A.G.;224
J.A.G. ;39
J.A.G> ;1
J.A.J.;8
J.A.M Drs.;3
J.A.M.;439
J.A.M. ;23
J.A.M.  ;1
J.A.M..;1
J.A.M> ;3
J.A.T.;2
J.A.W.;4
J.B.;225
J.B. ;13
J.BrijkerJ.ReigersmanF.;1
J.C.;17
J.C.A.;1
J.C.G;1
J.C.G.;16
J.C.G. ;1
J.D.;34
J.D. ;4
J.D. hagens;1
J.D.M. ;1
J.E.;257
J.E. ;2
J.E. Akkerman;2
J.E. AkkermanW. Brouwer;1
J.E. Brouwer;4
J.E.A.;117
J.E.A. ;4
J.E.A.L.;1
J.E.M.;183
J.E.M. ;2
J.F.;121
J.F. ;10
J.F.H.;1
J.G.;2
J.G.C.;1
J.G.E;1
J.G.E.;485
J.G.M.;31
J.G.M. ;3
J.G.N.;1
J.H.;63
J.H.C.;2
J.H.F;16
J.H.F.;428
J.H.F. ;21
J.H.F. D. Hagens;1
J.H.F. Hagens D.;1
J.H.F. Kremer H.;1
J.H.F. R. Nillesen ;1
J.H.F. drs. R. Nillesen;1
J.H.F> ;1
J.H.G.;1
J.H.M.;54
J.H.M. ;4
J.H.f. Hagens D.;1
J.HagensD.;3
J.J.;494
J.J. ;12
J.J. (red.);1
J.J. Ewolds D. U.;1
J.J. Ewolds D.U.;1
J.J. J.B. Veenstra;3
J.J. M. Osinga;1
J.J. M.C. Steenbakker ;1
J.J.A.;114
J.J.A.J.;6
J.J.F.;3
J.J.G Pijpelink A. ;1
J.J.G.;278
J.J.G. ;7
J.J.G. A.H. Schutte;1
J.J.G. M.A.K. Vroomans P. Driessen;1
J.J.H.;3
J.J.J.;3
J.J.J.G.;1
J.J.M ;1
J.J.W.;49
J.J.W. ;5
J.JayasenaR.;1
J.K Lubeek Msc.;1
J.K.;5
J.K. Lubeek MSc.;1
J.KapteinI.;1
J.KremerH.;1
J.L.;38
J.L. ;3
J.L.van;1
J.M;4
J.M.;358
J.M. ;109
J.M. Boschloo B.Sc.H.J.;1
J.M. Boschloo H.J.;1
J.M. H. Brongers;1
J.M. I.S.J. Beckers;1
J.M. J.A.A. Bos D.A. Gerrets ;1
J.M.A.;12
J.M.A.W.;1
J.M.C.;1
J.M.D.;5
J.M.G.;480
J.M.G. ;25
J.M.G.  ;1
J.M.G. Bongers (fysisch geograaf) senior archeoloog: dr. J.;1
J.M.G. Rap R.;1
J.M.H.;1
J.M.J.;13
J.M.J. ;1
J.M.L;1
J.M.L.;27
J.M.van ;1
J.MG.;1
J.MoermanS.;1
J.N.;1
J.N.W.;7
J.P Flamman J.;1
J.P.;245
J.P. ;18
J.P. (red);1
J.P. B. Penning;7
J.P. L. Bekkers;1
J.P.C.A.;1
J.P.F.;23
J.P.F. W.B. Waldus;1
J.P.F. et al.;1
J.P.L.;236
J.P.L. ;4
J.P.M.;173
J.P.M. ;1
J.P.W.;5
J.Q.;81
J.Q. ;1
J.R.;231
J.R. ;34
J.R. E.A. Schorn;1
J.R. Kalisvaart C.C.;1
J.R. Magendans J. A.;1
J.R.A.M.;2
J.R.A.M. ;1
J.R.Magendans J.A.;1
J.R.P.;1
J.S.;168
J.S. ;7
J.T.;73
J.T. ;4
J.TeekensP.;1
J.VanoverbekeR.JayasemaR.;1
J.W.;144
J.W. ;16
J.W.C.;1
J.W.D.;35
J.W.H.;1
J.W.H. ;1
J.W.J.;1
J.W.M.;10
J.W.M. ;5
J.W.de D.J.K. Zweers ;1
J.Y.;6
J.de;1
J.de Goudswaard B. Brenk S.v.d. Heteren S.;1
J.van;2
J.van Schurmans M.;1
J.van. ;1
J.w.;1
J> Coenen T. ;1
JAA;1
JAW;3
JEM;2
JJG;1
JL;1
JR;1
Jaap;5
Jan;46
Jan G.M.;1
Janin;32
Janneke;70
Jasper;11
Jean;51
Jeanne;7
Jeanne-Marie;3
Jelle;35
Jennifer;2
Jens;1
Jeroen;60
Jerry;2
Jerzy;11
Jesper;7
Joep;65
Joeske;3
Johan;72
John;2
Jong;1
Joop;2
Joppe;1
Joris;3
Joris J.;4
Jorrit;34
Jort;7
Jos;22
Joshua;1
Julia P.;1
Juliët;3
Jurgen;2
Justus;1
Jørgen;39
K;10
K ;2
K-J. C. Koot;1
K-J. I. Elstrodt;1
K.;1094
K. ;79
K. A.;1
K. E. Louwe;1
K. Gawronski J. ;1
K. I.S.J. Beckers;1
K. J.;1
K. J. Hoeveberg;2
K. Landskroon S. Dautzenberg S.;1
K. R. Reijnen;1
K. Van;3
K. v.d.;1
K.-J.;2
K.-J. R.;1
K.-J.R.;6
K.A.;276
K.A. ;4
K.A. Kleine Koerkamp W.A.;1
K.A.C.;2
K.A.H.W.;2
K.C.J.;38
K.E.;4
K.E. (red.);1
K.F.M.;15
K.H.J;3
K.H.J.;93
K.H.J. ;1
K.J.;78
K.J. ;3
K.J.C.;1
K.J.M.;32
K.J.M. ;1
K.J.R.;1
K.L.B.;4
K.L.W.;1
K.M.;44
K.M. ;4
K.M.C.;1
K.P.;5
K.S.;2
K.S.A.;1
K.T.;236
K.T. Salomons (bijdrage C.;1
K.v.d.;1
K.van.;1
KHC;1
KOEN;1
Karel-Jan;1
Karen;1
Karin;3
Kasper;2
Katja;2
Katje;1
Kees;2
KeijersD.;1
Kelly;1
KerkhovenA.A.;2
Kerkstraat 16a. Opgraving;1
KeunenL.J.;1
Kim;2
Kirsten;11
Klerks C.A. Visser;1
Koekkelkoren;13
Koen;8
Koning M.W.A.;1
Koos;3
Kristel;8
Krol;13
Krol.T.N.;1
L;24
L R.Jansen;2
L.;1705
L. ;71
L.  ;1
L. A. Vissinga;1
L. Boon H. BoekemaY.;1
L. C.;1
L. E. Mittendorff;1
L. E. Verhelst;1
L. E.A. Schorn;2
L. H. Koopmanschap;1
L. H. Kremer D. Hagens;1
L. Heunks E.;1
L. I. Beckers J. Huizer;1
L. I. Hesseling;1
L. J. Holl;2
L. J. Huizer;4
L. J. Leuvering D. Hagens;1
L. J. Leuvering T. Deville;2
L. J. Tolsma I. Kaptein;2
L. J. v.d. Zee J. Huizing;1
L. J.M. Blom;1
L. L. Nijdam;1
L. M.;7
L. M. Hanemaaijer;1
L. M. Hanemaaijer R. v.d. Zee;1
L. M. Parlevliet C. Koot;3
L. N. Huisman;1
L. N. Willemse;1
L. P.;7
L. P. Fijma;1
L. R .;1
L. R.;101
L. R. ;1
L. S. Koeman D. hagensE. Rondags;1
L. S. Koeman H. Bouwmeester;1
L. S.M. Koeman H. Kremer;1
L. T. Nales;1
L. T. Spek;1
L. W. Hessing K. Klerks J. Oudhof C. Verschoor;1
L. du;1
L. e.a.;1
L.. ;1
L.A.;96
L.A. ;3
L.A.P.;2
L.B.;1
L.B.M.;3
L.BoonH.;1
L.C.;450
L.C. ;6
L.C.  ;2
L.C. R.H. Nijdam;1
L.C.L.;2
L.C>;1
L.D.J.;1
L.F.;1
L.F.M;3
L.F.M.;39
L.F.M. ;13
L.F.M. Leuvering J.H.F. Houbrechts S.;1
L.G.L ;1
L.G.L.;14
L.G.L. ;7
L.I.;13
L.J.;85
L.J. ;11
L.KoemanS.;1
L.KruithofMSc.;13
L.L.;1
L.LeuveringJ.KremerH.;1
L.M.;232
L.M. ;6
L.M.B.;27
L.M.C.;280
L.M.F.;4
L.P;1
L.P.;117
L.P. ;3
L.P. et al.;1
L.R.;262
L.R. ;4
L.R.  Van;1
L.R.P.;1
L.R.van;1
L.S.;2
L.S.J;1
L.W. ;1
L.drs. Schamp C.R.C.;1
L.f.M.;1
LC.;1
LJJ;1
Laagland;3
Lambertschaag.;2
Late;2
Leo;7
Leon;3
Leon D. J.;1
Leonie;1
Lieke;2
Liesbeth;2
Lina;8
Lisette;1
Liza;1
Ll;1
Ll.;1
Loopik J.;1
Louwe;1
Luc;9
Lucas;3
Luuk;12
M;65
M ;16
M  ;1
M .;2
M B. Penning;1
M H. Eggels;1
M.;6633
M. ;321
M.  ;2
M.  M. Parlevliet J. Verspay;1
M. 7 C. Verbeek;1
M. 7 M. Wesdorp;1
M. A.;1
M. A. Aarts H. Wynia;1
M. A. Wilbers;2
M. A. Wullink;5
M. Arkema G.;1
M. B.A.T.M. Weekers-Hendrikx ;1
M. B.C.Tunker;1
M. Baggerman (bijdragen L.;1
M. Berkhout M.;1
M. C.;7
M. C. Harmsen;1
M. C. J.;1
M. C. Verbeek;21
M. C.C. Kalisvaart;1
M. D. la FFber I. Kaptein;1
M. D.D.F. Plasmeijer;1
M. Delwel I.G. ;1
M. E.;2
M. E. Heirbaut;1
M. E. Heunks;1
M. E. Rieffe;10
M. F. Wijsenbeek S. Beckerman;1
M. Gregory D. (ed);2
M. H. Boon;1
M. H. Buitenhuis;3
M. H. P. M.;1
M. H. Vanneste;1
M. H. Veenstra J.J. Hekman;1
M. Hanemaaijer J.;2
M. Hogervorst M.;1
M. Huisman E.;1
M. I. Elstrodt;2
M. J.;2
M. J. Brijker;1
M. J. Deconynck e.a.;1
M. J. Holl;2
M. J. Huizer;8
M. J. Tolsma D. la FFber;1
M. J. Wildenberg;4
M. J.J. Hekman;1
M. Janszen R.;2
M. K. Klerks;10
M. K. Klerks H. Bouter;2
M. L. Flokstra;1
M. M. Daleman;3
M. M. Dielemans C. Verbeek;1
M. M. Marinelli A. Spoelstra;1
M. M. Reneerkens;1
M. M. v. Dasselaar;1
M. MA;2
M. MOSTERT M. KALSHOVEN K. LEIJNSE M.;5
M. Moerman S.;1
M. Moerman S. ;1
M. Mostert % N.;1
M. P. F.;2
M. Paré C.;1
M. R.;126
M. R. ;3
M. R. Exaltus J. Orbons;2
M. R. Heeringen M. Gouw E. Louwe;1
M. R. Klaarenbeek;2
M. R. Schrijvers;6
M. R. Schrijvers E. Mulie O. Ullrich;1
M. R. v.d. Zee;1
M. S.;1
M. S. Depuydt;1
M. S. Depuyst;1
M. S. Koeman H. Kremer;1
M. S. Moerman;14
M. S. Nederpelt;2
M. Schepers Met een bijdrage H.;1
M. T. Nales;5
M. V. Uffink;1
M. Van Essen T.;2
M. Van Sambeek L.A. Jetses J.J.;1
M. VeenstraM.;1
M. Verhoeven. B.;1
M. W. A.;18
M. W. Thijs;1
M. W.A.;1
M. Y. Boekema;1
M. drs.;1
M. e.a.;1
M..;1
M..J.J.;1
M.01;1
M.A;1
M.A.;112
M.A. ;12
M.A. A. Ufkes;1
M.A.H.;1
M.A.K.;122
M.A.R.J.;71
M.B. Moonen;1
M.B.J.;2
M.B.M.;1
M.C;1
M.C.;458
M.C. ;16
M.C. C.Y. Burnier;1
M.C. D.U. Ewolds;1
M.C.E;1
M.C.E.;2
M.C.E. ;8
M.C.J;1
M.C.J.;72
M.C.J. ;3
M.C.M.;52
M.D.;5
M.D.J.;18
M.D.R.;24
M.D.R. ;1
M.E;1
M.E.;301
M.E. ;10
M.E.D.;1
M.E.P.;1
M.E.T.;2
M.F.;2
M.F.M.;1
M.F.P.;49
M.F.P. ;1
M.G.;53
M.G. ;27
M.H.;44
M.H. ;1
M.H.A.;16
M.H.A. ;6
M.H.A.  Van ;1
M.H.F.;1
M.H.M.P.M.;1
M.H.P.;5
M.H.P.H.;1
M.H.P.M;3
M.H.P.M.;279
M.H.P.M. ;2
M.HuizerJ.;2
M.J.;313
M.J. ;7
M.J.  Van;1
M.J.A.;19
M.J.A. ;1
M.J.B.;15
M.J.C;1
M.J.C.;19
M.J.C. ;7
M.J.E.;29
M.J.E. ;1
M.J.G.Th.;1
M.J.J.;18
M.J.L.T.;1
M.J.L.Th.;10
M.J.L.Th. Johansen L. Stapert D.;1
M.J.L.Th. Johansen L. Stapert D. Cohen K.M.;1
M.J.M;2
M.J.M ;1
M.J.M.;258
M.J.M. ;3
M.J.P.;1
M.J.V.;28
M.J.van;1
M.J>M.;1
M.K.;92
M.K. E. Louwe H.J. Pierik W.J. Weerheijm;2
M.KoopmanschapH.;1
M.KosianM. ;1
M.L.;136
M.L. ;19
M.L. Peters F.J.C. Sophie G.;1
M.L.J.;35
M.L.J. ;1
M.L.S.;1
M.M.;75
M.M. ;1
M.M.A.;23
M.M.A. ;4
M.M.M.;2
M.MoermanS.;2
M.N.;1
M.N. ;1
M.NijdamL.WagnerA.;1
M.P.;38
M.P. ;2
M.P.F;1
M.P.F.;56
M.P.F. K. Senica ;2
M.P.H.;7
M.P.H.M.;1
M.P.J.;13
M.P.L.;1
M.P.S.;1
M.R.;26
M.R. ;6
M.R.X.;72
M.S.;98
M.S. ;2
M.S.M.;8
M.T.;47
M.T. ;1
M.T.C;1
M.T.C.;75
M.T.I.J.;6
M.T.I.J. ;1
M.TeekensP.KoopmanschapH.;1
M.UfkesA.BosmaK.VeldhuisJ.;1
M.V.;35
M.VerbeekC.;5
M.W.A;1
M.W.A.;96
M.W.A. ;9
M.W.J.;68
M.WA.;2
M.Y.;34
M.Y. ;1
M.en N.M. Rosenbrand;1
M.l.;1
M.v.d.;2
M.van. ;1
MA E.;5
MA R.E.;1
MA R.E.E.;3
MARC;1
MARTIJN;1
MATTHIJS;1
MC;1
MPF;1
MRX;1
MS;1
MSC J.A.;1
MSc;1
MSc Dr. P.M.M.A.;1
MSc J.A.;2
MSc T.;11
MSc.;3
MSc. T.;9
MUG;21
Maarten;5
Machteld;1
Machu-project;1
Maja;1
Mans;1
Mara;14
Marc;240
Marcel;1
Marco;1
Margot;2
Marieke;9
Marijn;4
Marijne;2
Marike;2
MarinelliM.;1
Mariëlle;1
Mark;17
Marlien;1
Marlous;1
Martijn;82
Martin;14
Martine;6
Mathilde;1
Matthias;1
Matthijs;24
Maurice;5
Meer.A.;1
Meijer;1
MeijerY.;1
Meike;3
Menk;1
Menne;1
Mette;27
Mevr. A.;7
Mevr. T.;1
Mevr. drs. A.;4
Mevr. drs. L.;1
Mevr. drs. M.;1
Mevr. drs. P.;1
Mevrouw D.;1
Mevrouw J.A.M.;1
Mevrouw M.E.;1
Mevrouw M.J.M.;1
Mevrouw P.;8
Michael;50
Michael Klomp m.m.v.;3
Michel;29
Miel;19
Mina;12
Mira;1
Mitchell;1
Mittendorff;1
Moerman;2
Molthof.H.M.;1
Mr. W.S.;1
Msc H.A.S.;2
Msc. T.;1
MscRes G.;1
MscRes. G.;1
Mw.;2
Mw. A.M.;2
Mw. C.;10
Mw. C.H.H.;1
Mw. D.;1
Mw. E.;7
Mw. J.M.;1
Mw. M.;2
Mw. drs. A. Wagner (sr.;2
Mw. drs. M.;3
N;15
N Koeman S.M.;1
N.;1314
N. ;75
N.  ;3
N. A. Wilbers;4
N. C. Bezemer-de Vugt;2
N. D. Gerrets;2
N. D. Voeten;1
N. G. Hensen;1
N. Geraeds J.J.G. ;4
N. H.A.;1
N. J. Blom;1
N. J. Brijker;1
N. J. W.;1
N. L. Nijdam;1
N. M. Berkhout;1
N. M. Bouman;1
N. P. Hazen;1
N. Rooij J.A.G.;9
N. Schoute;1
N. T. D.;1
N. Verschuren B.N.J. ;1
N. Vlieks A.;1
N. Vlieks J.J.G.;1
N. Vlieks J.J.G. Geraeds J.;1
N. Vroomans M.A.K. ;2
N. Vukkink  M.;1
N. Vukkink  P.;1
N.A.M.C.F.;18
N.C.;103
N.C. ;2
N.C.F.;4
N.C.I.;2
N.D.;5
N.E.;1
N.F.;2
N.F.H.;1
N.F.H.H.;2
N.G.;1
N.G.J.;1
N.H.;40
N.H. ;6
N.H.A.;49
N.H.A. ;1
N.J.;70
N.J. ;7
N.J.G.;5
N.J.H.;55
N.J.J.E.;1
N.J.W.;333
N.J.W. ;1
N.K.;1
N.L.;2
N.L. ;2
N.L.A.;92
N.M.;66
N.M. ;7
N.M.G.;4
N.M.J.E.;44
N.M.J.E. ;13
N.P.;3
N.R.;5
N.S.;2
N.T.D.;17
N.V.;3
N.W.;39
N.W.T.;46
N.de;1
N.de J. Holl;1
N.j.W.;1
N.van. ;1
NH.A.;1
Natascha;2
Natasja;21
Nathalie;1
Nederpelt.S.;1
Nick;1
Nico;5
Nillesen;1
Norbert;5
O ;2
O.;78
O. ;6
O. O. Dorenbos;1
O. O. Holthausen J. Koot;6
O. e.a.;1
O.J.R.;12
O.KootJ.;1
O.P.N.;170
O.T.;4
Oda;2
Oppenheimer.L.;1
Orbons P.J.;1
Oscar;3
Otto;1
Oude;3
Overgedragen;1
P;8
P ;3
P .;2
P.;1130
P. ;24
P.  Hesseling I.  Koeman S.  Spitzers T.;1
P. A. Spoelstra;8
P. A. Spoelstra H. Bouter;1
P. C.;5
P. C. Soonius;1
P. D. Dijk;2
P. D. Schiltmans;1
P. E. Blom e.a.;1
P. E. Kaptijn;1
P. E. Schhorn I. Hesseling;1
P. Geraeds J.J.G. ;1
P. H. Boon;1
P. H. Bouter J. Oude Rengerink;1
P. I. Kaptein;1
P. J.;1
P. J. L.;1
P. J.H.F Leuvering;1
P. M. Arkema;1
P. N. Bottema H. Buitenhuis;1
P. RoedemaR. ;1
P. S.M. Koeman;2
P. Spoelstra A.;1
P. T. Spitzers;3
P. V. Vogelaar A. Spoelstra;2
P. e.a.;2
P. va nde;1
P.A.;37
P.A. ;2
P.A.C.;12
P.A.M.;2
P.A.M.M.;35
P.A.M.M. ;2
P.B. ;2
P.Bottema-Mac Gillavry N . BuitenhuisH.;1
P.Bottema-Mac GillavryJ.DalemanM.;1
P.C.;524
P.C. ;29
P.C. A. Spoelstra et al;1
P.C. Teekens M.;1
P.C.A.;1
P.C.J.;3
P.E.;11
P.F.B.;16
P.F.B. et al.;1
P.F.J.;4
P.G;1
P.G.;18
P.G. ;2
P.G.H.;10
P.G.H. ;7
P.G.S. ;1
P.H.;18
P.H.G.;1
P.H.J.I.;50
P.H.J.I. ;1
P.I.M.;3
P.J.;77
P.J. ;5
P.J.A.;29
P.J.C.;1
P.J.F.J.;1
P.J.L.;86
P.J.L. ;2
P.J.M.;2
P.L.;1
P.L.J.M.;1
P.L.M.;24
P.L.M. ;1
P.M.;14
P.M.L.;1
P.M.L. ;1
P.M.M.;7
P.M.M.A.;47
P.P.;1
P.P.J.;10
P.Paap B.;1
P.R.;1
P.S.;77
P.S.G.;45
P.T.A.;27
P.W.;22
P.v.;5
PC;1
PMMA;1
Paolo;1
Pape-Luijten.H.G.;1
Patrick;7
Patrick M.M.A.;2
Paul;4
Paulien;1
Pepijn;12
Peter;30
Petra;1
Ph.;1
Piet;1
Pieter;1
Pieter Laloo Jari M. Mikkelsen;2
Pir;2
Plangebied;2
Proefsleuvenonderzoek;2
Q.;7
Q.P.J.;2
QS;1
Quadflieg;1
R;25
R ;4
R.;3727
R. ;178
R.  R. Paulussen J. Orbons;1
R. 't;1
R. A. Wagner;2
R. E. Goossens;1
R. E. Rondags;1
R. E. Schorn;1
R. Exaltus - J.;1
R. Fens  H.J.L.C. Koopmanschap  N.;1
R. H. Kremer;4
R. H. Kremer D. Hagens;1
R. H. Kremer J. Leuvering;1
R. H. Kremer L.F.M. Valckx;1
R. H. Kremer S. Koeman;1
R. H. Kremer T. Deville;1
R. HagensD.PhilipsG.;1
R. Hanemaaijer M.;2
R. I. Fleuren ;5
R. I. Fleuren C. Nater V. Van Looveren;3
R. I. Kroes;7
R. I. Schute;9
R. J. Leuvering;3
R. J. Molema;1
R. J. Orbons;165
R. J. Orbons G. Gazenbeek;1
R. J. Orbons M. Schepers;1
R. J. Orbons R. Paulussen;2
R. J. Orbons T. Deville;2
R. J. Wildenberg;2
R. J.H.F. Leuvering D. Hagens;1
R. J.H.F. Leuvering S. Houbrechts T. Deville;1
R. K. Koot;1
R. Koeman S.M. Deville T.;2
R. Kremer H.;1
R. Kremer H. Deville T.;1
R. KremerH.;4
R. L.;44
R. L. Valckx S. Koeman;1
R. Leuvering H. Deville T.;1
R. M.;2
R. N. Willemse;3
R. OrbonsJ.;4
R. P.;10
R. R. Nijdam;1
R. R. Paulussen J. Orbons;1
R. S. Koeman;5
R. S. Koeman H.Wassink;1
R. S. Koeman S. Houbrechts T. Deville;2
R. S. Manuel D. la Fèber;1
R. S. Warning;1
R. S.M. Koeman D. Hagens;1
R. S.M. Koeman S. Houbrechts T. Deville;1
R. Schrijvers;1
R. Schrijvers R.M.;1
R. SchrijversF.P.J.;1
R. T. Deville;1
R. T. Deville J. Orbons;9
R. W.;1
R. Zanting L.M.;1
R. le ;1
R. tweede rapport: Tulp C.;1
R. v.;7
R..;1
R.. H. Kremer;1
R.A;1
R.A.;180
R.A. ;11
R.A. (J.T. Zeiler);1
R.A. Ham N.H.;1
R.A. Wagner A.;1
R.A. v.d.;1
R.A.C;11
R.A.C.;19
R.A.C. ;3
R.A.G.F.M.;2
R.A.J.;1
R.C.;9
R.C.A.;69
R.C.A. ;6
R.C.A. (red.);1
R.C.G.M.;6
R.C.G.M. ;1
R.D.;41
R.D. ;9
R.E.;34
R.E.E.;98
R.ExaltusR.OrbonsJ.;1
R.F;1
R.F.;56
R.F. ;7
R.F. Timmers A.;1
R.F. Wagner  A.;1
R.F. Wagner A Dasselaar M.;1
R.F. Wagner A.;2
R.F. Wagner A. Dasselaar M.;7
R.F.P.M.;1
R.F.P.M. ;1
R.G.;102
R.G. ;8
R.G.H.;1
R.G.J.M.;3
R.I.;1
R.J.;46
R.J. ;1
R.J. Leuvering;1
R.J.J.;19
R.J.M.;24
R.J.P.;1
R.KoemanS.;1
R.KremerH.;1
R.L;1
R.L.;156
R.L. ;7
R.M.;969
R.M. ;37
R.M. Brouwern J.P.;1
R.M. Huizer J.;1
R.M. Kik N.J.;1
R.M. v.d.;1
R.N;1
R.N.;25
R.N. ;5
R.N. (red.);1
R.OrbonsJ.;48
R.OrbonsJ.DevileT.;1
R.OrbonsJ.DevilleT.;1
R.OrbonsJ.PaulussenR.;1
R.P;1
R.P.;67
R.P. ;6
R.P.A.;4
R.P.B.;7
R.P.J.;13
R.R.;10
R.R. ;1
R.S;1
R.S.;136
R.S. KoemanT. Deville;1
R.S. koemanD. hagens H. Kremer;1
R.T.F.;12
R.V.;18
R.W;1
R.W.;248
R.W. ;31
R.W.de;1
R.WagnerA.;2
R.en Kenemans M.C;1
R.en Orbons J.;2
R.l.;1
R.orbonsJ.;1
R.v.;2
R: Leuvering J.H.F.;1
RL;2
Rachel;2
Raczynski-Henk.Y.;1
Ranjith;45
Ras.J.;1
Regt;1
Rene;8
Renske;1
René;3
Ria;11
Richard;380
Rien;1
Rob;162
Robert;1
Robin;2
Roderik;1
Roel;6
Roggen R..;1
Ronald;6
Roy;11
Rutger;1
S;42
S ;8
S G.W.J. Spanjaard;1
S M. Jansen;1
S.;3011
S. ;185
S.  ;2
S. (red.);1
S. A.;1
S. A. Wilbers;2
S. B. C. ;1
S. B. Smit H. Visscher;2
S. B. Smit R. Timmerman H. Visscher;4
S. C. Helmich;1
S. D. Hagens;3
S. D. Hagens H. Kremer;1
S. D. Hagens S. Koeman;1
S. D. Hagens S.M. Koeman;1
S. D. HagensS. Koeman;2
S. E. Hoven;1
S. E. Kornalijnslijper S. Koeman;1
S. F.G.R. D'hondt J.M. Brijker T. Saey;1
S. H.;2
S. H. Kremer;5
S. H. Kremer S. Diependaal;1
S. Hoen M.A.;1
S. Hoen P.;1
S. Hoen S.;1
S. Hoen T.;1
S. Hoen T.A.;1
S. J. Huizer;4
S. J. Leuvering;1
S. Koeman S.M. Schorn E.A.;1
S. Koeman S.M.Wemerman P. Krist J.S.;1
S. Koning M.W.A.;1
S. L. Valckx;2
S. L. Valckx H. Kremer;1
S. L.A. Sam;1
S. M.;1
S. M. Hemminga;1
S. M. Jordanov;1
S. M. Wagemans E. v.d. Kuijl;1
S. Moerman  A.W.E.;1
S. Nederpelt J.;2
S. Nederpelt R.;1
S. NillesenR.HoubrechtsS.;1
S. P.;1
S. Pelsmaeker M.;1
S. R. Duindam;9
S. R. Lelivelt;1
S. R. Nillesen;7
S. S. Diependaal;1
S. S. Koeman;2
S. S. Koeman D. Hagens R. Paulussen;3
S. S. Koeman J. Leuvering;1
S. S. KoemanP. Wemerman;2
S. S. KoemanP.Wemerman;1
S. S.M. Koeman;1
S. S.M. Koeman P. Wemerman;1
S. T. Deville R. Nillesen S. Koeman;1
S. T. Nales;1
S. Thasing  L. Klerkx M.;1
S. Thasing  T.;1
S. Thasing L.;1
S. et al.;1
S. v.d.;3
S.-J.;1
S.A H.;1
S.A.;160
S.A. ;2
S.A.D.S.;1
S.A.H;3
S.A.H.;17
S.A.H. Augustin   J.J.G.;1
S.A.J.;39
S.A.L.;10
S.A.R.M.;1
S.B.;1
S.B.C.;27
S.B.M.;2
S.C.J.;14
S.D;1
S.D.;10
S.F.M.;1
S.H ;1
S.H.;12
S.H. Kremer D. hagens T. Deville;1
S.H.F.;2
S.I. hesseling;1
S.J.;69
S.J. ;6
S.J. Nederpelt R.M.;1
S.J.H.;11
S.K. ;1
S.K.A.M.J.;1
S.KoemanS.;1
S.KoemanS.KremerH.;1
S.KoemanS.LeuveringJ.;1
S.L.;4
S.LeuveringJ.;1
S.M;3
S.M.;798
S.M. ;46
S.M.  R. Nillesen;1
S.M. D. Hagens;2
S.M. D.Hagens H. Kremer;1
S.M. E. Rondags L. Valckx D. Hagens;2
S.M. H. Kremer D. Hagens;1
S.M. R. Nillesen;1
S.M. R. Nillesen S. Diependaal;1
S.M. S. Diependaal P. Wemerman;1
S.M.HagensD.;1
S.N.;2
S.P.;26
S.P. Geraeds J.J.G.;2
S.P. Roymans J.A.M.;1
S.P.H.;9
S.R.;1
S.R. Timmerman;4
S.W.;31
S.W. ;3
SAH;5
SJH;1
Sander;6
Sandor;1
Sanne;11
Sara;1
Sarah-Jane;1
Scheeringa-MulderD.L.;1
Scholte;2
SchricksC.P.;1
SchrickxC.P.;1
Sebastiaan;16
Sector;1
Seger;2
Serena;1
Siemen;2
SilkensB.;2
Simon;1
Sjeng;1
Sjoerd;3
Stella;2
Stephan;2
Steven;3
Steven H.;1
Stichting;1
Stijn;1
Susan;13
Susanne;2
Suze;1
T;33
T ;9
T.;2619
T. ;51
T.  ;1
T.  Glind. M.;1
T. .;1
T. A.;6
T. A. Müller;1
T. A. Wilbers;1
T. B. Hendrikx;1
T. DiependaalS.HagensD.;1
T. E.;2
T. E. Kornalijnslijper J. Leuvering;1
T. F.W. Schnitger;1
T. G.;1
T. J. Blom;1
T. J. LeuveringR.Nillesen S. Houbrechts;1
T. J. Orbons;6
T. J.H.F. Leuvering R. Nillesen;1
T. J.M.J. Willems E.R.A. Smits R.J.W.M. Grubern;1
T. KoemanS.HagensD.ValckxL.;1
T. L. ValckxD. hagensS. Koeman;1
T. M. Hissel;1
T. M. Verhamme;1
T. N.;2
T. Orbons J.;1
T. P.;1
T. R. Nillesen;1
T. R. Nillesen S.M. Koeman;1
T. R. Paulussen J. Orbons;2
T. S. Diependaal;1
T. S. Moerman;3
T. T.Nales ;3
T. W.K. Vos;1
T. d';1
T. d' R.A. Hulst;1
T. d'. R. Hulst;1
T. v.d.;1
T..S.;1
T.A.;180
T.A. ;4
T.A. L.A. Tebbens;1
T.A.F.;3
T.A.J.;3
T.A.S.M.;1
T.D.;16
T.Deville 7 S.;1
T.E.;325
T.E. ;3
T.E. MA.;1
T.E. Rondags;1
T.FensR.;1
T.G.;2
T.H.;4
T.H.L;1
T.H.L.;137
T.H.l.;2
T.J.;54
T.J. ;2
T.J.E.W.;4
T.J.H.;49
T.J.P.;1
T.J.S.M.;1
T.KerckhoveJ.van. ;1
T.L.;1
T.M.;21
T.N.;368
T.N. ;9
T.N. M. Rem ;2
T.N. M. Rem L. Nijdam;1
T.N. et al.;1
T.P.;22
T.P. ;4
T.S;1
T.S.;172
T.W.;63
T.Y.M.;1
T.w.;1
TN;7
Team;1
Teddy;2
Tekst	G.J.;1
Tessa;1
Teus;1
Th.;5
Theo;2
Thijs;7
Ties;2
Tijmen;2
Tim;7
Timo;7
Tj.;2
Tom;3
Ton;1
Transect-rapport;1
U.;1
V;2
V ;1
V.;319
V. ;5
V. K. Durczak A. Hellemons;1
V. Van Looveren P.C.;1
V. Van Looveren. G.;1
V.B.;12
V.B. ;1
V.H.J.;14
V.J.H.;4
V.M.;2
V.M. ;1
V.R.;7
V.R.M.E.;1
VUhbs;3
Valentijd;1
Valentijn;16
Valkenswaard;1
Van;103
Van J.M.L.;1
Vanden J.;1
Vanderhoeven;1
VansweeveltJ.;1
Verboom-Jansen;1
Vetteoordskade;1
Vincent;1
Visscher;1
VisscherH.C.J.;1
W;15
W ;1
W v.d.;1
W-S.;3
W.;689
W. ;57
"W. 
W. Ytsma Ma";3
W.  ;1
W. A.;4
W. A. Buesink;1
W. A. Emaus C. Helmich;1
W. A. Wullink;29
W. B.;4
W. Brenk S.van;1
W. C. Tulp;2
W. E. Schorn;4
W. E.A. Schorn;7
W. Ewolds D. U.;1
W. F.R.P.M. Miedema;1
W. H. Vanneste;2
W. J.;2
W. K. Klerks E. Louwe;1
W. Laan A.J.;6
W. M. MagnTe;1
W. M. Stiekema;1
W. M. Tump;7
W. R. Reijnen;1
W. S.;1
W. S. v.d. Brenk K. v. Campenhout;1
W. Weerheim (red. N.;1
W. drs;1
W. e.a.;3
W. v.;3
W. v. ;7
W.-S.;4
W.-S. ;1
W.A;1
W.A.;619
W.A. ;91
W.A. A. Buesink;1
W.A. A.A.G. Emaus;3
W.A. A.A.G. Emaus C. Helmich H. Kremer;1
W.A. A.A.G. Emaus C. helmich M. Nieuwnhuis;1
W.A. Pepers K.H.J.;2
W.A. Schorn E.A.;2
W.A.B.;3
W.A.E.;1
W.A.M.;103
W.A.M. ;3
W.A.M. Hessing N.;1
W.A.M. K. Klerks E. Louwe;1
W.A.van;1
W.B;1
W.B ;1
W.B.;167
W.B. ;16
W.B.  ;2
W.B. % Velthuis I.M.J.;1
W.B. J. Sprangers ;1
W.B. P.C. Vos;1
W.E. Brouwer;2
W.F.G.J.;1
W.H.A.;5
W.H.F.;1
W.H.J.;4
W.J.;663
W.J. ;2
W.J. B.A. Brugman K. Klerks;2
W.J. E. Louwe K. Klerks C.A. Visser;1
W.J. F.;1
W.J. H.J. Pierik;1
W.J. K. Klerks;2
W.J. P. Deunhouwer M.M. Janssens R. Schrijvers ;4
W.J. R. Schrijvers;4
W.J. Weerheijm. C.A.;1
W.J.A.;11
W.J.A. ;1
W.J.B.;1
W.J.F.;155
W.J.F. ;3
W.J.F. Thijs ;2
W.J.H.;2
W.J.M.;23
W.K.;49
W.K. J.K. Haalebos;1
W.M.E.;1
W.N.H.;1
W.P.;13
W.R.K.;1
W.S.;41
W.S. ;1
W.W.;20
W.Y.;1
W.a.;1
WA;10
Wanda;31
Ward;1
Wessel;1
Wethouder;1
Wietske;1
Wijnen;1
Wijster;1
Wilco;1
Willem;16
Willem-Simon;5
Woueter;1
Wouter;16
Wouter K.;1
X;2
X.;12
X. C.C.;2
X. J. Brijker;1
X. M. Bouman;1
X..;1
X.C.C.;216
X.C.C.van;1
X.J.F;1
X.J.F.;39
X.J.F. ;9
X.J.F.  ;1
X.J.F. W. Roessingh ;1
X.J.F.A. Muller R. Torremans;1
X.R.N.P;1
X.R.N.P.;5
X.R.N.P. ;1
XCC;14
Y;7
Y ;5
Y.;463
Y. ;20
Y. D.;2
Y. E. Rieffe;4
Y. I.A. Schute;1
Y. J.J. Hekman ;1
Y. J.J. Hekman H. Boon J.B. Veenstra;1
Y. M.;1
Y. M. Hopman;1
Y. R.;1
Y. S. Moerman;1
Y. T. Lyklema;2
Y.A.;2
Y.E.;6
Y.E. ;1
Y.E.M.;5
Y.F.;23
Y.J.W.R.;3
Y.M.;14
Y.M. ;3
Y.N.;1
Y.R.;81
Y.R. ;3
Y.RieffeE.;1
Y.T.;24
Y.Y.;9
Y.den Boshoven E.H. Genabeek R.J.M.;13
Yannic;1
Yoshua;2
Z.;2
Zonnepark;1
a.;5
a. ;1
a.J. ;1
archeologisch;5
b.;2
benjamin;1
benjemin;1
booronderzoek;1
c.;3
c.m.w.;1
d;4
d.;1
de;19
de heren A.R.;1
de heren G.J.;1
de heren O.P.N.;1
deels;1
dr D.;1
dr P. Peeters;1
dr Y.T.;2
dr.;4
dr. A.;8
dr. A.C.;21
dr. A.M.J.H.;25
dr. A.V.;1
dr. A.W.;1
dr. A.W.E.;90
dr. D.;94
dr. D.A.;2
dr. D.J.;1
dr. G.;17
dr. G.J.;1
dr. J.;7
dr. J.J.;10
dr. J.J.A.;4
dr. L.M.;2
dr. M.;22
dr. M.F.;1
dr. M.L.;1
dr. M.P.F.;59
dr. M.S.;1
dr. M.S.M.;1
dr. N.W.;33
dr. Nico W.;11
dr. O.;1
dr. P.;26
dr. P. S.;1
dr. P.S.;3
dr. P.T.A.;32
dr. R.;6
dr. R.A.;7
dr. S.;2
dr. T.;1
dr. T. A.;1
dr. T.A.;13
dr. T.J.;40
dr. T.S.;1
dr. Y.F.;1
dr. Y.T.;47
dr. ing. R.;7
dr. ir. L.A.;2
dr. t.J.;1
drs  F.M.J.;1
drs  V.;1
drs . I.;1
drs A.;2
drs A. A.;1
drs A.H.;1
drs B.I.;1
drs C.F.H.;1
drs C.M.W.;1
drs C.N.;11
drs D.;30
drs E.W.;1
drs F.L.W.M.;1
drs G.;1
drs G.W.J.;1
drs H.;5
drs H.W.;2
drs I.;2
drs I.J.;2
drs I.R.P.M.;1
drs J.;2
drs J.B.;2
drs J.H.;2
drs J.H.F.;8
drs J.M.;3
drs J.S.;1
drs J.W.H.;1
drs JHF.;1
drs M.;17
drs M.A.K.;1
drs M.J.M.;1
drs M.K.;1
drs N.;1
drs R.;2
drs R.A.C.;1
drs R.W.;1
drs S.;1
drs S.M.;2
drs V.;28
drs.;40
drs. A.;244
drs. A. A.;180
drs. A.A.;8
drs. A.C.;3
drs. A.G.M.;1
drs. A.H.;58
drs. A.J.;21
drs. A.J.D.;23
drs. A.M.;19
drs. A.M.C.H.;1
drs. A.M.H.C.;70
drs. A.W.E.;1
drs. B.;79
drs. B. I.;4
drs. B.A.;12
drs. B.C.;1
drs. B.H.;1
drs. B.I.;338
drs. B.J.;1
drs. B.J.G.;11
drs. B.J.H.M.;10
drs. B.K.;2
drs. B.i.;1
drs. C.;21
drs. C.C.;44
drs. C.D.R.;3
drs. C.F.H.;187
drs. C.G.;1
drs. C.H.;1
drs. C.K.;1
drs. C.M.;1
drs. C.M.W.;19
drs. C.N.;13
drs. C.R.C.;12
drs. D.;258
drs. D. Hagens drs. J.S.;1
drs. D.E.A.;1
drs. D.G.;1
drs. D.M.G.;6
drs. D.T.P.;1
drs. E.;141
drs. E. E.A.;19
drs. E. I.;1
drs. E. v.d.;1
drs. E.A.;2
drs. E.A. Schorn drs. S.M.;1
drs. E.A.G.;22
drs. E.C.;58
drs. E.E.A.;1519
drs. E.H.L.D.;74
drs. E.I.;21
drs. E.J.;16
drs. E.J.M.;1
drs. E.J.N.;57
drs. E.K.;1
drs. E.M.P.;49
drs. E.N.;3
drs. E.W.;6
drs. F.;35
drs. F.G.R.;4
drs. F.J.;3
drs. F.J.C.;3
drs. F.J.H.;2
drs. F.J.M.;1
drs. F.L.W.M.;1
drs. F.M.J.;17
drs. G.;84
drs. G.H.;1
drs. G.J.;1
drs. G.L.;25
drs. G.P.A.;3
drs. G.T.;1
drs. G.W.J.;105
drs. H.;281
drs. H. J.;1
drs. H. Kremer (KNA archeoloog) drs. J.H.F.;1
drs. H. Kremer drs. J.H.F.;2
drs. H.A.C.;1
drs. H.B.;1
drs. H.B.G.;20
drs. H.E.;15
drs. H.H.;11
drs. H.J.;43
drs. H.W.;125
drs. I.;42
drs. I. A.;9
drs. I.A.;56
drs. I.C.G.;10
drs. I.E.;1
drs. I.R.P.;1
drs. I.R.P.M.;49
drs. I.S.J.;1
drs. Ing. C.;4
drs. Ing. D.;2
drs. J.;345
drs. J. B.;1
drs. J. H.F.;7
drs. J. S.;2
drs. J.A.;4
drs. J.A.M.;75
drs. J.B.;219
drs. J.E.;1
drs. J.E. A.;1
drs. J.E.A.;204
drs. J.E.M.;7
drs. J.H.;41
drs. J.H.A.;1
drs. J.H.F.;328
drs. J.H.M.;15
drs. J.J.;1
drs. J.J.G.;17
drs. J.J.M.;1
drs. J.L.;28
drs. J.M.;14
drs. J.M.G.;17
drs. J.P.;1
drs. J.S.;25
drs. J.T.;34
drs. J.W.;5
drs. J.W.M.;8
drs. K.;176
drs. K. J.;4
drs. K.A.;3
drs. K.J.;43
drs. K.J.R.;9
drs. K.L.B.;28
drs. L.;168
drs. L.C.;23
drs. L.F.M.;1
drs. M.;365
drs. M. J.;1
drs. M. K.;1
drs. M..;1
drs. M.A.;6
drs. M.A.K.;57
drs. M.C.;2
drs. M.C.M.;3
drs. M.D.R.;37
drs. M.E.;40
drs. M.H.;1
drs. M.H.A.;3
drs. M.H.P.M.;3
drs. M.J.;75
drs. M.J.A.;1
drs. M.J.C.;1
drs. M.J.M.;27
drs. M.K.;26
drs. M.L.;7
drs. M.P.J.;573
drs. M.S.;39
drs. M.W.A.;2
drs. M.j.;1
drs. N.;44
drs. N. H.;1
drs. N.H.;39
drs. N.H.A.;16
drs. N.J.;1
drs. N.J.G.;1
drs. N.J.W.;7
drs. N.W.T.;2
drs. P T.A. .;1
drs. P.;111
drs. P.A.;4
drs. P.P.J.;1
drs. R.;92
drs. R. P.;1
drs. R. W.;3
drs. R.A.;62
drs. R.A. C .;1
drs. R.A.C.;253
drs. R.D.;19
drs. R.E.E.;1
drs. R.F.;55
drs. R.G.;1
drs. R.M.;10
drs. R.N.;15
drs. R.P.;13
drs. R.S.;23
drs. R.W.;177
drs. RA.C.;1
drs. S.;423
drs. S. M.;1
drs. S.A.;2
drs. S.B.C.;24
drs. S.J.;2
drs. S.M.;24
drs. S.W.;3
drs. T.;182
drs. T. A.;1
drs. T.A.;64
drs. T.H.;2
drs. T.H.L.;17
drs. T.W.;17
drs. V.;27
drs. W.;18
drs. W.A.;2
drs. W.B.;1
drs. X.;1
drs. X.C.C.;141
drs. XC.C.;1
drs. Y.;236
drs. Y.R.;9
drs. Y.T.;41
drs. bc. A.H.;1
drs. c.m.w.;7
drs. h.;2
drs. ing D.M.G.;1
drs. ing.;12
drs. ing. C.;16
drs. ing. D.;5
drs. ing. D.M.G.;31
drs. ing. DM.G.;2
drs. ing. G.J.;1
drs. ing. J.;10
drs. ing. M.;2
drs. ing. M.J.;9
drs. ing. N.;7
drs. ing. N. J.W.;1
drs. ing. N.J.W.;109
drs. ing. R.;23
drs. j.H.F.;1
e.;1
e.A.M.;1
e.a.;2
eijlink B.H.F.;1
eline;1
en J.W.;1
f.;1
fase;1
fysisch;3
g R.;1
g.h.;3
gemeente;22
gemeente Beuningen een archeologische opgraving – variant begeleiding.;1
gma;1
h.h.j.;1
horn;1
i.;10
ineke;1
ing.;1
ing. B.J.;1
ing. G.J.;5
ing. J.;1
ing. J.F.M.;22
ing. L.D.J.;1
ing. M.J.;5
ing. N.;1
ing. N.J.W.;27
ing. R.;19
ing. S.;1
ing. T. Dorrepaal arch.;1
inventariserend;5
ir E.H.;1
ir G.H.;2
ir. B.A.;1
ir. E.;1
ir. E. H.;5
ir. E.H.;160
ir. E.M.;39
ir. G. R.;2
ir. G.H.;95
ir. G.R.;148
ir. J.;13
ir. J.A.T.;17
ir. J.J.;1
ir. L. J.;1
ir. L.J.;18
ir. M.;1
ir. M.M.;27
ir. R.;2
j.;7
j. ;1
j.b.;1
j.e.;1
jeroen;1
k;1
k.;3
karterend;1
koekkelkoren;6
l.;1
le R. ;1
lic. (drs) G.;1
lic. (drs. ) G.;2
lic. (drs. ) G.M.L.;3
lic. (drs. ) M.P.J.;1
lic. G.;2
lic. K.;16
lic. N.;18
lic. N.J.;1
m;5
m.;1
m.M.;1
m.c.;3
met;2
met bijdr. van X.C.C.;1
met een bijdrage door drs. B.P.;1
mw M.J.M.;1
mw. C.;3
mw. D.;3
mw. E.;4
mw. M.J.C.;1
mw. drs. C.M.W.;1
n M.R.X.;1
n.;1
nvt;6
o.;1
of drs. H.B.;5
op;2
p ;1
p.;1
p.v.;1
r;1
r.;6
red. B.;1
red. B.A.T.M.;1
red. H.J.N.;1
red.: A.A.A.;1
red: A.V.A.J.;1
rioolaanleg;1
rs. R.A.C.;1
rs. X.C.C.;1
s;2
s.;3
senior;3
sra. S.;1
t.h.l.;1
t.n.;2
te;1
van;23
van  A.;1
van X.J.F.;11
vanVoorstJ.F.;2
variant;2
verkennend;2
verkennende;3
verkennende fase d.m.v. ;1
verkennende fase. Leidschemdan Stompwijkseweg  ong. Gemeente Leidschendam-Voorburg.;1
w.;2
wanda;1
z.;2
