2665;1
174;2
473;1
212;1
A-18.0260/A-18.0403;1
91;5
0605;1
1799;1
77;3
1620;2
39, 1995;1
1465;1
13-12-1994;1
87;6
11045446;1
49-4;1
1;12
59, no. 7;1
Jaren, 1982-1988;1
A-19.0140;1
17-04-1991;1
1989, 1;1
12-12-1997;1
41 (1);1
48;5
1173;1
186;1
2261;1
17, 5;1
nr. 033;1
26,1;1
2, nov 91;1
111 (1994);1
III;8
18-12-1998;1
2006;1
IV;1
2010.310;1
262;2
17-12-1997;1
02-02-1996;1
16;6
90;5
71;1
210;1
nr. 026;1
75;2
;0
(decembernummer) 5;1
0708;1
2349;1
37 (4);1
909;1
247;1
383;1
13;11
59, 1;1
121;1
2732;1
93;2
94;2
34;6
2499;1
182;1
115;1
A-12.0185;1
2305;1
18;12
11/12;1
28071992;1
2;22
15-01-1996;2
1844;1
A-18.0327 en A-19.0028;1
531;1
1-2-1994;1
A-15.0182;1
37;8
91/1;1
564;2
346;1
4 (3);1
01.044;1
282;1
45,3;1
6, 1995;1
2687;1
A-18.0115/A-19.0007;1
2457;1
6, (1994);1
2010;1
315;1
23-12-1998;2
A-14.0042;1
22041991;1
199;1
4541;1
335;1
A-17.0271;1
491;2
2459;1
29011991;1
90/8;1
203;1
190;1
31;16
114;3
2009.57 WEIS;1
02-02-1993;1
A-11.0390;1
26-08-1992;1
Jaarverslag, 1982, deel 5;1
1942;1
01.106;1
82;3
264;1
269;1
1066;1
309;1
2347;1
23-09-1999;1
54;2
10;18
112e stuk;1
139;3
495;1
nr. 062;1
1991, 6;1
03-12-1991;1
241;1
nr. 040;1
21-3;2
4444;1
Vol. 48 (2005);1
374;2
281;1
2200;1
29;13
19-07-1994;1
1997;1
116;1
348;1
24-01-1996;1
124;3
A-18.0137;1
A-17.0219;2
152;4
4049;2
1991;7
230;1
nr. 030;1
165;1
1998;2
2043;1
185;1
120;5
nr. 53;1
287;1
2015/119;3
A-18.0155;1
Vol. 2;2
A-19.0090;1
16-06-1995;1
89;6
30-03-1998;1
7 (nov'99);1
A-20.0097;1
nr. 069;1
72;4
224;1
167;2
1049;1
10, 1;1
30-06-1995;3
25, 1975;1
10, 4;2
155;5
09031993;1
1122;1
A-19.0099;1
A-19.0074;1
206;1
1680;1
12-13;1
28;10
28-06-1995;3
04.030;1
1995-2;1
570;2
359;1
54, 5;1
197;2
23;6
14;6
06-12-1999;1
64;4
P0501688;1
6;16
23-02-1998;1
158;1
2003;1
189;2
408;1
231;1
A-12.0149;1
P0502156;1
38, 3;1
320;2
1995/1996, 37/38;1
10, 1994;1
40, 1;1
2000;1
300;1
214;2
313;1
(1989-1990) 73-74;1
99;3
131;2
3012;1
175;2
211;1
06.049;1
nr. 009;1
2 (3);1
390;1
77, 298;1
A-17.0307/A-18.0225;2
22-12-1993;1
151;2
267;1
18-01-1994;1
233;1
A-22.0363;1
A-08.0081;1
1443;1
142;2
379;1
21-1;2
22, 1982;1
256;1
1998-39 cbw;1
42, 1995;1
85;2
86;10
1800;2
45, 3;1
270;1
148;1
1998-1;1
65;3
4.2;1
V1132;1
Archeologische kroniek van Noord-Brabant, 1990, nr;1
19-05-1997;1
568;1
A-07.045;1
160;4
137;1
1708;1
1992;3
2346;1
30-11-1998;1
57361118/A-18.0406;1
A-19.0206;1
61, No. 27;1
10-08-1998;1
83;9
feb. 1962;1
103;2
35;5
157;1
A-19.0270/A-19.0353;1
1411;1
13, 4;2
nr. 045;1
A-08.0258;1
265;1
12-01-1996;1
112;4
6, nr. 3;1
12-2005;1
nr. 021;1
2952;1
26;16
118;1
A-16.0069;2
8;14
54, 6;1
176;2
356;1
266;1
2 (4);1
327;1
S090148;1
31(3);1
111, 1996;1
nr. 054;1
129;2
63 (1);1
13-06-1994;1
15, 1990;1
02.093;1
238a;1
219;2
104;2
nr. 059;1
362;2
32;5
261;1
76;4
15121992;1
74;2
46B;1
4;10
274;2
9;16
401;2
A-07.0379;1
1990;4
140;1
1196;2
132;2
523;1
107 (1990);1
A-19.0169/A-19.0236;1
201;1
61;3
187;1
A-11.0373;1
380;1
806;1
36;6
16, 2002-2;1
272;2
43;10
7-7-1998;1
130;1
A-11.0134;1
4731;1
62;1
195;1
49;4
A-13.0206/A-16.0185;1
A-16.0148;1
47, 1;1
193;1
88;5
14-06-1994;1
nr. 060;1
143;1
159;2
40;6
04.0108;2
154;1
59 (5);1
nr. 016;1
1302;1
25-05-1998;1
128;2
2519;1
22031995;1
32, 4;1
107;2
Jaarverslag, 1980, deel 3;2
276;1
400;1
296;1
nr. 11;1
78;4
205;1
Mei 1999;1
14-06-1995;1
8-12;1
321;1
2085;1
3;18
1403;1
13, 1;1
05.238;1
2-1;1
84;4
2064;1
Vol. 5;1
19-08-1996;1
70;4
jaargang 15;1
22-12-1997;1
347;1
nr. 067;1
208;1
2073;1
25, 5;1
12-06-1996;1
A-19.0323;2
1999, nr. 2;1
215;1
336;1
79;4
213;1
3468;2
A-20.0151;1
juli 1997;1
A-17.0176;1
38;7
251;3
238;1
2005-128;1
nr. 07;1
A-09.0216;1
302;1
18,6;1
nr. 042;1
326;1
204;3
2011-41;1
A-16.0051;1
14/15;1
100;3
70721.02;1
273;1
1384;2
307;1
(1987) 29;1
5197;1
06.0394;1
227;1
125;4
I;2
15-12-1997;3
XIII;1
nr. 027;1
102;1
353;1
92;4
51;4
2523;1
428;2
192;2
3264;1
1839;1
A-18.0428;2
163;2
17, 1;1
2010.323;1
149;2
80;5
67;4
32, 1-2;2
A-18.0434 / A-19.0102;1
A-16.0214/A-17.0130;1
2974;1
2217;1
150;1
47;6
A-10.0262;1
242;1
44;4
200;4
1987;1
nr. 065;1
3.2;1
164;1
253;1
33,1;1
4,2;1
225;1
8, 2;1
184;1
216;1
2391;1
57;7
4848;1
238b;1
308;1
54910418/A-18.0232;1
147;1
06-03-1997;1
304;1
31, 2;1
nr. 068;1
50, 1991;1
2054;2
1 (2);1
Proceedings of the 7th ICAZ conference, nr 25-26;1
937;1
456;1
98;3
22-8-1985;1
339;1
AM15429;1
3100;1
09-2006;1
1853;1
330;1
123;2
332;1
31011991;1
1675;1
1976-1977;1
2742;1
144;4
44, 1;1
nr. 017;1
4885;2
325;2
A-18.0058;1
Jaargang 66;1
11-2006;1
134;1
223;1
2, 1991;1
4878;1
0915;1
183;2
387;1
268;1
373;1
146;1
2650;1
84e jaargang aflevering 4;1
A-18.0211/A-18.0270;1
66;2
45;6
180;1
375;1
1269;1
11-07-1995;1
2376;1
V2025;1
A-17.0295;2
A-20.0220;1
188;1
nr. 025;1
4, 1993;1
468;2
172;1
69;2
15,1;1
11-02-1997;1
1684;1
ADC Rapport 5000|Archol Rapport 461;2
83-90 (1999-2006);2
141;1
1916;1
52;6
(1991/1992) 33/34;1
122;2
170;2
1404;2
222;1
nr. 002;1
70431.02;1
111;2
469-deel 2;2
291;2
036;1
2.2;2
26-03-1998;1
21-12-1998;1
A-10.0235;1
169;1
A-17.0170;1
237;1
04-06-1991;1
145;2
30-08-1996;1
56;4
33178;1
juni 1986;1
306;1
47(2);1
1989;9
A-12.0049;1
469-deel 1;3
22;11
4223;2
2694;1
119;5
2350;1
1249;1
63;3
1999;1
volume 6;1
Jaargang 10, 4;1
90/5;1
106;4
21 (3/4);1
108;3
341;1
126;1
209;1
207;1
Actes du 5e congres international d'archeozoologie;1
8-8-1995;1
Juni, 1977;1
56 (1);1
221;2
15.5;1
XI, nr. 5;1
03-2004;1
juli 1991;1
248;1
nr. 024;1
05-2003;1
301;1
2011-32;1
1991, 2;1
334;1
06-09-1995;1
nr. 013;1
68;3
232;1
A-08.0487;1
389;2
A-20.0150;1
19-04-1999;1
58;8
08.0378;1
(1990) 32;1
161;1
305;1
24-04-1995;1
411;3
2014-08/12Z;1
A-18.0039;1
2342;1
312;1
367;1
101;3
4-12-2018;1
nr. 035;1
04.097;1
1250;1
46;1
53;8
1995, 4;1
A-05.0125;3
117;1
01-1993;1
A-18.0433;1
217;1
Jaarverslag, 1979, deel 2;5
42;3
4159;1
1271;1
1990-2;1
02.060;1
453;1
Jaargang 47, nr. 4;1
24-1-1995;1
55;5
5;23
127;3
81;3
239;1
4, 2;2
59;2
A-18.0077/A-18.0179;1
nr. 031;1
1989, 2;1
360;1
1569;1
jaarverslag 1984;2
329;1
70434.01;1
13(2);1
24;9
1994:1;1
191;1
Jaarverslag, 1990/1991, deel 13/14;2
318;1
7 (6);1
41;10
2710;1
50;7
03-2003;1
24111992;1
1782;1
403;1
198;2
04121991;1
A-09.0165;3
96;2
1919;1
nr. 1;1
0619;1
173;2
314;1
04.151;1
250;1
1770;1
397;1
622;1
05.235;1
196;1
1 (1);1
113;3
VIII;1
15 (1968);1
95;6
1785;1
?;1
246;1
228;2
2 (1993);1
317;1
569;1
A-19.0069;1
439;1
2713;1
24-1974;1
181;1
AM15390;1
01-11-1999;1
31071992;1
A-09.0142;1
16-11-1994;1
57, 1990;1
31, 1;1
49, 4;1
02011991;1
16/4;1
A-05.0339;1
7/1;1
05-10-1994;1
XI;1
07.0475;1
218;1
5004;2
138;1
03051993;1
76-82;1
2008-07/17;1
43-1-1994;1
11;11
12-11-1998;1
60;6
03-09-1990;1
110;2
15(2);1
156;1
AM15142;1
5/6;1
4437;2
12;17
nr. 064;1
2015-07/05;1
168;2
7;15
1994;1
328;2
15;16
A-16.0325;1
1986;2
13-1;1
73;2
177;1
08-02-1999;1
343;1
04.138;1
;331
394;1
368;1
nr. 046;1
234;1
nr. 022;1
nr. 066;1
II;7
2080;1
1993;3
19, 6;1
2513;1
62 (6);1
18-07-1994;1
21;13
364;1
284;1
17;14
10, 1983;1
2 (2);1
162;2
292;1
1426;1
22-2-1994;1
15041992;1
133;2
47 (4);1
24-02-1999;1
11-01-1999;1
2521;1
31-5-1996;1
135;1
202;2
02-05-1991;1
37/38;7
39;9
109;3
19;12
20;8
nr. 037;1
2343;1
25;7
252;1
22071992;1
24-11-1995;1
79-16;1
A-19.0042;1
34, 1;1
236;1
370;3
2552;1
16-12-1997;1
nr. 043;1
323;1
23-10-1992;1
2005;1
220;1
1077;1
194;1
2404;1
33;9
2007;1
nr. 023;1
30;9
1992/1993;1
1537;1
nr. 038;1
Rapport 0905;1
A-18.0283;1
1854;1
166;2
27;9
153;2
28, 1;1
20-05-1996;1
178;1
2016-03/08;1
A-17.0031;1
nr. 010;1
2, 1993;1
97;4
jg. 2003;1
179;1
105;2
NULL;18
