't Hart-Michilsen;1
A, van der;1
A.M. Wijkel;3
AAC Projectenbureau;45
ADC ArcheoProjecten;1680
ADDINK SAMPLONIUS;4
AKKERMAN;1
ANDREA;7
APPELS;26
AREND VAN DEN;1
ARON;1
ASSINK;4
AWN Afd. 10 Zeeland;7
AWN Afd. 11 Lek en Merwestreek;138
AWN Afd. 12 Houten;86
AWN Afd. 13 Naerdincklant (Hilversum e.o);3
AWN Afd. 14 Vallei en Eemland (Amersfoort e.o.);27
AWN Afd. 15 Betuwe en Bommelerwaard;9
AWN Afd. 16 Nijmegen e.o.;26
AWN Afd. 17 Zuid-Veluwe en Oost-Gelderland;19
AWN Afd. 18 Zuid-Salland, IJsselstreek, Oost-Veluwezoom;2
AWN Afd. 19 Twente;9
AWN Afd. 2 Noord-Holland Noord;41
AWN Afd. 20 IJsseldelta-Vechtstreek;2
AWN Afd. 21 Flevoland;13
AWN Afd. 23 Kempen en Peelland;28
AWN Afd. 24 Midden-Brabant;3
AWN Afd. 3 Zaanstreek Waterland;37
AWN Afd. 4 Kennemerland;275
AWN Afd. 5 Amsterdam e.o.;17
AWN Afd. 6 Rijnstreek;11
AWN Afd. 7 Den Haag e.o.;3
AWN Afd. 8 Helinium (Waterweg Noord);100
AWN Afd. 9 De Nieuwe Maas (Rotterdam e.o.);1
Aa, van der;2
Aalbersberg;1
Aalders;1
Aalpol;1
Aannemers-combinatie Keent;1
Aannemingsmaatschappij Ploegam;1
Aarts;13
Abelmannn;6
Acht, van;1
Achten;1
Achterop;6
Ackermans;32
Adede;1
Aeres Milieu;20
Afd. Archeologie en Monumenten Gemeente Maastricht;19
Afdeling Archeologie Gemeente Eindhoven;90
Afdeling Archeologie, Dienst Stadsbeheer, Gemeente Den Haag;178
Afdeling Monumentenzorg en Archeologie Gemeente Alkmaar;95
Afdeling archeologie onder water;3
Akkerman;2
Alberts;7
Alders;89
Alebeek, van;1
Alink;4
Alphen, G.H.J. van;14
Alphen, van;1
Amelsvoort, van;1
Ams, van;1
Amsterdams Archeologisch Centrum (UvA);36
Angenent;1
Antea Group Archeologie;1
Arcadis;54
Archaeological Research en Consultancy;441
Archeo-Team Miramar;8
Archeodienst Gelderland BV;141
Archeologenbureau Argo;1
Archeologie Deventer RMW-VHMZ;116
Archeologie West-Friesland, Hoorn;64
Archeologisch Instituut Rijksuniversiteit Utrecht;1
Archeologisch Instituut VU;37
Archeologisch Onderzoek Leiden BV;235
Archeologische Dienst Gemeente Hoorn;25
Archeologische Dienst Zwolle;13
Archeologische Vereniging Land van Heusden en Altena;4
Archeologische Vereniging Limburg;1
Archeologische Vereniging Meppel;3
Archeologische Werkgemeenschap voor Nederland;856
Archeologische Werkgroep;180
Archeologische Werkgroep BATO;3
Archeologische Werkgroep Echt;24
Archeologische Werkgroep Eindhoven;1
Archeologische Werkgroep Erthepe;3
Archeologische Werkgroep Geertruidenberg;2
Archeologische Werkgroep Heemkundekring Helmond-Peelland;9
Archeologische Werkgroep Leen de Keijzer;7
Archeologische Werkgroep Leidschendam-Voorburg;3
Archeologische Werkgroep Old Ruerlo;1
Archeologische Werkgroep P.H.G., Putten;2
Archeologische Werkgroep Ravenstein;5
Archeologische Werkgroep Schoonhoven;1
Archeologische Werkgroep Tablis;1
Archeologische Werkgroep Valkenburg;1
Archeologische Werkgroep Voorburg;11
Archeologische Werkgroep Wijk bD- St. Wijks Castellum;2
Archeologische Werkgroep Zoetermeer;1
Archeologische Werkgroep van de Heemkundekring Myerle;1
Archeologische werkgroep Beesel;1
Archeologische werkgroep Heemkundekring Vechele;4
Archeomedia / Arnicon;365
Archeopro;3
Archeos Fryslan;1
Archeosupport BV;1
Archis;2
Argeologysk Wurkferban;20
Armaex Explosievenopruiming;2
Arnoldussen;3
Artefact! Advies en Onderzoek in Erfgoed;14
Arts;25
Asmussen;5
Augustijn;1
Avoort, van den;1
Avoort, van der;1
BAAC BV;1050
BAKKER;6
BALSTER;7
BEDIJN;1
BEEKMAN;5
BELLEN;44
BEUKER;182
BEZAAN;26
BIEMANS;11
BLOEMEN;4
BODAC bv explosievenopruiming;4
BOER DE;1
BOETZKES;4
BOGAERT;1
BOKMA;1
BOLT;12
BONHOF;21
BOONE DE;2
BORST-PAUWELS;12
BRAAT;12
BRANDT;1
BRESSER;11
BROERTJES;4
BRUNSTING;20
BURSCH;13
BUTTER;13
Baarle, van;54
Baars;1
Baaten;20
Baggerbedrijf;7
Bakker;6
Bakx;2
Baltes;1
Bartels;15
Basisschool De Regenboog;1
Bax;1
Becker en Van de Graaf;451
Beckers;2
Beckers & G.A.J. Beckers;4
Bedeaux;1
Beek, van;103
Beeks;5
Beekwilder;1
Beemt, van den;127
Been;2
Beer, de;1
Beets;1
Beex;246
Beijen;1
Beijk;24
Beks;47
Bekx;1
Benerink;5
Benning;1
Berg, van den;14
Bergeijk, van;1
Bergen Henegouwen, van;1
Berghs;1
Bergings- en transportbedrijf van den Akker B.V.;1
Bergsma;2
Berkel, van;9
Berkien;1
Berkvens;10
Bernards;1
Besselaar, van den;2
Besteburken;1
Betuw, van;1
Beukhof;82
Beunder;15
Beute;1
Beverdam;64
Bie, de;1
Bierens;1
Biessen;1
Biggelaar, van de;1
Bijl;4
Bil;4
Biologisch Archeologisch Instituut;1025
Bitter;6
Blaak;22
Blauw;1
Bleijenberg;2
Bloemen;32
Bloemers;56
Blom;13
Blomme;11
Boekel, van;1
Boelsma;1
Boemaars;1
Boer, de;19
Boer, den;3
Boerman;1
Boersma;10
Bogaars;2
Bogaers;7
Bohmers;9
Bol;1
Bolt, van de;7
Bolt, van den;6
Bolt, van der;1
Bolwerk;26
Bomme,l van;1
Bommel, van;2
Bon, van;16
Bongaerts;1
Bongard;1
Boo, de;1
Boorn, van den;1
Boreel;1
Borgh, van de;57
Borman;11
Borre, van den;1
Bosch, ten;2
Bosch, van de;5
Bosch, van den;8
Boschker;11
Boshoven;1
Bosma;3
Bosman;7
Bostelaar;7
Bougie;37
Boulonois;2
Bouwman;2
Boveldt- van Essen, te;1
Bram en Tim van Nijnatten;1
Brandenburgh;2
Brandhof, van den;2
Brandt, van de;11
Brandts;54
Braspenninckx;1
Bredie;17
Brenk, van den;3
Breukers;6
Briggen;1
Brinck, N.;2
Brinkhuizen;2
Broeder Reinhold;14
Broeke, ten;1
Broeke, van den;185
Broeksmit;1
Broese;1
Brok, den;1
Brokke;1
Bron;1
Brongers;87
Brounen;187
Brouwer;5
Bruekers;2
Brugge, ten;4
Brugge, ter;10
Bruijn;82
Bruin, de;2
Brunschot, van;1
Buisman;68
Buitenhuis;5
Bult;107
Bulten;4
Bureau Archeologie Gemeente Haarlem;124
Bureau Archeologie Gemeente Nijmegen;282
Bureau Cultureel Erfgoed;2
Bureau Interdisciplinaire Landschapsanalyse;311
Bureau Monumenten & Archeologie Amsterdam;66
Bureau Monumenten en Archeologie Gemeente Leiden;15
Bureau Oudheidkundig Onderzoek Gemeentewerken Rotterdam;347
Bureau voor Archeologie;7
Burlet;1
Burnier;1
Buut, van de;1
C. van der Linden;1
CENTRUM VOOR SCHEEPSARCHEOLOGIE;6
CLEVIS;6
COENRAADTS;17
CORDFUNKE;14
Campenhout, van;1
Capello;3
Caris;1
Carmiggelt;1
Cense;1
Centrum voor Archeologie (Gemeente Amersfoort);3
Claassen;23
Claassens;1
Clason;2
Cleij, P.;1
Cleijne;1
Cleton;1
Coenen;1
Cohlst;1
Cooijmans;1
Coolen;6
Cordes;1
Cornelissen;2
Corver;2
Crins;1
Crombach;2
D'hondt;2
D.;1
D.de Jong;2
DAEMEN;2
DEKKER;2
DIJK;2
DIJK, VAN;18
DINTEREN, VAN;25
DOODEHEEFVER;7
DUIVEN;1
DZIURAWSKI;4
Daalen, van;1
Dahhan;1
Daleman;1
Dalsen;1
Dam, van;1
Dasselaar, van;8
Datema;5
Dautzenberg;7
De Ridder;7
De Staat (Financien, Domeinen);1
De Steekproef, Archeologisch Onderzoeks- en Adviesbureau;439
Deckers;1
Deeben;16
Deijk, van;12
Dekker;1
Dekkers;6
Delarue;2
Delfin - Van Mourik Broekman;836
Delporte;1
Deltares;8
Derks;4
Deunhouwer;1
Deursen,van;1
Devilee;5
Diachron UvA BV;9
Diederik;66
Dielissen;6
Dienst der Hydrografie;6
Diependaal;2
Diependaele;1
Dieren van;3
Dierendonck, van;2
Dijk, van;12
Dijkstra;16
Dinther, van;1
Direcks;2
Dockum, van;3
Doedens;1
Doef, van der;8
Doelman;6
Dommelen, van;1
Donderwinkel;1
Donker;2
Doorn, van;1
Doornbos;10
Douven;2
Drenth;85
Driessens;287
Druenen, van;1
Drunen;1
Duifjes;1
Duijn;1
Duijn, van;1
Duikclub Ecuador;18
Duikclub Sirene;2
Duikclub Texel;8
Duikteam Caranan;1
Duikteam Get Wet;1
Duikteam Zeester;4
Duikvereniging;2
Duikvereniging Moby Dick;1
Duikwacht Zeeland;4
Duinen, van;1
Duurland;9
EARTH Integrated Archaeology BV;1
Eck, van;3
Econsultancy BV;159
Ederveen;6
Eelman;42
Eeltink;1
Eerden, van;4
Efferen, van;1
Eigenaar/pachter;1
Eijk, van;56
Eijskoot;10
Eilander;2
Elberse;127
Elisabeth Vellinga en Martijn Felder;1
Ellenkamp;2
Elsendoorn;1
Elzinga;55
Emmens;2
Emmery;13
Ende, van den;3
Endt, van der;1
Es, van;8
Esch, van;2
Esch, van der;63
Esman;2
Essink;1
Everdingen, van;1
Evers;13
Ex-Situ arch. advies en projectbureau;1
Exaltus;10
Eybers;1
Eynde, van den;1
F.van Lit & J. Wessels;1
FEEN, VAN DER;1
FEENSTRA;16
FRANZEN;95
Faessen;5
Fam. van de Heuvel;1
Familie Steenbakkers;1
Feenstra;14
Feest, van der;3
Felder;1
Ferri;29
Fijma;1
Finken;1
Firma Kuijpers;1
Firma Van Horssen & gemeentewerken gemeente Asten;1
Flokstra;28
Flonk;1
Floore;2
Fokke;1
Folkerts;1
Fonteyn;53
Franken;1
Frauenfelder;1
G.A.T.;5
GATE Archaeology;1
GEMEENTE AMELAND;1
GEMEENTE ASTEN;1
GEMEENTE BERGEN OP ZOOM;1
GEMEENTEMUSEUM 'T BEHOUDEN HUYS;1
GEMEENTEMUSEUM ARNHEM;6
GOOIS MUSEUM;3
GOOL, VAN;4
GOORHUIS;14
GROOD DE;1
Gaauw, van der;187
Gawronski;1
Geel, van;1
Geelen;3
Geffen, van;1
Gelder, van;3
Gelderse Archeologische Stichting;2
Geling;1
Gelissen;1
Gemeente;3
Gemeente Alkmaar;5
Gemeente Almere;6
Gemeente Alphen aan den Rijn;1
Gemeente Amsterdam;1
Gemeente Apeldoorn;2
Gemeente Arnhem;3
Gemeente Bergambacht;1
Gemeente Bergen op Zoom;13
Gemeente Beverwijk;1
Gemeente Born;1
Gemeente Breda;101
Gemeente Delft;42
Gemeente Den Haag;3
Gemeente Deventer;8
Gemeente Doesburg;1
Gemeente Dordrecht;51
Gemeente Ede;4
Gemeente Geldermalsen;1
Gemeente Gouda;1
Gemeente Groningen;9
Gemeente Haarlem;1
Gemeente Heusden;1
Gemeente Hoorn;1
Gemeente Leiden;14
Gemeente Monster;1
Gemeente Montferland;1
Gemeente Nieuwkoop;1
Gemeente Nijmegen;68
Gemeente Rheden;1
Gemeente Rijswijk;1
Gemeente Rijswijk, Sectie Archeologie;7
Gemeente Sittard-Geleen;1
Gemeente Utrecht;2
Gemeente Vianen;1
Gemeente Wormerland;1
Gemeente Zaanstad;13
Gemeente Zutphen;103
Gemeentelijk Depot voor Bodemvondsten Zutphen;1
Genabeek , van;1
Geraeds;4
Geraedts;1
Gerrits;1
Gerritsen;3
Gerts;1
Geurts;1
Geusen;2
Gevers;2
Gevers-Segers;1
Ghignatti;1
Gielen;1
Giesbers;1
Giffen, van;137
Glas;1
Glasbergen;2
Glazema;3
Gleichman;5
Glezer;17
Goffin-Sweelssen;1
Gommers;1
Gool, van;12
Goossens;198
Gortemoller;1
Graaf, de;38
Graaff, de;14
Graafstal;16
Graas;1
Grapendaal;1
Greef, de;1
Grefkens;1
Greydanus;29
Griffioen;1
Groen;14
Groenendijk;54
Groeneweg;3
Groenewold;1
Groenewoudt;108
Grond, v/d;1
Groninger Instituut voor Archeologie;29
Grontmij;225
Groot, de;2
Groothedde;32
Grootveld;1
Guiran;5
Gulik, van;1
HAALEBOS;24
HABETS;31
HARTEN;7
HASSELT;15
HAVELAAR;3
HEEMKUNDIGE KRING KESTEREN E.O;5
HEEMKUNDIGE KRING MAASLAND;6
HEEMKUNDIGE KRING VEGHEL;2
HEER DE;4
HEESTERS;16
HEIDINGA;1
HEIJENGA-KLOMP;1
HEIJMANS;22
HEKKERT;1
HENDERICKX;3
HENDRIX;18
HET VEENKOLONIAAL MUSEUM;11
HIJSZELER;32
HKK Ioannes Goropius Becanus;1
HOEF VAN;4
HOEK;21
HOEKSTRA;1
HOENDERVANGERS;1
HOFS;2
HOMMES;9
HONTEM, VAN;23
HOUBEN;1
HUBREGTSE;95
HUPPERETZ;2
Haaff, van;5
Haan;2
Haan, de;5
Haane;1
Haarhuis;44
Habets;1
Hageman;1
Hagen, van;104
Hagens;6
Hagers;5
Hajenius;565
Hakvoort;1
Halbertsma;18
Hallewas;10
Ham, van der;3
Hamaland Advies  vof;13
Hanemaaijer;1
Hansen;55
Hanssen;57
Hanssen-Strous;1
Hardenberg;1
Haring;1
Harmsen;1
Harsema;48
Hattink;1
Hazelhoff;1
Hazenberg;18
Hazenberg Archeologie Leiden BV;1
Hebing;1
Heemkunde Vereninging Sint Achten op Boeckel;1
Heemkundekring 'De Plaets' Berlicum/Middelrode;1
Heemkundekring Bergh;3
Heemkundekring Carel de Roy;2
Heemkundekring De Heerlyckheit Dongen;2
Heemkundekring Myerle;2
Heemkundekring St. Aagten op Boecel;2
Heemkundekring Uden;15
"Heemkundekring- ""Vechele"" en ""Erthepe""";1
Heemkundevereniging;1
Heemkundige Vereniging Beek;1
Heemkundige Vereniging Maas- en Swalmdal;10
Heemkundige Vereniging Roerstreek;4
Heemkundige Vereniging Schijndel;1
Heemkundige Vereniging/Heemkundige Kring;39
Heeringa;1
Heeringen, van;3
Hees, mw. van;1
Heeswijk, van;3
Heide, ter;3
Heide, van der;18
Heijden, van der;198
Heijenga;1
Heijink;1
Heijting;1
Heitzer;10
Hekkers;1
Hekkert;1
Hekman;1
Helden, van;1
Heldoorn, B.;1
Helmondse Historische Archeologische Groep;2
Hemert, van;7
Hendriks;4
Hendrikse;18
Hendrikus;1
Hendrix;1
Hengsdijk;2
Hengst, den;2
Henk;10
Hennekeij;5
Hennepe, te;1
Hennipman Epz;1
Hensbergen, van;1
Hensen;2
Henzen;9
Heringa;1
Hermes;3
Herweijer;1
Herwijnen,  van;7
Herwijnen, van;2
Hest, van;5
Heugten, van;2
Heunks;5
Heuts;1
Heuvel van der;2
Hielkema;3
Hijma;8
Hissel;1
Historisch Centrum Wassenaar;3
Historische Kring;1
Historische Kring Huessen;1
Historische Vereniging Aduard;1
Historische Vereniging Oosthuizen;1
Historische Vereniging tussen Rijn en Lek;5
Hoek;1
Hogestijn;11
Hogewoning-Noort;1
Holk, van;1
Hollandia Cultuurhistorisch Onderzoek en Archeologie;68
Holtrop;129
Holwerda;8
Honigh;1
Hoof, van;2
Hoogendoorn;1
Hoogers;1
Hoogeveen;1
Hoogheemraadschap;1
Hoogveld;14
Hoorens;1
Hopstaken;3
Horbach;20
Horn;1
Horst, van der;38
Houben;38
Houkes;7
Houniet;8
Hout, van;73
Houtsma;4
Houttuin;25
Houweling;1
Houwen, van der;1
Hoven;2
Hr. Gutteling;1
Huijbers, T.;18
Huis in 't Veld;14
Huiskes;52
Huisman;41
Huizer;1
Hulsebos;1
Hulshoff;1
Hulst;155
Hurk, L. van de;1
Hutschemakers;1
Huveneers;2
Huybers;11
Huynen;1
Huys;2
IDDS Archeologie B.V.;90
INSTITUUT VOOR OUDE GESCHIEDENIS EN ARCHEOLOGIE;5
INSTITUUT VOOR TOEGEPAST HISTORISCH ONDERZOEK;23
ISINGS;4
Immerzeel;17
Ingenieursbureau Amsterdam;1
Inst. voor Bouwhistorische Inventarisatie en Documenten;7
Instituut voor Pre- en Protohistorie A.E. van Giffen;1013
Instituut voor Prehistorie RUL;112
Irsel, van;1
Irsel, van (Frank);1
Ising;1
J. Mostert;3
JAGER;107
Jacobs;3
Jacobs & Burnier;31
Jacobson;1
Jalink;1
Jans;1
Janse;4
Jansen;7
Janssen;79
Janssens;1
Jelsma;3
Jelsman;1
Jeneson;9
Jochems;10
Johanns;2
Jole - de Visser, van;5
Jong , de;1
Jong, de;23
Jongbloed;1
Jonge, de;1
Jongenele;1
Jongepier;145
Jongh, de;1
Jongste;1
Jonker;1
Joosten;1
Joustra;8
Jozen;1
Julsing;1
Jungen;2
Jurgens;1
KAAL;45
KAMPMAN;55
KLOK;111
KNIPPELS;3
KNIPPENBERG;8
KOELING;4
KOK, DE;13
KOOI;6
KOSTER;12
KRAMER;1
KUYPERS;9
KWAKKERNAAT;10
Kaanen;1
Kaathoven, van;10
Kalee;13
Kalisvaart;4
Kallen, A. van der;2
Kam;2
Kampen, van;2
Kappers;1
Kas;2
Kastelijns;2
Kats;1
Kauling;3
Keetels;4
Keijers;2
Keijzer, de;19
Keizer;1
Kempen, van;5
Kengen;1
Kerckhaert;1
Kerkhof;1
Kerkhoven;1
Kerstens;1
Kessel, van;1
Kesteloo;8
Keunen;14
Keyzer;5
Kievith, de;1
Klaessen;10
Klapwijk;2
Klaveren, van;8
Kleijburg;1
Kleijn;1
Kleinhuis;7
Kleuver, de;2
Klinkenberg;1
Klok;1
Klomp;7
Klotz;3
Kluit;2
Klunder;5
Klundert, van der;2
Klungel;3
Knoops;2
Knoppers;4
Kok;1
Kolderkolk;1
Kolen;2
Koning;7
Koning, de;7
Koninklijke Boskalis Westminster N.V.;1
Koninklijke Marine;7
Kooiman;5
Kool;2
Koolaard;3
Koolen;42
Koop;2
Koopmanschap;4
Koops;1
Koopstra;1
Koorevaar;2
Koot;9
Korstjens;5
Kort;7
Kortekaas;1
Kortlang;5
Korver;1
Koster;54
Koudijs;1
Kouwen, van;39
Kovel;1
Kraayenvangers;1
Kraker, de;8
Krieken, W. van der (Willem);1
Krieken, van der;2
Krijl;1
Krist;5
Kroeze;1
Krol;1
Kruif, de;1
Kruysen;15
Kuijl, van der;6
Kuijten;2
Kuilenburg;1
Kuipers;6
Kuppeveld, van;1
Kurstjens;8
Kustermans;3
Kusters;22
LAGERWERF;6
LEEMANS;2
LEENDERS;6
LEENHEER;6
LEEWIS;1
LOCKEFEER;1
LOECKER DE;2
LOON, VAN;3
LUBBERDING;5
LUPAK;50
LUTJEHARMS;1
Laan, van der;5
Laban;1
Lagers;2
Lambregts;1
Landelijke Werkgroep Archeologie Onder Water;21
Landschapsarchitect;1
Landschapsbeheer Utrecht;1
Landzaat;5
Lange;4
Langenberg, van den;2
Lanjouw;6
Lanting;1
Lases;1
Lassche, A.;1
Laumen;1
Lee, van der;15
Leenheer;4
Leenhouwers;4
Leeuw, de;6
Leeuwe, de;1
Leinders;27
Lemmen;1
Lenders;5
Lenting;32
Leon Schmitz & Janine Apeldoorn;1
Libau Steunpunt voor Monumenten;6
Lichtveld;3
Liefferinge;1
Lienden, van;1
Lieshout, P. van;1
Linckens;3
Lindeman;2
Linden, van der;2
Linssen;3
Loeffen;1
Loenen;2
Loman;1
Loo, van het;132
Loon, van;2
Lorijn, de;6
Loring;2
Louwe Kooijmans;11
Lucassen;11
Lumens;1
Lute;2
Luys;79
M.J.J. van Son;2
MACHIELS;5
MANSSEN;2
MENSCH, VAN;1
MEZGER;43
MILLIKOWSKI;1
MOELANDS;2
MOST VAN DER;5
MUG Ingenieursbureau BV;183
MUSCH;60
MUSEUM DEN TEMPEL;1
MUSEUM SCHOKLAND;2
MUSEUM/OUDHEIDKAMER;1
Magdalijns;1
Maijer;2
Makkink;2
Mans;313
Marinelli;21
Mark, van der;8
Mars;1
Martens;1
Mathijssen;1
Mathot;1
Mauro;2
Meerts;1
Mees;1
Meeuwissen;1
Meffert;2
Meijden, van der;1
Meijel, van;1
Meijer;14
Meijers;1
Meijlink;1
Melis;2
Mengerink;1
Mentink;1
Mergor in Mosam;12
Meulenberg;4
Meurs, van;3
Meuwissen;1
Michels;1
Miedema;7
Mijle Meijer, van der;1
Milieudienst Zuidoost Utrecht;1
Milojkovic;2
Ministerie van Defensie;2
Ministerie van Economische Zaken;1
Ministerie van L.N.V.;1
Mocking;1
Modderkolk;40
Modderman;70
Moerman;1
Moermond;1
Mol;3
Molema;10
Molen, van der;9
Molenaar;6
Mom;98
Mooij;1
Moonen;24
Mooren;39
Moors;6
Moree;4
Mosk;1
Mostert;1
Mourik Groot-Ammers B.V.;1
Mulder;4
Muller;3
Murray;3
Museumhuis Groningen;1
Mutsaers;14
NEIJENHUIS;5
NEWELL;1
Naalden;1
Nachenius;1
Naenen,;31
Nakken;1
Nales;3
Natte;1
Nederlands Instituut voor scheeps- /onderwaterarcheologie;7
Nederlandse Aardolie Maatschappij BV;1
Nederlandse Gasunie;1
Nederlandse Heide Maatschappij;1
Nederlandse Jeugdbond ter Bestudering van de Geschiedenis;2
Nederlandse Kastelenstichting;4
Neef, J.A.;1
Nelissen;1
Nes, de;1
Netten;1
Niekus;9
Niet van toepassing;8
Nieuwenhuize;1
Nieuwenhuizen;1
Nieuwhof;5
Nijdam;22
Nijnatten, van;1
Nijsen;1
Nijssen;1
Nistelrooij, van;1
Nobel;17
Nollen;1
Noordam;18
Nooren;9
Norde;1
Nunen, van;1
ODE;3
OELE;8
OFFERMAN-HEYKENS;1
OUDHEIDKAMER TWENTE;2
Offerman;2
Offermans;29
Okel;53
Olivier;150
Olthoff;1
Ommeren, van;1
Onbekend;11045
Onderwatersportvereniging Nekton/Shadow Diving;2
Ooijevaar;25
Oomen;4
Oonk;1
Oosten, van;4
Oosterhout, van;1
Oostrom;2
Oostveen-Bonnema, van;1
Opdebeeck;2
Oppenheimer;1
Oranjewoud BV;238
Os, van;1
Otterdijk, van;1
Oud Aalsmeer, werkgroep Archeologie;4
Oude Rengerink;26
Oudheidkundige Vereniging Bleiswijk;1
Overtveld;2
P. v/d Vijver;1
PELDERS;3
POPPING;5
POULS;3
PRINS;1
PROJECTGROEP ARCHEOLOGIE BETUWEROUTE;1
PROVINCIAAL MUSEUM DRENTHE/DRENTS MUSEUM;277
PROVINCIAAL MUSEUM FRIESLAND/FRIES MUSEUM;9
PROVINCIAAL MUSEUM KAM;3
PROVINCIAAL UTRECHTS GENOOTSCHAP;1
Paashuis;1
Panhuysen;2
Parlevliet;1
Particulier;20172
Pavlovic;1
Peek;1
Peeters;106
Pels;2
Pelzer;1
Pepels;55
Perger;16
Periplus Archeomare;10
Peters;132
Peters-Rit;1
Peustjens;1
Pieper;2
Pijls;1
Pinxteren;2
Piras;3
Pisters;31
Plas, van der;1
Plaschaert;1
Plettenberg;3
Pleyte;8
Ploeg, van der;2
Ploegaert;3
Pluijm, van der;1
Poirters;6
Pol, van de;10
Poort;1
Poot, de;1
Pooter, de;2
Popken;16
Pos;2
Postema;1
Posthuma;2
Prins;6
ProRail;1
Pronk;6
Prouw, de;1
Provinciaal Depot voor Bodemvondsten Noord-Brabant;1
Provinciaal Depot voor Bodemvondsten Noord-Holland;6
Provinciaal Depot voor Bodemvondsten Zeeland;23
Provinciaal museum Limburg/Bonnefantenmuseum;1
Provincie;1
Provincie Flevoland;11
Provincie Limburg;1
Provincie Noord-Holland;2
Provincie Utrecht;1
Provincie Zeeland;1
Put;1
Putten, van;1
RAAIJ, VAN;6
RAAP Archeologisch Adviesbureau;15862
REGTEREN ALTENA, VAN;3
REGTOP;12
REUSELAARS;1
RHEENEN, VAN;1
RIJKEN;3
RIJKS GEOLOGISCHE DIENST;33
RIJKSDIENST VOOR DE MONUMENTENZORG;14
RIJKSMUSEUM TWENTHE;2
RIJKSMUSEUM VOOR SCHEEPSARCHEOLOGIE;2
RINGENALDUS;6
ROEVER DE;5
ROOS;50
Raaijmakers;1
Raaphorst;1
Ras;1
Ravesloot;7
Raymakers;5
Rechter, de;12
Reichgelt;5
Reinders;1
Reinhardus;1
Remouchamps;4
Renaud;15
Renders;5
Rensink;18
Renswoude, van;1
Reusink;42
Reuver, de;3
Reyenzj;13
Ridderbos;1
Rietveld;22
Rijken;41
Rijks;1
Rijksdienst voor Archeologie, Cultuurlandschap en Monumenten;48
Rijksdienst voor de IJsselmeerpolders;6
Rijksdienst voor het Cultureel Erfgoed;46
Rijksdienst voor het Oudheidkundig Bodemonderzoek;7125
Rijksmuseum van Oudheden;285
Rijkswaterstaat;145
Rijn, van;1
Rijns;1
Rijswijk, van;1
Robberechts;7
Robeerst;1
Rodenburg;4
Roebroeks;2
Roefstra;3
Roem;4
Roessingh;1
Rogers;1
Roller, de;12
Romijn;1
Rommers;3
Roo, de;30
Rooij, de;1
Rooijen, van;22
Rooy, de;39
Rooy, van;1
Rotjes;1
Rouw, de;1
Roymans;121
Rozen;1
Ruben van Houtum;1
Ruijters;413
Ruinemans-Koops;1
Rustenhoven;1
Rutten;8
Rutten, A. (Ad);1
SCHATORJE;1
SCHMITZ;2
SCHREURS;2
SIMONIS;6
SLOFSTRA;1
SMEETS;267
SMIT;26
SMORENBURG;4
SOB Research;805
STAPERT;3
STEDELIJK MUSEUM SCHIEDAM;1
STEEHOUWER;2
STIMON (Stichting Maritiem Onderzoek Nederland);1
STOEL;6
STRAUB;20
STREEKMUSEUM ROERSTREEK;1
STUURMAN;3
SUURMOND-VAN LEEUWEN;5
Sagro Milieu Advies Zeeland BV;16
Sambeek, van;11
Sanden, van der;60
Sanders;48
Santen-Van de Zaan;3
Sarfatij;18
Saricon;1
Sas, G. van;4
Sasse van Ysselt, van;1
Saxion;1
Schaakxs;1
Schaijk, van;1
Schamp;11
Scheer;7
Scheerder;2
Schegget, ter;2
Scheible, von;1
Scheijvens;3
Schennink;1
Schepens;1
Schepers;3
Scheppers;89
Schinkel;1
Schins;3
Schip, van 't;2
Schippers;10
Schmitz;21
Schoenmaker;1
Scholte Lubberink;31
Schoneveld;4
Schorn;1
Schotten;4
Schoutens;23
Schrauwen;2
Schroder;5
Schryvers;2
Schuppen, van;44
Schurmans;3
Schut;28
Schute;18
Schuurman;8
Sectie Archeologie, Gemeente Amersfoort;201
Seeraus;1
Selm, van;1
Senssen;1
Siegers;2
Sier;6
Silvrants;1
Simons;42
Slangen;1
Slapak;2
Sloos;1
Smeenge;1
Smeets;35
Smeijsters;5
Smit;20
Smits;94
Smulders;1
Snoeren;3
Soetens;1
Sombroek;7
Sonneveld;5
Soonius;111
Spanjer;1
Spank, van der;1
Spee,;3
Speetjens;1
Speetjens & Cornelissen;1
Sperling, Gebr. , OD 4;1
Spierings;2
Spijkers;3
Spitzers;3
Spoekler;2
Spoelder;1
Spoelstra;9
Spoorenberg;1
Sprang, van;48
Sprenger;18
Sprengers;1
Sprenkels;2
Staatsbosbeheer;1
Stakenborg;4
Staring Centrum;77
Stassen;2
Steeg, van de;1
Steeman;1
Steenbeek;2
Steutel;1
"Stichting ""Waalres Erfgoed""";1
Stichting Archeologie Hoeksche Waard;121
Stichting Archeologisch Samenwerkingsverband Gewest Helmond en Omgeving;1
Stichting Archeologische Monumentenwacht;26
Stichting Archeologische Werkgroep Kop van Noord-Holland;1
Stichting Archief Kring Hank;1
Stichting Behoud Alkmaarse Bodemvondsten;7
Stichting Behoud Onderwaterschatten Zeeland;2
Stichting Cultureel Erfgoed Zeeland;60
Stichting Kasteel Montfort;1
Stichting Oudheidkundig Bodemonderzoek Hoeksche Waard;40
Stichting Stadsarcheologie Steenbergen;6
Stichting Studiegroep Leudal en omstreken;3
Stichting in den Scherminckel te Bergen op Zoom;1
Stichting voor Bodemkartering;1380
Stichting werkgroep Oud-Castricum;1
Stiemer;1
Stoel;1
Stoepker;8
Stokkel;5
Stokmans;26
Stoop;1
Storm;1
Straaten, van der;20
Streefkerk;14
Strijdom;1
Strik;6
Stroo;1
Stroucken;1
Struik;1
Stuifbergen;1
Suierveld;3
Swarts;3
Swinkels;1
Synthegra BV;887
T.Jaspers;1
THERMENMUSEUM;1
THEUWS;2
TILLEMA;5
TRIJSBURG;1
TRIMPE BURGER;14
TUIJN;21
Taconis;14
Technische Universiteit Delft;1
Teekens;13
Tent, van;19
Terpstra;12
Terryn;8
Teters;1
Teunissen;1
Teurlings,;1
Tevel;1
Texelse Duikclub;1
Thanos;1
Thelosen;1
Theunissen;4
Thijmes;1
Thijs;10
Thijssen;24
Tholen;1
Thomas;2
Thomassen;1
Tichelman;7
Timmers;2
Tolhuisen;1
Tolsma;4
Tops;1
Transect;93
Trompetter;1
Tuijn, van der;4
Tuinstra;6
Tulp;2
Tump;1
Tuyn;9
Twan Hendrix en MeesJansen;1
Ufkes;1
Uitbeijerse;1
Uiterwijk;1
Uleman;2
Uleners;1
Universiteit Gent;2
Universiteit Leiden;20
VALK VAN DER;14
VENCKEN;1
VERMANING;130
VERSCHAREN;1
VERSLOOT;20
VERVLOET;20
VISSER & CROMMELIN;1
VLIERMAN;7
VOS;8
VRIES-METZ, DE;8
VROON;65
VUST DE;1
VUhbs archeologie;80
Vaars;9
Valster;4
Van Dijk-Slaats;67
Van Schijndel;1
Van de Wassenberg;1
Van den Broek van Lieseind;1
Van den Eerden;1
Van der Aa;1
Van der Ende;1
Van der Putten;1
Vanoverbeke;1
Vansweevelt;1
Vasbinder;1
Veekens, Jan;1
Veen;4
Veenhof;9
Veer, van der;1
Velde, van de;1
Velden, van de;1
Velden, van der;1
Veldman;1
Velthuis;1
Velthuizen;40
Ven, van de;1
Ven, van den;1
Venekamp;1
Venne, van de;2
Verbeek;3
Verbrugge;2
Verelst;3
Vereniging Helmont;58
Vereniging Natuurmonumenten;1
Vergeten Landschap;3
Vergouwen;4
Verhagen;66
Verhart;1
Verheijen;16
Verhelst;125
Verhoeven;21
Verkasteren;2
Verlinde;124
Vermaat;6
Vermeer;4
Vermeer,;1
Vermeij;1
Vermeulen;6
Vermulst,;2
Vermunt;12
Vernooy;3
Verrijckt;1
Verrips;2
Verroen;1
Versloot;1
Versluis;1
Verspaandonk;1
Verweij;3
Verwers;11
Vestigia BV;64
Vilsteren, van;8
Visscher;13
Visser;11
Visser-Mooij;1
Vissinga;1
Vlaardings Archeologisch Kantoor;52
Vlaming, S.;1
Vlas;1
Vlasblom;10
Vlemminx;20
Vleuten, van de;1
Vleuten, van der;1
Vlieger, de;1
Vliet, van;6
Voeten;1
Voets;2
Vogel;7
Vondenhoff;1
Vonk;1
Voogd;2
Voorde, van der;1
Vos;2
Vossen;1
Vreeke;1
Vreenegoor;5
Vrehen;2
Vries, de;12
Vrije Universiteit, Instituut voor Geo- en Bioarcheologie;1
Vromen;30
Vulto;1
WAALS VAN DER;4
WAGTER;5
WARTENA;1
WESTENDORP;8
WESTERINGH VAN DE;3
WESTFRIES MUSEUM;8
WIENTJES;4
WIND;3
WOONINGS;3
WOUDSTRA;1
Waaiboer;1
Waal, de;1
Waasdorp;2
Wageningen University;10
Wal, ter;2
Walcherse Archeologische Dienst;23
Walle-Van der Woude, van de;1
Warrimont, de;3
Waterbolk;15
Waterschappen;1
Wattenberghe;1
Wauben;12
Weegels;3
Weening;1
Weerd, de;1
Weers, van;1
Weert, de;1
Weide, van de;4
Weij;9
Wendel van-de Joode;1
Werd, de;3
Werdt, de;6
Werf, van der;10
Werkgroep Archeologie Cuijk;2
Werkgroep Archeologie Heemkundekring Het Zuidkwartier;4
Werkgroep Archeologie RURA;1
Werkgroep Archeologie SHHV;3
Werkgroep Archeologie Sittard;5
Werkgroep Archeologie en Historie van Schalkwijk;1
Werkgroep Archeologie, Stichting Heemkunde Denekamp;2
Werkgroep Golda;1
Werkgroep Prehistorie Veenkoloniaal Museum Veendam;13
Werkkgroep Bouwhistorie en Archeologie van de Historische Vereniging Alphen aan;1
Wessel;1
Wessels;1
Westerhuis;1
Westerlaak, van;1
Weterings - Korthorst;1
Wetten, van;3
Wetterauw;53
Wiel, van de;8
Wieringa;2
Wijk, van;7
Wijnen;1
Wijngaard, Peter;1
Wijnhoven;3
Wijtmans,;1
Wilbers;17
Willems;20
Willemse;14
Wilms;2
Winterman;1
Wispelwey;3
Wit, de;22
With, de;1
Wohlert;1
Woltering;43
Wolthuis;1
Woltinge;4
Woudenberg, van;1
Woudstra;1
Wouters;85
Wrakduikcharters Zeeland;1
Wrakduikstichting de Roompot;8
Wullink;10
Wurth;1
Ypey;3
ZIJLMANS;12
Zeetsen;15
Zielman;4
Zijl - de Jong, van;1
Zijlmans;2
Zijlstra;1
Zilverschoon;3
Zondag;1
Zuilen, van;1
Zuurdeeg;24
Zwarte, de;12
Zwienen, van;1
de Bree;1
de Broeder;1
de Cloedt;1
de Graaff;3
de Hoogd;1
de Kleijn;1
de Loijer;1
de Poorter;1
de Putter;1
de Raaff;1
de Vries;2
de Weerd;1
de Weert;2
de Wit;18
den Tek;2
hadderingh;1
in 't Zandt;1
la Feber;39
op het Veld;1
ten Bohmer;1
van Dale;1
van Dijk;1
van Dongen;5
van Dooren;1
van Gorkum;1
van Haaften;1
van Heertum;1
van Hees;4
van Heugten;1
van Hoef;4
van Houdt;1
van Kasteren;1
van Leuven;1
van Lierop;40
van Lunsen;2
van Nistelrooij;2
van Oers;1
van Otterdijk;1
van Reenen;1
van Rijckevorssel;1
van Schaijk;1
van Schijndel;1
van de Heuvel;1
van de Sande;1
van de Veen;3
van de Ven;1
van den Dungen;1
van der Haven;1
van der Straaten;1
van der Veen;1
van der Vinne;1
van der horst;43
van der linden;6
westhovens;1
wolf;11
woningstichting;1
