 Beentjes;1
 Bink ;1
 Blink;1
 Blink ;1
 Boer;1
 Depuydt;1
 Haasteren;1
 Lammertsma ;1
 Sinke ;1
 de Regt;1
 de Rijk;1
's-Hertogenbosch;1
't;1
't Hart;3
't Hoff;2
(Chris) Coppens;1
(Drs ing) N.J.W. van der Feest;1
(GEO-LOGICAL).;1
(IVO-P);1
(Maaike) Hartog;2
(NB);1
(red);1
+ Vermeersch;1
,;1
-;213
---;2
.;12
. Delville;1
..;37
07;1
12;1
14;1
15;2
170;1
18-108;1
19.;1
1b;1
2009;2
2015;1
2015-12;1
2020;2
2022;1
2022-04;1
2072947100;2
21-12-2009;4
224003;2
26132;1
35;1
37;1
41391;1
4231: Archeologisch bureuaonderzoek;1
478;1
60;1
62;1
64;1
64a;1
8);2
9;1
94;1
?;14
A;13
A Conradi MA;1
A Heirbaut;1
A Hoebe;2
A Jans;1
A Müller;1
A Petterson;2
A Sprengers;1
A Stokkel;1
A Tops;1
A Vaessen;1
A Visser;1
A Wijnen;1
A Wolzak MSc;1
A Ytsma;3
A spitzers;1
A van;1
A. Gazenbeek met een bijdrage van Y. de Rue;1
A. Kaspers (red.);7
A. Médard (red.);1
A. Pels-Ouweneel et.al.;1
A. Van de Water;1
A. Van den Hazelkamp;1
A. Verpoorte (red.);1
A.A.A Verhoeven (red.);1
A.C de Hoop;1
A.C.;1
A.C. Van de Venne;1
A.F. Loonen (eds.) met bijdragen van I. Hermsen;1
A.F. Teunissen van Manen;2
A.F. Theunissen van Manen;1
A.H;1
A.J;1
A.J. Guiran (met een bijdrage van W.J. Kuijper);1
A.M.H.C. Koekkelkoren e.a.;6
A.M.I van Waveren;1
A.R. Wieringa Met een bijdrage van J.M. Bottema-Mac Gillavry;1
A.T.L.E van Bussel;45
A.T.L.E van Bussel ;28
A.T.L.E. (Anne) van Bussel;1
A.T.L.E. (Anne) van Bussel RMA;4
A> Bergsma;1
ABG;1
ADC;1
AM;1
AMV;1
ARCHEOLOGISCH BOORONDERZOEK  IFF TERREIN LOCATIE OUTBOUND LOGISTICS IN TILBURG;1
Aal;4
Aalbersberg;156
Aalbersberg (AGEA advies);1
Aalbersberg (AGEA-advies);1
Aalbersberg, G., J.  Hielkema, A. van Holk;2
Aalbersbreg;1
Aalderberg;2
Aalsberg;1
Aardema;2
Aarts;238
Aay;1
Abbing;1
Abelskamp;2
Achterdijk;1
Achterhof;5
Actualisatie van het ruimtelijk advies op basis van archeologisch bureauonderzoek;1
Adegeest;43
Adrie Tol, Yvonne van Amerongen;1
Aguarroum;1
Akerlaken;1
Akkerman;108
Alders;42
Alders, G.P., F.G. van den Berg;1
Alink;5
Alkemade;4
Alma;74
Alma Dit;1
Alma, X.,  K. van Domborg;1
Alma, X., E. Blom, W. van Zijverden;1
Alma, X., W. van Zijverden;1
Altena;1
Amen;18
Amerongen;27
Amerongen MSc;1
Ammerlaan;1
Ams;5
Ams, J. van e.a.;1
Ams, J. van, M. de Wit;1
Amsing;18
Ancher;1
Anderson;1
Andrea;1
Andrйa;1
Anker;2
Anker MSc MA;20
Anscher;71
Anscher, T.J. ten, T.A. van den Bergh;1
Ansems;47
Antoinet Daniël Harry van Enckevort Carmen Harmsen (red.);1
Archeologie;4
Archeologisch onderzoek in Veld 18 van de Noorderhaven, gemeente Zutphen. Een inventariserend veldonderzoek door middel van proefsleuven (protocol 4003);1
Archeologisch onderzoek naar bewoningssporen uit de Bronstijd;2
Archeos;1
Ariens;1
Ariëns;1
Arkema;147
Arkema MA;1
Arler;69
Arnoldussen;22
Arnoldussen (red);1
Arnoldussen S.;1
Arnoldussen, S. and Wit, M.J.M de (eds.);1
Arnoldussen, S., E.E Scheele, J.-W. de Kort;1
Arts;35
As;77
As MA;2
Asbreuk;6
Asch;1
Asing;4
Asmussen;54
Asmussen P.;1
Assie;2
Assie MA;4
Assië;28
Assië MA;91
Aten;2
Audier;10
Augustin;60
Augustin S ;2
Auteur;112
Averink;24
Averink, G.M., W.J. Weerheijm, F.P.J. van Puijenbroek;2
B Jansen;2
B Verschoof MA;11
B Waldus;1
B. Beerenhout et. al.;1
B. Penning.;2
B. Van der Veken;9
B. Van der Veken ;1
B. v;1
B. van Wijk  L. Klerkx;1
B. van den Broek. ;1
B. van der Meulen-van der Veen;1
B.A. Corver met een bijdrage van J. de Kramer;1
B.E.J.M van Mierlo;1
B.J.H.M van den Berkmortel;3
B.J.H.M. avn den Berkmortel;1
BA;2
BINK;1
BInk;3
BLOM;1
BLok;1
BNA;1
BSc;5
BULTEN;1
Baac;1
Baal;20
Baal (veldtechnicus);1
Baan;1
Baardewijk;13
Baas;13
Baere;3
Baetsen;19
Baggerman;90
Baghdadi;2
Bajema;66
Bakels;11
Bakker;560
Bakker (Bsc);11
Bakker (bsc);2
Bakker BA;4
Bakker BSc;2
Bakker Bsc;7
Bakker MA;30
Bakker MSc;2
Bakker. A.M.;2
Bakx;90
Bakx, J.P., J. van Horssen, B. Penning;1
Bal;1
Ball;43
Bannink;9
Baptist;1
Barendrecht;16
Bart;2
Bartels;13
Bartels M.H.;1
Bartens;2
Barth;88
Barth MA;181
Barth Ma;2
Bartles;1
Barwasser;12
Bastet;13
Batenburg;1
Bats;2
Bavel;17
Baven;1
Baxter (biax);1
Bazelmans;5
Bazuin-Zwart;7
Bbrandenburgh;1
Beberink;1
Beck;64
Becker;5
Beckerman;3
Beckerman, S., W-S van de Graaf;2
Beckers;623
Beckers I.;2
Beckers MA;4
Beckers,;1
Beckers, I, R. van der Zee;1
Beckers, I., A. de Boer;1
Beckers, I., J. Huizer, R. van der Zee;1
Beckers, I., J. van Rooij, R.. Van der Zee;1
Beckers, I., K. van Kappel,J. Huizer,M. Hanemaaijer;1
Beckers, I., N. de Jonge, A. de Boer;1
Beckers, I., R. van der Zee;11
Beckers, I.S.J., J.A.G. van Rooij;2
Beckers, I.S.J., J.A.G. van Rooij, J.M. Blom, J. Holl ;1
Beckers, I.S.J., N. de Jonge;1
Beckers, I.S.J., N. de Jonge ;1
Beckers, I.S.J., W.J. Weerheijm, F.P.J. van Puijenbroek;1
Beckers, J., J. Huizer, R. van der Zee;1
Beckers,I.Zee van der,R.;1
Beckers. I.S.J.;1
Beckersk;1
Bedaux;3
Bedeaux;14
Beek;83
Beek,  J.L. van,  e.a.;1
Beek, J.L. van,;1
Beek, J.L. van,  e.a.;1
Beek, J.L. van, e.a.;1
Beekhuyzen;2
Beemt;2
Beentjes;21
Beentjes MSc;1
Beeren;2
Beerenhout;2
Beerens;6
Beers;8
Beeuwkes;14
Beex;1
Begeleiding protocol Opgraven Axel Nassaustraat 13;1
Begman;1
Bekhout;1
Bekius;36
Bekkers;9
Beklus;1
Bel;1
Beldman;1
Belius;1
Beliën;1
Benerink;264
Benerink (SOB Research);1
Benerink, G., J. van Zessen;1
Benerink, G., L. van Wilgen;1
Benjamins;156
Benjamins (BO);1
Benjamnins;2
Benneker;11
Bent;3
Bente;3
Bentem van,A.Moolhuizen,C.Bos,J.;1
Benthem;163
Benthem van ,A.Melkert,M.;1
Benthem van,A.;1
Benthem, A. van,;1
Benthem, A. van, F.S. Zuidhoff;1
Benthem, A. van, J. Brijker;1
Benthem, A., van (red);3
Benthem. A.;1
Benthum;1
Ber;1
Berbeek;1
Berben;1
Berends;18
Bererink;1
Berg;418
Berg MA;2
Berg van den,G.;1
Berg van den,G.Vanoverbeke,R.;1
Berg, D. van den  ;1
Berg, D. van den, ;1
Berg, D. van den, B. van Hoof;1
Berg, D. van den, G. Aalbersberg;1
Berg, D. van den,T. Krol;1
Berg, G.T.C. van den, J.P.L. Vaars;1
Berg, G.T.C. van den, Kleij, P., Médard, A., Vaars, J.P.L.;1
Berg, J. van den, L. Haaring, J. Oudhof;1
Berg, J. van den, R. Schrijvers;1
Berg, J.M. van den, A. de Boer;1
Berg-Meelis;5
Bergamn;1
Bergeijk;1
Bergen;1
Bergh;128
Bergh, T. van den.;1
Bergh, T.A. van den  ;1
Berghe;128
Berghe (FindX);1
Berghe MA;1
Berghe, K. van den, G. Zielman;1
Berghuis;112
Berghuis MA;3
Bergijk;3
Bergman;653
Bergman, W., A.A.G. Emaus, J. Huizer, H.W. van Klaveren, J.H.F. Leuvering;1
Bergman, W., M.J.P. van Putten;1
Bergman, W., S. van Daalen;1
Bergman. W.A.;1
Bergmans;45
Bergmen;1
Bergsma;33
Bergsma, G., N. van Malssen;1
Berhe;1
Berk;4
Berkel;1
Berkelland;1
Berkenmortel, B. van den, R. Nillesen;1
Berkers;1
Berkhof;1
Berkhout;146
Berkhout MA;29
Berkhout, M. Kramer, de J. ;1
Berkhout, M., H. van den Engel;1
Berkhout, M., N. van der Feest;1
Berkhouwer;1
Berkmortel;62
Berkmortel (fysisch geograaf);1
Berkmortel, B. van den, D. Hagens;1
Berkmortel, B. van den, D. Hagens, H. Kremer;1
Berkmortel, B. van den, D. Hagens, J. Leuvering;1
Berkmortel, B. van den, D. Hagens,S. Koeman;1
Berkmortel, B. van den, D. Hagens. H. Kremer;1
Berkmortel, B. van den, F. Heijting, B. van der Linden, P. Wemerman;1
Berkmortel, B. van den, Hagens,D.Kremer,H.;1
Berkmortel, B. van den, R. Nillesen, H. Kremer;1
Berkmortel, B. van den, R. Nillesen, J. Leuvering;1
Berkmortel, B. van den, R. Nillesen,S. Koeman;1
Berkmortel, B. van den.;2
Berkmortel, B.J.H.M. van den Berkmortel;1
Berkmortel, B.J.H.M. van den,;1
Berkmortel, B.J.H.M. van den, Hagens, D., Kremer, H.;1
Berkmortel, B.J.H.M. van den, Leuvering, J.H.F., Nillesen, R.;1
Berkmortel, B.J.H.M. van den.;2
Berkmortel, B.J.H.M. van den., Koeman, S.M. ;1
Berkmortel, B.J.H.M. van den., Leuvering, J.H.F., Nillesen, R.;1
Berkmortel, B.J.H.M. van den., Nillessen, R., Leuvering, J.H.F.;1
Berkmortel, B.J.H.M., van den,;1
Berkmortelm;1
Berkouwer;16
Berkvens;10
Berman;1
Bermans;4
Bert;1
Berth;1
Bervens;7
Besselen;1
Besselsen;6
Besteman;1
Besuijen;181
Beuger;22
Beuger MA;3
Beukelaar;2
Beukelaar – Van Gulik;3
Beukelaar-Van Gulik;55
Beukelaar-van Gulik;13
Beukenhaag;1
Beuker;1
Beumer;24
Beumer MA;3
Beuningen;1
Beurden;3
Beurden ;1
Beurkens;1
Beurskens;86
Beurskens BA;9
Beurskens MA;146
Beusink;2
Bex;207
Bex ;1
Bex J.;12
Bex j.;1
Beyer;1
Bezemer-de Vugt;3
Bezemer-de Vugt, C., E. de Boer;1
Bicker;1
Biggelaar;242
Bijl;8
Bijlsma;8
Bimmel;1
Bink;93
Binsbergen;2
Bitter;36
Bitter, P., N. de Jong-Lambregts, R. Roedema;1
Bitter, P., R. Roedema, K. Beemster, F. van den Oever;1
Blekemolen;8
Bleskensgraaf;1
Blink;172
Blink ;1
Blink MA;6
Blink, van den, F., L.kruithof, D. hagens, N.J.W. van der Feest;1
Bloemendaal;3
Bloemer;1
Bloemink;5
Blok;4
Blok-Witmer;1
Blom;475
Blom, E., L.M.B. van der Feijst;2
Blom, E., L.M.B. van der Feijst ;1
Blom, J.,  R. van Lil;1
Blom, J., A. de Boer;1
Blom, J., H. van den Engel, S. Moerman;1
Blom, J., J. Holl, A. de Boer;1
Blom, J., J. Huizer, R. van der Zee;1
Blom, J., R. van Lil;5
Blom, J., R. van Lil, W. van Breda;1
Blom, J., R. van der Zee;2
Blom, J., S. Nederpelt, R. van Lil;1
Blom, J.M. % R.M. van der Zee;1
Blom, J.M., M. Hanemaaijer, R.M. van der Zee;1
Blom, J.M., R.M. van der Zee;1
Blom,J.Lil van,R.;1
Blonk;2
Bloo;58
Bloo (BAAC bv);2
Boef;14
Boekel;18
Boekel. D.;1
Boekema;359
Boekema en;5
BoekemaRAAP-R;1
Boekenoogen;1
Boelma;1
Boelsma;141
Boemaars;64
Boer;1751
Boer (KNA senior prospector);8
Boer MSc;1
Boer RAAP Archeologisch;2
Boer de, A., S. Nederpelt;1
Boer de, E.;2
Boer de,P.C. ;1
Boer, A.G. de.;1
Boer, E, de.;1
Boer, E. de, B. v.d. Berkmortel;1
Boer, E. de, H. van Dijk;1
Boer, E. de, J. Hoevenberg;1
Boer, E. de, K. Gheysen;3
Boer, E. de, N. Krekelbergh;3
Boer, E. de.;2
Boer, E.A.M. de  ;4
Boer, E.A.M. de, Berman. W.A.;1
Boer, G. de E. van der Laan;1
Boer, G. de R. de Groot;1
Boer, G. de Y. Raczynski;1
Boer, G. de. ;1
Boer, G.H.  de Bosman, W.;1
Boer, G.H.  de Leijnse, K.;1
Boer, G.H.  de Wal, F.J. van der;1
Boer, G.H. de , C.F.H. Coppens ;1
Boer, G.H. de, Briels, I.R.P.M.;1
Boer, G.H. de, Briels, I.R.P.M., Warning, S.;1
Boer, G.H. de, J. Sprangers ;8
Boer, P. de, A. Alma;1
Boer, P.C. de Borre, J. van den Gerrets, D.A.;1
Boer, R. den, Schute, I.A., Boer, G.H. de;1
Boerema;4
Boers;8
Bogers;4
Boier;1
Boin;1
Bolderik;1
Boldrik;38
Boldrik van, J.M.L.;5
Bolhuis;3
Bolt;4
Bomer;1
Bondt;5
Bonger;2
Bongers;815
Bongers (fysisch geograaf);1
Bongers MA;2
Bonnema;1
Boo Van Uijen;3
Boo va Uijen;1
Boo van Uijen;3
Boo-van Uijen;1
Boogert;1
Boom;5
Boon;257
Boon MA;6
Boon, L. den, C. Nyst;1
Boonstra;64
Boonstra, M., R. van Heeringen, K. Klerks;1
Boonstra, M., S. Nederpelt, R. van Heeringen;2
Boonstra,Y.Mijle Meijer,R. van den.;1
Boot;2
Boots;213
Boots BA;8
Boots MA;17
Boreel;83
Boreel (eds);1
Boreel (fase 3);1
Borgers;1
Borre;13
Borre, J. vanden;7
Borre, J. vanden ;2
Borsboom;69
Borstboom;1
Bos;57
Bos, P.A. van den Bos;1
Bos, P.A. van den, Y. Meijer;1
Bosch;208
Boschloo;69
Boschoven;1
Bosetelen;1
Boshart;1
Boshoeven;1
Boshoven;391
Boshoven E.H.;1
Boshoven, E., R. den Boer;1
Bosma;46
Bosma BA;1
Bosman;134
Bosman MA;207
Bosman MSc;2
Bosscher;10
Bosscherf;1
Bostelen;81
Bosten;1
Bot;82
Botermans;20
Botermans, M., N. van Malssen;1
Botman;22
Bottema-Mac Gillavry;5
Bottema-MacGillavry;1
Bouma;139
Bouma, N, J. van Rooij ;1
Bouma, N. met bijdrage van: Moor, J.J.W. de;1
Bouman;3
Bourgeois;9
Bouter;198
Bouter H. E.;1
Bouters;1
Bouthoorn-Smits;2
Boutkan;2
Bouwknegt;6
Bouwmans;8
Bouwmans MA;2
Bouwmeester;4
Bowo-monumentenzorg;1
Br0uwer;1
Braamskamp;1
Bracht;2
Braiek;23
Brakman;10
Brakman, A., A. de Boer;1
Bram Jansen (Red.);1
Brand;5
Brandenburgh;5
Brands;35
Brandsma;18
Brattinga;111
Brattinga J.J.;2
Brattinga MA;1
Braun;11
Braven;28
Breda;87
Breda, W. van, ;2
Breda, W. van, A. de Boer;1
Breda, W. van, B. Klinck;2
Breda, W. van, J. Huizer;1
Breda, W. van, J. van Rooij, J. Huizer;1
Breda, W. van, J.Huizer;2
Breda, W. van, R. van Lil;4
Breda, W. van, R. van der Zee;3
Breda, W. van, R.M. van der Zee;1
Breda, W.A. van.;1
Breda, van W., Rooij, van, j., Huizer, J.;1
Breimer;7
Breimer (A=M);1
Brem;22
Brenk;277
Brenk (Periplus Archeomare);1
Brenk van den,S.;3
Brenk, S. van den, Boom, P ;1
Brenk, S. van den, Mierlo, B. van;1
Brenk, S. van den, Mierlo, B.E.J. van, Waldus, W.B.;1
Brenk, S. van den, Waldus, W.;1
Brenk, S. van den, Waldus, W.B.;1
Breunissen;1
Briels;128
Briels I.R.P.M.;1
Brienen;4
Brienen-Molenaar;5
Brienen-Moolenaar;8
Brijker;63
Brijker (Brijker Landschap);2
Brijker (fysisch geograaf);1
Brijker, J., N. de Jonge;1
Brijker, J., W. van Breda;1
Brijker, J., W.K. van Zijverden;1
Bringmans;81
Brink;36
Brinkhuizen;2
Brinkkemper;17
Brinkman;5
Brinkman MSc;5
Broek;1
Broeke;1473
Broeke ;1
Broeke (Senior Prospector);2
Broeke E.M.;1
Broeke en;1
Broeke, E.M. ten, Blom, J.M. ;1
Broeke, E.M. ten, Breda, W. van ;1
Broeke, E.M. ten, Haaring, L., Lil, R. van ;1
Broeke, E.M. ten, Hanemaaijer, M. ;2
Broeke, E.M. ten, Holl, J. ;4
Broeke, E.M. ten, Holl, J., Huizer, J., Wullink, A.J. ;1
Broeke, E.M. ten, Kremer, H. ;1
Broeke, E.M. ten, Nederpelt, S. ;1
Broeke, E.M. ten, Rooij, J.A.G. van ;4
Broeke, E.M. ten, Rooij, J.A.G. van, Zee, R.M. van der ;1
Broeke, E.M. ten, Thijs, W.J.F. ;2
Broeke, E.M. ten, Wullink, A.J. ;2
Broeke, E.M. ten, Zee, R.M. van der, Breda, W. van ;1
Broeke, P.W. van den  7 J.A. den Braven;1
Broeke. E.M.;4
Broeken;2
Broekhof;21
Broekhoven;3
Broekle;2
Broels;1
Broer;1
Broertjes;1
Brok;3
Brokke;146
Brokke A.J.;10
Brongers;4
Bronkhorst;2
Brounen;3
Brouwer;1077
Brouwer (Laagland Archeologie);7
Brouwer E.W.;2
Brouwer, M.C., S. de jager;1
Brouwer,M.Winter de,J.;1
Brouwer. E.W.;1
Brouwers;2
Bruel;5
Bruel, L. van den, met een bijdrage van Arts, N.;1
Brugge;1
Brugman;28
Brugman, B., R. van Heeringen;3
Bruijn;8
Bruijns;1
Bruin;16
Bruineberg;3
Brummen;1
Bruning;7
Brunink;7
Brunninkhuis-Weersink;1
Brusse;5
Brussé;30
Brussé (Senior KNA-Archeoloog);3
Brussé (redactie);1
Bruyn-Houbiers;3
Bruyn-Houbiers ;1
Brühl;37
Buesink;158
Buikema;27
Buikemna;1
Buiks;1
Buitemhuis;2
Buiten;1
Buitenhuis;141
Buitenhuis, H., N. van Malssen;1
Buitenhuis,H.Roller de,G.;4
Bulambo;49
Bulambo ;1
Bulambo MA;48
Bult;30
Bult, E.J., J. de Bruin;1
Bult, E.J., J. de Bruin, J. de Gier;1
Bult, J., J. de Bruin;6
Bulten;7
Bulten, E.E.B., F.J.G. van der Heijden;2
Bunnik;3
Bunnink;2
Bureau-;1
Bureauonderzoek;4
Bureauonderzoek. Boskoop te Gouwestraat.;1
Bureaustudie inzake de herinrichting wegen te Nieuwstadt;1
Burger;1
Burmann;9
Burnier;86
Busse;1
Bussel;132
Bussel ;1
Bussel RMA;9
Busé;1
BusГ©;1
Buurmans;9
Byford-Bates;1
Bürmann;19
C;6
C Hendriksen;2
C Jansen of Lorkeers;1
C Koopmanschap;1
C Kroes;2
C Schamp;1
C Teekens;1
C Tuinman;1
C Tunker;1
C.;3
C. van der Linde met bijdragen van A.A.J. Griffioen;1
C.A. Baart de la Faille;1
C.A.M van Rooijen;2
C.M. Van der Linde;1
C.W. Koot (red.);9
C.W. Vollgraff et al.;1
C.Y;1
C.Y.;3
CATSMAN;2
Campenhout;36
Campenhout van,K.;1
Campenhout, K. van, I.S.J. Beckers ;1
Campenhout, K. van, I.S.J. Beckers, J. Holl ;1
Campenhout, K. van, S. van den Brenk;1
Carillonplein;1
Carmen Harmsen Harry van Enckevort;1
Carmiggelt;6
Caroline Helmich;10
Cassée;88
Castricum (NH);1
Castricum Geversweg (Zanderij);1
Catsman;34
Cattrysse;1
Cattrysse A.;4
Cedillo ;1
Cees Koot (red.);1
Centrum;1
Chorus;1
Chris Sueur (archeoloog);2
Chruchten;1
Cijntje;14
Claes;1
Claeys;21
Clazing;1
Cleijine;2
Cleijne;185
Cleine;1
Clevis;19
Cock;6
Coenen;44
Coenen (red);1
Cohen Stuard;1
Cohen Stuart;15
Cohen-Stuart;4
Colenberg;1
Colijn;161
Conijn;1
Conijn R.;2
Conka;1
Conradi;27
Conradi MA;65
Consult;1
Coolen;30
Coot;1
Coppens;434
Coppens ;1
Coppens (veldonderzoek);1
Coppens MA;1
Coppens, C., G. de Boer;1
Coppens, C.,J. van Eijk;1
Coppens, E. met bijdragen van F.G.R. D’hondt, K. Abelskamp, J. Langelaar, M. Keemink, J. van Dijk, L. Massagé, L. Kubiak-Martens;1
Coppens, E. met bijdragen van Y.W.J.R. de Rue, J. van der Klooster, S. Diependaele, W. van Neer, W. Woters, M. Keemink, S. van Daalen;1
Coppens, E., F.G.R. D’hondt, Y. de Rue (glas);1
Cordfunke;5
Corever;1
Cornelisse;25
Cornelissen;4
Corporaal;32
Corver;161
Corver Wilbers;1
Corver, B., J. van Dalfsen;1
Corver, B.A, Y. Meijer, E.E. van Hees, A. Blonk;1
Corver, B.A. met een bijdrage van A.W.E. Wilbers;1
Corver, B.A., F. Verbruggen, M. van Waijjen, C. van der Linde, Y. Meijer, A. Blonk;1
Corver, B.A., F.P.M. Bunnik, J. de Kramer, F. Verbruggen;1
Corver, B.A., Y. Meijer, E.E. van Hees;1
Corver, B.A., met bijdragen van anderen;1
Corver,B.Nes de MA,E.;1
Cos;1
Cotey;2
Couwenhoekseweg.;1
Craane;89
Craane MA;4
Crane;1
Cremer;1
Cremers;27
Croce;4
CrombT;1
Cruchten;116
Cruchten MA;8
Cruysheer;1
Csonka;114
Cuijpers;1
Cultuurhistorie);1
Curvers;21
Cvetkoska;1
D;6
D Hagens;1
D Honigh;1
D Prickel;1
D Tuinstra;1
D'Hondt;3
D'hondt;96
D'hondt, F.G.R., Y.J.W.R. de Rue, S. Bostelaar;1
D. Beentjes MSc.;1
D. la FFber;1
D. van de Zande (eds.);1
D. van der Kooij.;1
D.A.;3
D.C.M. Raemaeker.;1
D.E. Smal (red.);2
D.E.A;1
D.F.A.M van den Biggelaar;2
DIJKSTRA;5
Daalen;14
Daele;1
Daele van, B.J.;1
Daleman;14
Dalen;4
Dalen S.;1
Dalfsen;59
Dalfsen van, J. Moerman, S. ;1
Dalfsen, J. van, E. Schrijer ;3
Dallmeijer;1
Dam;39
Dame;1
Damen;24
Damen Femke Heijting;1
Danhof;30
Danidl;6
Daniel;23
Daniels;1
Daniël;44
Danny Gerrets;1
Danël;1
Dasselaar;273
Dasselaar van;1
Dasselaar van,M.;2
Dasselaar van,M.Engelse,R.;2
Dasselaar van,M.Harmsen,C.;1
Dasselaar, M. van,  ;1
Dasselaar, M. van, A. Timmers;1
Dasselaar, M. van, M. de Koning;1
Dasselaar, M. van, M.Tump;1
Dasselaar, M. van, R. van Weenen;4
Dasselaar, M. van, Wagner, A.;1
Dasselaar, M. van.;1
Datema;12
Dautzenberg;31
Ddelporte;1
De;1
De Baere;13
De Boer;6
De Cupere;3
De Decker;1
De Graaf;2
De Gruil;2
De Hoop;1
De Jager;1
De Jong;3
De Jonge;2
De Kramer;4
De Kramer J.;2
De León Subias;1
De León Subías;3
De Mey;1
De Moor, J. de, T. Vanderhoeven;9
De Munnik;1
De Nes;2
De Nutte;23
De Puydt M.;1
De Puydt MA;1
De Raad;2
De Ridder;8
De Rijk;2
De Roller;8
De Vries;8
De Wit;14
De heer drs. A.H.;1
Debruyne;3
Debunne;3
Deeben;8
Deeben J.;1
Defilet;16
Deitch ¿ van der Meulen, W.;3
Deitch ¿ van der Meulen, W. ;1
Deitch-Meulen;1
Deitch-van der Meulen, W.;5
Deitch-van der Meulen, W. ;1
Dekker;2
Dekoninck;3
Delaney;4
Delaruelle;10
Delaruelle, J. de Kramer, J. Claeys;3
Delporte;297
Delporte ;1
Delporte F.M.J.;1
Delville;5
Delwel;26
Demey;37
Den Broeken;1
Den Otter;2
Den Ouden;1
Dentener;2
Depuydt;200
Der Haar;1
Derickx;1
Derikx;8
Derikx, P.M.M., D. Hagens, K.J. van den Berghe,  M.A.K. Vroomans;1
Derk;1
Derks;46
Derks MA;10
Derks,T., Kerckhove van,J.Hoff,P.;1
Derksen;3
Deunhouwer;12
Deuren;2
Devilla;1
Deville;98
Deville T.;42
Deville T. Houbrechts S. Orbons P.J.;1
Deville, T., B. van der Linden, P. Wemerman;1
Devlin;4
Devriendt;75
Dhr;1
Diederik;2
Dieleman;1
Dielemans;23
Diem;1
Dieoendaal;1
Diepedaal;1
Diepen;141
Diependaal;165
Diependaal S;1
Diependaal S.;4
Diependaal S. e.a.;1
Diependaal, S., Luytelaar, P. van, Koeman, S.M.;1
Diependaal. S.;2
Diependaele;56
Diependaele S.;1
Diependaele, S. met bijdragen van Wattenberghe, J.E.M., J.M. Brijker;1
Diependale;1
Diepenhuis;1
Diepenveen;2
Diepenveen-Jansen;2
Diepeveen;14
Diepeveen,M.Enckevort van,H.;1
Diepeveen-Jansen;56
Diepeveen-Jansen, M., A.M.I. van Waveren;4
Diepeveen-Jansen, M., C. Verschoor, A. van der Geest, R. Schrijvers, K. Klerks;1
Diepeveen-Janssen;3
Diepeveen-Kansen;1
Diepeveen-jansen;1
Dierendonck;2
Dieveen-Jansen;1
Dijck;1
Dijk;538
Dijk (MA);6
Dijk, M.H.A. van, T. d'hollosy;1
Dijk, X.C.C. van Nuyten, I.M.C.;1
Dijkshoorn;7
Dijkstra;152
Dijkstra (BSc);3
Dijkstra BSc;1
Dijkstra Bsc;1
Dijkstra, M.F.P., J. de Koning, S. Lange;1
Dijskstra;1
Dijsktra;1
Dinter;28
Dipendaal;1
Diverse;1
Doe;1
Doependaele;1
Doepeveen-Jansen;3
Doesburg;47
Doesburg, J. van e.a.;2
Doesburg, J. van, J.W. de Kort, J. St÷ver;1
Doesburg, J. van, M. van der Heiden ;1
Doesburg, J. van, M. van der Heiden, J. Stover ;1
Doesburg, J. van, N. Lensvelt, M. van der Heiden, W. Derickx, O. Brinkkemper, J. van Dam ;1
Doeve;9
Domburg;4
Donders;29
Donders MA;1
Dongeradeel (FR);1
Doodeheefver;1
Doorn;9
Dopmeijer;1
Dorenb0s;2
Dorenbis;1
Dorenbos;19
Dorpstraat ongenummerd te Pey;1
Dorrepaal;1
Dorst;213
Dorst   ;1
Dorst (gemeente Dordrecht);1
Dr;1
Drenth;31
Drescher;1
Dresscher;23
Driessen;3
Drost;4
Drs;1
Drs. T. Nales.;1
Drs.E.E.A. van der Kuijl met bijdrage van  J. Vlemmix;1
Drs.Ing.N.J.W. Van der Feest;2
Drs.S.J.H. van der A;1
Du PiOd;1
Duczak;1
Duesink;1
Duijn;57
Duijn D.M.;2
Duijvenboden;10
Duivenvoorden;30
Duivenvoorden BA;1
Dukers;4
Dupuydt;1
Durczak;71
Durczak K.;1
Duurland;29
Dyselinck;50
Dütting;19
D’hondt;24
E;11
E Colijn;2
E Hemminga;1
E Kipp;1
E Melman;1
E Roggen;22
E Wilbers;1
E de;1
E. A. M de Boer;1
E. Besselsen (red.);1
E. Coppens MA met bijdrage van Y.J.W.R. de Rue MA;1
E. Coppens met bijdrage van Y.J.W.R De Rue;1
E. Coppens met bijdragen van  S. Ostkamp;6
E. Coppens met bijdragen van A. Griffioen;2
E. Eimerman met een bijdrage van M. Daleman;1
E. Eimermann Met bijdragen van M. Daleman;1
E. Eimermann Met een bijdrage van A. Geurts (Universiteit Utrecht);1
E. Eimermann met bijdragen van K.L.B. Bosma ;1
E. Jacobs e.a.;1
E. Lange-van der Esch;1
E. Rensink ... [et al.];1
E. Schrijer et al.;1
E. Uijen de Boo ;1
E. Van de Velde;2
E. de Boo van Uijen;1
E.A;2
E.A. Schorn.;1
E.A.M;1
E.A.M de Boer;1
E.A.M de boer ;1
E.C. Rieffe (red.);2
E.E.B. Bulten (red.);7
E.H. Boshoven.;1
E.J.Bult e.a.;1
E.M de Boo van Uijen;3
E.M de Boo van Uijen ;1
E.M. de Boo van Uijen;184
E.M. de Boo van Uijen ;1
E.M. de Boo van Uijen MS;1
E.M. de Boo van Uijen MSc;16
E.M. de Boo van Uijen MSc ;1
E.N.A. Heirbaut (red.);4
E.R.J.G.;1
E.W;4
E.van der Klooster;1
EEA Van der Kuijl;1
ES;1
Echt-Susteren;3
Edens;42
Edwin;2
Edwin Hoven e.a.;1
Eeltink;25
Een Inventariserend Veldonderzoek in de vorm van proefsleuven;1
Een archeologisch onderzoek door middel van proefsleuven (IVO-p) in het plangebied Barneveld – Harselaar Zuid;1
Een archeologische opgraving in    Ewijk;1
Een inventariserend veldonderzoek;1
Een inventariserend veldonderzoek (IVO-O);1
Een inventariserend veldonderzoek in de vorm van een verkennend booronderzoek;1
Een opgravingscampagne van een nederzetting uit de Romeinse Tijd;1
Eerden, R, J. van der Weerden;1
Eerenvelt-Pijpelink;1
Eggels;4
Egmond;3
Eigenraam;1
Eijgenraam;35
Eijk;69
Eijk, J. van, M. Lesparre-de Waal;1
Eijk,J. van.;1
Eijsackers;1
Eijskoot;2
Eillemse;1
Eimerman;6
Eimermann;145
Eimermann, E., B. Brugman, R. van Heeringen;1
Eimermann, E., E. Louwe, S. Nederpelt, R. van Heeringen;1
Eimermann, E., K. Klerks, E. Louwe, R. van Heeringen;1
Eimermann, E., L. Verniers, K. van Campenhout;1
Eimermann, E., S. Nederpelt, M. Gouw, R. van Heeringen;1
Eimermann, E., S. Nederpelt, R. van Heeringen;1
ElAl Jans;1
Elgün;1
Elisar;1
Ellelnkamp;1
Ellenkamp;325
Ellenkamp ;1
Ellenkamp. G.R.;2
Els;1
Elsma;50
Elstrodt;7
Elzen, A. den, R. van Heeringen, E. Louwe;1
Emaus;32
Emmens;2
Enckevoort;3
Enckevort;30
Enckevort Marijne Magnée-Nentjes;1
Ende;3
Engel;41
Engel BA;8
Engel van den,H.Blom,J.Moerman,S.;1
Engel, H. van den, A. Wilbers;2
Engel, H. van den, E. Hoven, U. Ocklenburg;1
Engel, H. van den, J. Blom, A. Wilbers;1
Engel, H. van den, J. Blom, S. Moerman;2
Engeldorp Gastelaars;51
Engeldorp Gastelaars ;1
Engeldorp Gastelaars, H. van (red.);1
Engeldorp-Gastelaars;11
Engelen;1
Engelsdorp Gastelaars;2
Engelse;139
Engelse, R., R. van Weenen;1
Engelse, R., R. van Weenen, A. Wagner;2
Enkevort;4
Ernst;2
Es;3
Esch;10
Essen;74
Essink;2
Ettema;1
Euwe;1
Evans;1
Everaars;26
Everaars Bsc;2
Evers;1
Ewolds;78
Exaltsu R.;1
Exaltus;1560
Exaltus ;1
Exaltus (EGM);1
Exaltus Joep Orbons;1
Exaltus R;1
Exaltus R.;210
Exaltus R. Orbons J.;1
Exaltus R.P.;4
Exatus R.;1
F;1
F Leuvering;4
F Thijs;1
F. Reigersman van Lidth de Jeude;1
F. Reigersman-van Lith de jeude ;1
F. Verbruggen.;2
F. van Nuenen. M. van de Glind;1
F. van den Blink MA.;4
F. van den Blink MA. ;1
F. van, Zijpp, W.M.E. van der;1
F.G.R. D’hondt met bijdragen van E. Esser. A.E. Gazenbeek;1
F.J.P van Puijenbroek;1
F.P.J van Puijenbroek;2
F.S. Zuidhoff.;1
F> Leuvering;1
FFber;9
FTber;10
Feber;6
Feenstra;3
Feest;618
Feest, N. van der, E. Hoven;1
Feest, N.J.W. van der  ;2
Feeste;1
Fehèr;1
Fehér;1
Feijst;31
Feijst (red);1
Feijst, L. van der, E. Blom;1
Feijst, L. van der, P. Hazen;1
Feijst, L.M.B. van der,;1
Feiken;48
Feist;1
Femke de Roode met een bijdrage van Mark Koomen;1
Fens;368
Fens, R., J. de Kramer ;1
Fermin;160
Fermin B.;1
Fermn;1
Fijma;282
Fischer;5
Fl Leuvering;1
Flamman;177
Flamman (Vestigia Archeologie;1
Flamman (red);1
Fleuren;151
Fleuren ;1
Fleuren I.;1
Flinterman;1
Flokstra;209
Flokstra L.M.;2
Flokstrat;1
Floore;13
Fokkens;5
Fokkens, H., R. Jansen, I.M. van Wijk;1
Fontijn;8
Fontijn e.a.;1
Franzen;5
Friedhoff;2
Friesen;1
Frikken;1
Fritsch;1
Fritzsch;7
Fuijk;116
Fèber;4
Féber;1
G;8
G Ruigrok;1
G.;1
G. Aalbersberg (red.);1
G. v;1
G.J;2
G.J de Roller;2
G.J. De Langen (red.);1
G.J. de Langen (red.);3
G.J. de Langen ... [et al.];1
G.J.A.;1
G.M.A. Bergsma Met bijdragen van C.G. Koopstra;1
G.M.A. Bergsma Met bijdragen van M. Daleman;1
G.M.A. Bergsma Met bijdragen van M.C. Blom;1
G.W.J. s;1
GEer;1
GIA);1
GRAAFSTAL;1
Gaag;29
Gaalen;1
Gaarthuis;29
Gaarthuis MSc;4
Gaasbeek;6
Gaauw;11
Gabrowski ;1
Gardenier;1
Garritsen;1
Gast;21
Gastelaars-Engeldorp;1
Gaweonski;1
Gawronki;2
Gawronski;123
Gazenbeek;94
Gazenbeek A.E.;1
Geen;311
Geenen;2
Geenr;2
Geer;108
Geer, P. van de, M. van Zon;1
Geer, P. van de, W.K. van Zijverden;1
Geerts;97
Geertsema;33
Geertsema ;1
Geest;3
Geest, A. van der, A de Boer;1
Geffen;9
Geffen MA;56
Gelink;1
Gemeente Midden-Drenthe;1
Genabeek;15
Gent;43
Gent MA;2
Geraeds;334
Geraeds J.J.G.;5
Geraeds, J.J.G. J. de Kramer;1
Geraeds, J.J.G. J.A.A. de Ridder;4
Geraeds, J.J.G. J.A.A. de Ridder J. de Kramer;1
Geraeds, J.J.G., L. van Diepen;1
Geraerds;3
Gerard Tichelman;1
Gereads;1
Gerrets;29
Gerrits;1
Gerritsen;85
Gerritsen BSc;10
Gerritsen S.;1
Gestel;2
Geurts;32
Geurts MSc;1
Geuverink;15
Gheysen;46
Gheysen, K., E. de Boer;1
Gheysen, K., J.J. van Suijlekom;1
Giessen;2
Gijma;1
Gilles de Langen (red.);1
Gisbergen;1
Glind;68
Glind MA;8
Glind, M. van de, W. Bergman;1
Glind, M. van de,J. Mooren;1
Goddijn;26
Goddijn MA;1
Goede;3
Goenhuijzen;1
Goopssens;1
Goosens;2
Goossens;260
Goossens (red);2
Goossens BA;2
Goossens MA;129
Goossens Ma;3
Goossens, E., H. de Jong;1
Goossens, E., S. van Veen;1
Goothedde;1
Gortemaker;2
Gosker;1
Goudswaard;4
Goutziers;2
Gouw;2
Gouw-Bouman;8
Graaf;102
Graaf (dtp);2
Graaf, W-S. van de, C. Helmich;1
Graaf, W. van de, A. Loonen;1
Graaf, W.-S. van de , ;1
Graaf, W.S. van de  ;1
Graaff, E.A. de e.a.;1
Graafstal;3
Graafstal, E., J. van der Kamp;1
Grabowski;6
Graenewaudt;1
Graven;9
Griffi oen;1
Griffioen;62
Grifioen;1
Grinsven;1
Groen;9
Groen-Lubbers;3
Groenedijk;1
Groenendijk;55
Groenendijk W.W.;1
Groeneveld;1
Groeneweg;2
Groenewoudt;16
Groenhuijzen;191
Groenhuijzen ;5
Groenhuizen;2
Groet;4
Grooet,R. de.Huizer,J.;1
Groos;7
Groot;518
Groot (overige hoofdstukken);2
Groot RAAP;1
Groot, R. de, J. Huizer;5
Groot, R. de, R. Timmerman;1
Groot, R. de, S. Warning;1
Groot, R. de.;2
Groot, R.W. de, Boer, G.H. de;1
Groot, R.W. de, E. van der Laan ;1
Groot, R.W. de, Warning, S.;2
Groot, T., J.W. de Kort ;1
Groot, de;2
Groot,R. de.;4
Grootebroek;2
Grooth;2
Groothedde;106
Groothedden;1
Grot;1
Grothe;97
Grothe, K., Arler, E., de Moor, J.;3
Group Archeologie 2020;1
Group Archeologie 2021;1
Group Archeologie 2023;1
Gruil;45
Gruwier;2
Guiran;16
Guiran, A.J. met bijdragen van Jacobs, E.J. ;1
Guirdan;1
Gunther Noens;2
H;4
H Sommers;11
H Vossen;1
H.;1
H. Enno van Gelder;1
H. Feiken e.a.;1
H. Smeenge (Unie van Bosgroepen);1
H.B.G.;2
H.B.G. Scholte Lubberink (met een bijdrage van Y. Boekema);3
H.B.G. Scholte Lubberink met bijdragen van J.T. van Gent;6
H.B.G. Scholte Lubberink met bijdragen van M. Schabbink;2
H.J.L.C. Koopmanschap (red.);1
H.J.W.C van Wetten;1
H.L de Groot;1
H.M. van der Velde ... [et al.] ;1
H.M.van der Velde;1
H.R. Feiken (red.);1
H.S van Bavel ;1
H.W.D.van den Engel;1
HAMA;2
HCJ;1
HEBINCK;1
HSnninen;1
Haakmeester;12
Haalebos;4
Haan;22
Haan, L. de,;2
Haanemaaijer;6
Haans;1
Haar;123
Haar van der,L.Koopmanschap,H.;1
Haar van der,L.Tolsma,J.Bakker,A.;1
Haar, L. van der, A. Vissinga;2
Haar, L. van der, Bouter,H.;1
Haar, L. van der, I. Kaptein;3
Haar, L. van der, J. Tolsma, A. Vissinga;1
Haar, L.J. van der, P.C.Teekens;1
Haar,L. van der.Teekens,P.;1
Haarhuis;44
Haaring;100
Haaring Moerman Wilbers;1
Haaring, L., B. Hendrikx, R. van de Zee;1
Haaring, L., N. de Jonge, J. Huizer;1
Haaring, L., R. van Lil, M. Hanemaaijer, J. Huizer;1
Haaring, L., R. van der Zee;7
Haaring,L.Rooij van,J.Zee van der,R.;1
Haarling, L., R.M. van der Zee ;1
Haartsen;1
Haas;31
Haas (MA);1
Haaster;23
Haasteren;32
Haastneren;1
Habermehl;22
Habraken;14
Hag;3
Hagedoorn;8
Hagemeier;1
Hagens;1030
Hagens ;1
Hagens (historicus);1
Hagens D.;3
Hagens, D., Berkmortel, B.J.H.M. van den, Kremer, H.;2
Hagens, D., E. van der Kuijl, S. Koeman;1
Hagens, D., S. Koeman, B. van den Berkmortel;1
Hagens, D., S.M. Koeman, E. Van der Velde, T. Deville;1
Hagens, D.,H.Kremer,E van de Velde;1
Hagens, D.T.P. : met bijdrage van Koeman, S.M. Kremer, H;1
Hagensm D;1
Hageraats;6
Haghens;2
Haitsema;1
Haitsema MA;1
Haitsma;2
Hakvoort;82
Hakvoort A ;1
Hakvoort,A.Meij van der,L.;4
Hal;2
Halici;2
Hallewas;1
Halm;2
Halverstad;54
Ham;78
Ham van der,N.;3
Ham van der,N.Engelse,R.Wagner,A.;1
Ham van der,N.Harmsen;1
Ham van der,N.Wagner,A.;2
Ham van der,N.Wagner,A.Engelse,R.;1
Ham, N. van der, M.de Koning;1
Ham, N. van der, R. Engelse;1
Ham, N. van der, S.v.d.Staak-Stijnman, A.Wagner;1
Hamburg;41
Hamemaaijer;1
Hanemaaier;1
Hanemaaijer;780
Hanemaaijer ;1
Hanemaaijer (KNA senior prospector);8
Hanemaaijer MA;1
Hanemaaijer, M., A. de Boer;1
Hanemaaijer, M., A.G. de Boer, J. Huizer;1
Hanemaaijer, M., Dasselaar, M. van, Wagner, A.;1
Hanemaaijer, M., J. Holl, R. van Lil;1
Hanemaaijer, M., N. de Jonge ;1
Hanemaaijer, M., N. de Jonge, J. van Rooij, R. van der Zee;1
Hanemaaijer, M., R. van Lil;3
Hanemaaijer, M., R. van de Zee;1
Hanemaaijer, M., R. van der Zee;3
Hanemaaijer, M., R. van der Zee, A. de Boer;1
Hanemaaijer, M., S. Nederpelt, R. van Lil;1
Hanemaaijer,M.Zee van der,R.;3
Hanemaajer;1
Hanninen;2
Hanninen (archeolobotanisch onderzoek);5
Harleman;1
Harm Wassink;1
Harmsen;59
Harmsen,C.Ham van der,N.;1
Harry van Enckevort (red.);1
Harst-van Domburg;1
Hart;2
Hart 't ;1
Hartman;44
Hartof;1
Hartog;182
Hartog MSc;1
Hartog. C.M.W.;1
Hasgens;1
Hattem;1
Hattinga Verschure;3
Have-Gareman;77
Haveman;2
Haverman;1
Havers;2
Hazelkamp;18
Hazelkamp, A. van den, E. Louwe;1
Hazen;35
Hazenberg;21
Hazenm;1
Hebinck;303
Hebinck ;4
Hebinck (senior KNA prospector;3
Heeren;9
Heeren, S., J.W. de Kort ;1
Heeringen;139
Heeringen van, R.M. ;1
Heeringen, R. van, B. Brugman, E. Louwe, W. Toonen;1
Heeringen, R. van, C. Verschoor;1
Heeringen, R. van, E. Louwe, W. Toonen;7
Heeringen, R. van, K. Klerks;1
Heeringen, R. van, M. Gouw;1
Heeringen, R. van, M.J.P. Gouw, E. Louwe;2
Heeringen, R.M. van, W.J. Weerheijm, R. Schrijvers, K. Klerks, B.A. Brugman;1
Heersink;1
Hees;2
Hegeman;9
Heggen;13
Heide;53
Heiden;28
Heijden;57
Heijden (Natuurmonumenten);4
Heijstek;1
Heijting;60
Heijting F.J.;1
Heijting MA;3
Heikoop;11
Heimlich;1
Heirbaut;47
Heirbout;4
Heiting;2
Hekman;321
Hekman & van Keulen;1
Helfrich;3
Hell;6
Hellemons;72
Helm;31
Helm MA;1
Helmich;134
Helmisch;1
Hemert;59
Hemert ;2
Hemert  ;1
Hemert MA;2
Hemmen;1
Hemminga;27
Hemmy Clevis;2
Hendiks;2
Hendrickx;1
Hendrik;1
Hendriks;111
Hendriks N.;1
Hendriksen;64
Hendriksen MSc;36
Hendrikx;21
Hendrikx, B., K. van Kappel, J. Huizer;1
Hendrikx, B., R. van der Zee;1
Hendrinksen;1
Henemaaijer;1
Hengelo (OV);1
Henk;19
Henk, Y., G. de Boer;1
Henkes;1
Henquet;1
Hensen;167
Hensen G.;1
Hensen. G.;1
Herboud;3
Herik;2
Hermans;1
Hermans (BA);4
Hermans BA;1
Hermelink;6
Hermelink (MA);4
Hermelink MA;5
Hermsen;59
Heroen Damen Harry van Enckevort;1
Herweijer;1
Hesseling;141
Hesseling I.;1
Hesseling, I., Berkmortel, B. van den, Wemerman, P.;1
Hessing;202
Heul;153
Heul, J. van der, Bongers, J.M.G.;1
Heul, J. van der, Exaltus, R.;1
Heul, J.S. van der,;2
Heumks;1
Heunks;131
Heuvel;1
Hiddink;49
Hielekma;1
Hielkem;1
Hielkema;352
Hielkema, J., M. van Kruining, J. Jans;1
Hiemstra;17
Hijbers;1
Hijlkema;2
Hijma;28
Hilst;1
Hissel;18
Ho;1
Hobbij;3
Hoebe;17
Hoegen;44
Hoek;12
Hoek, R., W. Kuppens, F. de Roode, J. Wildenberg;1
Hoekstra;70
Hoen;49
Hoeven;3
Hoevenberg;4
Hoff;1
Hogenboom;7
Hogervorst;84
Hogervorst, M., E. Eimermann, B. Brugman, R. van Heeringen;1
Hogervorst, M., R. Schrijvers, R. van Heeringen;1
Hogestijn;4
Hogestijn  J.W.H.;1
Hogestijn J.W.H.;2
Hol;1
Holdtman;1
Holk;4
Holl;704
Holl, J., A. de Boer;1
Holl, J., A.G. de Boer;1
Holl, J., J. Huizer, R. van Lil;1
Holl, J., J. van Rooij;1
Holl, J., L. Haaring, R. van der Zee;1
Holl, J., M. Hanemaaijer, R. van der Zee;2
Holl, J., R. van Lil;6
Holl, J., R. van der Zee;7
Holl, J., R.M. van der Zee;2
Holl, J., S. Nederpelt, R. van der Zee;1
Holl, L., R. van der Zee;1
Holl.J.;1
Hollosy;3
Hollosy, T. d', L. de Leeuw, F. Snieder;1
Holthausen;41
Hommes;5
Hondt;1
Honigh;23
Honingh;1
Honshorst;1
Hoof;488
Hoof ;1
Hoof van, B.I.Jans,J.E.A. ;1
Hoof, B. van, T. ten Anscher;1
Hoof, B.I. van  ;1
Hoof, B.I. van drs.;1
Hoof, B.I. van, Berg, D. van den;1
Hoof, B.I. van, P. van der Kroft ;2
Hoof, B.I. van, T.J. ten Anscher ;14
Hoof, L.G.L. van, I.M. van Wijk;3
Hoogenberg;5
Hoogendijk;52
Hoogervorst;1
Hoogterp;2
Hooiveld;44
Hoop;72
Hoorn;2
Hooveld;1
Hopman;5
Hordijk;8
Hordijk BA;2
Horlings;1
Horn;61
Horn, M. Kramer, de J. ;1
Hornikx;4
Horsen;1
Horssen;88
Horssen van,W.;1
Horssen, J. van,;2
Horst;3
Hos;264
Hos MA;6
Hos Ma;8
Hos T.H.L.;1
Hoss;1
Houbiers;2
Houbrecht;2
Houbrechts;31
Houbrechts S.;5
Houchin;1
Houchin (Earth Integrated Archaeology);1
Houkers;1
Houkes;59
Houkes (de Litholoog);9
Houkes R.A.;1
Houkes, M.C.E.: met bijdrage van Jaspers, N.L.;1
Houkes,M.C.,Lil van,R., Manders,M. ;1
Houmwan;2
Hout;2
Houten;1
Houwman;49
Hoven;190
Hoven (senior KNA archeoloog;2
Hoven (senior KNA archeoloog);4
Hoven, E., E. de Nes;1
Hoven, E., H. van den Engel;4
Hoven, E., H.W.D. van den Engel;1
Hoven, E., J. de Kramer;1
Hoven, E., W. van den Engel;1
Hoven,E.Feest van der,N.Wilbers,A.;1
Hovens;9
Hovern;1
Howell;1
Howell D.;4
Hu8sken;1
Hubers;22
Hubers, J., W-S. van de Graaf;1
Hubert;1
Huet;3
Huijbers;86
Huijberse;1
Huijgevoort;2
Huijsmans;11
Huinen;4
Huis in 't Veld;6
Huis in 't Veld J.Y.;3
Huis in 't Veld, J.;2
Huis in 't Veld, J.Y.;8
Huis in `t Veld,J.Y.;1
Huiskamp;6
Huisman;156
Huisman J.J.;1
Huiwe;1
Huizer;537
Huizer (ADC ArcheoProjecten);1
Huizer, J., A. van der Geest;1
Huizer, J., N. de Jonge;4
Huizer, J., Zee, van der, R.M.;1
Huizing-Schreur;68
Hullegie;232
Hullegie (76496379);1
Hulst;68
Humme;1
Hummel;2
Hundertmark;6
Hundertmark, H., A. van Benthem;1
Hunneman;37
Hunneman MA;3
Husken;20
Huss;2
H¨anninen;2
Hänninen;11
Hänninen (BIAX);1
HГ¤nninen;3
I;1
I Nater;4
I Vossen;1
I.N.;1
IJd;1
IJdo;81
IJsselstijn;4
IJsselstijn MA;1
IVO-O);2
Ilson;28
Ilson MA;56
Ilson MA RAAP;1
Ingenieursbureau;21
Inventariserend veldonderzoek (boringen) Noordeinde 43;2
Inventariserend veldonderzoek door middel van borignen;1
Iping-Peterson;1
Iping-Petterson;17
Ipping;1
Ipping-Peterson;1
Ipping-Petterson;2
Ipping-Petteson;1
Irving;35
Isarin R.F.B.;1
Isendoorn;26
Isings;3
Ivo;1
Izendoorn;3
J;21
J Beckers;3
J De Roller;1
J Delporte;2
J Hullegie;1
J Klomp;2
J Uleners;7
J Verschuren;3
J Vossen;1
J vander;1
J.;4
J. Bazelmans et al.;1
J. E. vamn den Bosch;1
J. E. van den Bosch (Ed.);1
J. Kerpentier-McDonald (met bijdragen van: P. Doeve;1
J. Oosterbaan (red.);1
J. Opdebeeck (red.);1
J. Van den Borre ;1
J. Van der Veen;1
J. Vosselman MA.;1
J. Vosselman Ma.;1
J. de Bruin, W. Zijl;1
J. de Kramer.;3
J. de Moor.;2
J. van Boldrik MA. ;1
J. van Dijk.;1
J. van Doesburg (red.);1
J. van Doesburg, F. Laarman;1
J. van Hemert M.Y. van Kooten M. Komen C.W. Koot E. Heunks L. Kubiak-Martens M. van Waijjen;1
J. van Renswoude (red.);1
J. van den Berg, L. Haaring ;1
J. van der Roest met bijdragen van A. van Helbergen, S. Ostkamp, L. de Vries;1
J.A den Braven;1
J.A van Bostelen;1
J.A.A. de Ridder J.J.G. Geraeds J. de Kramer N. Vlieks E. Drenth A. Pijpelink;1
J.A.G van Rooij;4
J.A.G. van Rooij J. Huizer R. van Lil;1
J.A.J van Beers;2
J.A.J van Beers ;1
J.A.W. Nicolay Met bijdrages van S.M. Beckerman;1
J.B. Veenstra met bijdragen van L. de Vries, J. van der Laan, H. Haaster, S. Lange, J. Langelaar;2
J.C. Colijn e.a.;1
J.E van den Bosch;3
J.F van der Weerden;1
J.H.M;1
J.H.M de Raad;2
J.H.M van Eijk;2
J.H.M. Peeters (red.);1
J.J.;1
J.J. Lanzing (red.);20
J.J. Lenting Met bijdragen van M.C. Blom;1
J.J.G.;1
J.J.G. Geraeds Met een bijdrage van A. Pijpelink;1
J.J.W de Moor ;9
J.J.W. de Moor L. Schaarman;1
J.K. Lubeek .;1
J.K. Lubeek MSc.;1
J.L van Beek;1
J.L.;1
J.M. Noordervliet - van Zwienen;6
J.M.A.W. Morel (red.);4
J.M.L. van Boldrik MA.;1
J.M.L. van Boldrik MA. ;1
J.P. Bakx (red.);1
J.P.L. Bakx (red.);1
J.R. Veldhuis Met een bijdrage van A. Ufkes;1
J.R. Veldhuis met een bijdrage van K.L.B. Bosma;1
J.S.;3
J.S. Van der Heul;1
J.W. de Kort (red.);5
J.W.D.;1
J.Y.  Huis in 't Veld,;1
J.Y. Huis in 't Veld;54
J.Y. Huis in 't Veld ;1
J.Y. Huis in `t Veld;6
J.Y. Huis in ¿t Veld;2
J.Y. Huis in ¿t Veld ;2
J.van der Kroon ;1
J.van der Leije;1
J>;1
JHF Leuvering, B. van den Berkmortel, D. Hagens;1
JJ;1
JOngh;1
Jaap Hekman;2
Jaber;1
Jackson;5
Jackson, J.M.D. met bijdrage van: Ostkamp, S ;1
Jacob;1
Jacobc;1
Jacobs;165
Jacobs, E., H. van Klaveren;3
Jacobs.;1
Jafaar;1
Jager;57
James;1
Jan Willem de Kort;1
Jans;345
Jans, J., J. van Beek;1
Jans, J., M. van Kruining;1
Jansen;281
Jansen (red);1
Jansen B.;1
Jansen of Lorkeers;256
Jansen of Lorkeers MSc;23
Jansen of Lorkeres;12
Jansen, B., J. van Eijk;1
Jansen, B., J.H.M. van Eijk;1
Jansen, B., j. van Eijk;1
Jansen, H., J. van Horssen;1
Jansen, R., I. van Wijk, G. van Eijk e.a.;1
Jansen-Verboom;1
Jansma;5
Jansse;2
Janssen;55
Janssen MA;11
Janssens;706
Janssens M.;1
Janszen;5
Janzen;1
Jaspers;5
Jayasena;112
Jeanne-Marie vroomans met bijdragen van Sanne Beumer (vondsten), Henk van Haaster;5
Jelsema;5
Jelsma;348
Jeneson;5
Jennes;1
Jeroen Wijnen;3
Jetsen;1
Jetses;22
Jezeer;99
Jobse;3
Joeske Nollen;2
Johan;4
Jole;2
Jole - de Visser, N.J.G. van;10
Jole-de Visser;3
Jolink;7
Jong;419
Jong MA;14
Jong de-Lambregts,N.Bitter,P.Roedema,R.Verspay-Frank,L.;4
Jong, T. de, L. Korthorst;2
Jong-Lambregts;4
Jong-Lambregts, D. de, R. Roedema;2
Jongbloed;28
Jonge;263
Jonge (MA);1
Jonge L.;3
Jonge MA;36
Jonge MA (Senior KNA Archeoloog);1
Jonge de,N.Huizer,J.;2
Jonge, N. de J. Huizer;3
Jonge, N. de,  H.M. Molthof ;2
Jonge, N. de, A. de Boer;4
Jonge, N. de, I.S.J. Beckers;1
Jonge, N. de, J. Blom;2
Jonge, N. de, J. Holl;11
Jonge, N. de, J. Holl, R. van der Zee;1
Jonge, N. de, J. Huizer;5
Jonge, N. de, M. Hanemaaijer;1
Jonge, N. de, R. van Lil;1
Jonge, N. de, R. van der Zee;11
Jongejan;1
Jongepier;14
Jongh;99
Jongma;17
Jongset;1
Jongsma;1
Jongste;17
Jonkees;2
Jop Brijker;1
Jop Brijker (fysisch geograaf);2
Jordanov;271
Jordanov, M., M. van der Sommen;1
Jordanov, M., R. de Groot;1
Jozen;1
Juke;1
Jwattenberghe;1
K;1
K Durczak MA;2
K Lubeek;1
K Lubeek MSc;1
K Vroomans;6
K. Klekrs;1
K. Zee.;1
K.A. Hebinck Met een bijdrage van N. van Malssen;1
K.H.J. Pepers MSc.;7
K.J. van den Berghe Met bijdragen van : Hylke Buitenhuis;1
K.J. van den Berghe met bijdrage van A. Kaneda;2
KErkhoven;1
KLuit;1
KNA archeoloog;1
KNA archeoloog);4
KNA prospector);2
KNA-prospector;2
Kaaijk;1
Kaal;36
Kaal MA;1
Kaland;2
Kalee;1
Kalisvaar;1
Kalisvaart;359
Kalisvaart C.C.;4
Kalisvaart, C., D. de Ruiter;1
Kalisvaart, C., J. de Winter;3
Kalker;2
Kalker BSc;1
Kalkman;2
Kallen;9
Kallen, A. van der, M. Vermunt;2
Kallen, A. van der, e.a.;1
Kallisvaart;1
Kalshoven;16
Kalsivaart;3
Kam;1
Kamp;52
Kampen;97
Kampen (eds);1
Kaneda;6
Kans;1
Kant;8
Kant (MA);10
Kant MA;11
Kappel;68
Kappel, K. van A. de Boer;1
Kappel, K. van,  R. van Lil;1
Kappel, K. van, A. de Boer;1
Kappel, K. van, J. Holl;2
Kappel, K. van, J. Huizer;2
Kappel, K. van, L. Haaring, J. Huizer;1
Kappel, K. van, R. v.d. Zee;1
Kappel, K. van, R. van Lil;1
Kappel, K. van, R. van der Zee;4
Kappel, K. van., ;1
Kaptein;200
Kaptein.I.N.;1
Kaptien;1
Kaptijn;12
Karagiannis;2
Karaoulis;1
Karelein;1
Karens;12
Kars;13
Karssen;1
Kasbergen;72
Kasbergen (SOB Research);1
Kasian;1
Kaspers;26
Kaspers MA;1
Kasse;12
Kastelein;111
Kastelijn;1
Kastelin;1
Kattenberg;2
Kauling;16
Keij;8
Keijers;169
Keijers D.;4
Keijers, D.M.G. met bijdragen van J. Scholten, H. van Haaster, K. Hänninen ;1
Kelsma;1
Kemer;1
Kemme;32
Kemme MA;1
Kempen;110
Kempen, P.A.M.M. van Kattenberg, A.E.;1
Kempen, P.A.M.M. van Nuyten, I.M.C.;1
Kempenaar;10
Kenada;1
Kenemans;39
Keppel;2
Kerckhaert;24
Kerckhove;3
Kerkhof;14
Kerkhoven;536
Kerkhoven A.A.;4
Kerklaan;2
Kerpentier;4
Kerpentier McDonald;3
Kerpentier – McDonald;1
Kerpentier-McDonald;58
Kerpentier-Mcdonald;1
Kerst;5
Keulen;53
Keunen;59
Keunen L.J.;1
Keurhorst;65
Kiburg;49
Kieboom;1
Kiefte;7
Kiemani, P., J. de Winter;1
Kievith;1
Kimenai;82
Kipp;5
Kirilova;1
Kkremers;2
Klaarenbeek;4
Klaarenbeek MA;3
Klaarenbeek, R., S. de Kruif;1
Klaveren;46
Klaveren van,H.;1
Klaveren, H. van, J.M. Blom;1
Kleij;74
Kleij);1
Kleijen;1
Kleijn;2
Kleijne;1
Kleijnen;15
Kleijnen MA;1
Kleijnen S.;1
Klein;6
Kleine;1
Kleine Koerkamp;11
Kleinen;2
Klekrs;2
Kleks;3
Klerks;304
Klerks (Vestigia);1
Klerkx;38
Klerx;1
Klinck;10
Klinkenberg;10
Klomp;88
Klomp (red);1
Klooster;493
Kloosterman;26
Kloosterman, P., J. de Kramer, M. Berkhout;1
Kloosters;1
Kloster;1
Klous;2
Kluck;1
Kluit;23
Kluiters;2
Kluiving;18
Klück;4
Knapen;54
Knapen ;1
Knapen en;1
Kneefel;3
Kneuvels;10
Knippenberg;42
Knippenberg, S., P.A. van den Bos;1
Knoester;1
Knoop;1
Knul;4
Knul MA;3
Kobes;1
Kodde;18
Koehler;3
Koekeklkoren;1
Koekelkoren;1
Koekkelkoren;462
Koekkoek;2
Koelman;1
Koeman;794
Koeman, S., Kuijl,E. van der.Rondags,E.;1
Koeman. S.M.;1
Koemann;1
Koemans;1
Koenen;1
Koeweiden;1
Kok;154
Kokke;1
Kolen;1
Komen;50
Komen MA;1
Koning;198
Koning (BSc);1
Koning BSc;3
Koning MA;1
Koning, J. de, W. Bosman, F. Bunnik, S. Knippenberg, O. OdT, J. Matser, e.a.;3
Koning, M. de, A. Timmers;1
Koning, M. de, C. van Eijk;1
Koning, M. de, L. Nijdam;1
Koning, M. de, M. Kruijthof;1
Koning, M. de, M. van Dasselaar;1
Koning, M. de, R. Engelse;2
Koning, M.W.A. de e.a;1
Koning, M.W.A. de, D. Demey;1
Koning, M.W.A. de, S. van der Staak-Stijnman;1
Kooi;187
Kooi. M.;1
Kooijmans;1
Kooistra;14
Koonings;4
Koop;2
Koop-Schep;1
Koopman;6
Koopmanschap;299
Koopmanschap (red);1
Koopmanschap H.J.L.C.;1
Koopmanschap(red);1
Koopmanschap, H., F. van Nuenen;1
Koopmnschap;1
Koops;1
Koopstra;29
Koorevaar;162
Koot;134
Kooten;45
Kootker;5
Kootm J.M.;2
Korenberg;2
Kornalijnslijper;1
Kort;111
Kort, J.W. de, Kuijper, W.J.;1
Kort,J. de. ;2
Kortekaas;1
Korthorst;9
Kortlang;4
Korver;183
Korver MA;4
Kossen;4
Kost;47
Kost R.;6
Koster;55
Kother;1
Kottman;5
Kraal;3
Kraker;13
Kramer;341
Kramer, J. de, E. Hoven, N. van der Feest, U. Ocklenburg;1
Kramer, J. de, H. van den Engel;1
Kramer, J. de, H. van den Engel, N. van der Feest;1
Kramer, J. de, H.W.D. van den Engel;1
Kramer, J. de, T. Nales;1
Kranendonk;18
Kraner;2
Krauwer;1
Kregten;5
Krekelberg;4
Krekelbergh;144
Krekelbergh, N., E. de Boer;3
Krekelbergh. N.J.;1
Krekelburgh;1
Krekelenbergh;1
Kreklebergh;1
Kremer;752
Kremer (KNA archeoloog);5
Kremer (prospector;1
Kremer.;1
Kremer:;3
Kremers;1
Kreuning;14
Krijnen;8
Krimpen;3
Krispijn;1
Krist;122
Kristel de Vos met bijdragen van Francois van den Dries;1
Kroen;1
Kroes;317
Kroes (bureauonderzoek);1
Krof;1
Krof t;1
Kroft;84
Kroft (RAAP-Noord);9
Krol;210
Krol MA;4
Krol T.N.;11
Krol, T., B. van Hoof;2
Krol- Karsten;1
Krol-Karsten;186
Krol-Karsten (bureauonderzoek);1
Krol-Karten;1
Krol. T.N.;3
Krooder;5
Kroon;74
Kruidhof;82
Kruidhof, C., G. de Boer;1
Kruif;82
Kruif,S. de.;2
Kruijf;7
Kruijssen;27
Kruijthof;52
Kruining;141
Kruining, M. van, J. Hielkema;1
Kruining, M. van, M. Houkes;1
Kruisman;1
Kruithof;371
Kruithof ;1
Kruithof L.;3
Kruithof MSc;17
Kruithof Msc;3
Kruithof, L., MSc., Drs., de Kramer, J., Drs.Vroomans, M.A.K.;1
Kruitohf;1
Kruning;1
Kubiak – Martens;1
Kubiak-Martens;7
Kubistal;138
Kubistal ;1
Kui;4
Kuij;2
Kuijl;1805
Kuijl (Hamaland Advies);1
Kuijl van der E.E.A;1
Kuijl van der E.E.A et al;1
Kuijl van der E.E.A.;5
Kuijl van der E.E.A. et al;4
Kuijl van der E.E.A. et al.;20
Kuijl van der E.E.A. et al. ;2
Kuijl, E. E. A. van der,;1
Kuijl, E.E.A. van der, ;1
Kuijl, E.E.A.van der  ;1
Kuijl, van der E.E.A. van der, ;1
Kuijll;2
Kuijper;3
Kuijt;2
Kuijt MA;4
Kuip;2
Kuiper;48
Kuiper (The Pottery Detective);1
Kuipers;1
Kuntzel;1
Kuppens;30
Kuppens, W., K. van Heijst;1
Kwakkel;7
Kwakkernaat;1
Kwink;1
Kylstra;4
Körnmann;1
Köther;1
K÷ther;2
L;2
L Fens;2
L Hos;3
L Scheeringa;3
L Vaars;1
L.;4
L. Haaring R. van Lil J.A.G. van Rooij;1
L. Kruithof (MSc.);2
L. Kruithof MSc.;48
L. Kruithof Msc.;2
L. Kruithof.;1
L. Meurkens (red.);5
L. Ouwerkerk BA met bijdragen van drs.J. de Kramer;1
L. Van den Bruel;1
L.J. Van der Haar;2
L.M. Zanting BA.;1
L.M.C. Jansen of Lorkeers.;1
L.R.P. Ozinga et al.;13
L.van der Meij;1
L>;1
LOHOF;2
La Feber;1
La Fèber;3
Laan;136
Laan (Cambium Botany);6
Laan MA;1
Laan van der , E.;1
Laan van der E.;1
Laan, E. van der  ;1
Laan, E. van der, Eijgenraam, G.T. ;1
Laan,E. van den.;1
Laan,E. van der.;1
Laaring;1
Laarman;7
Labiau;7
Labouchère;1
Laclé;14
Laenens;2
Lagemaat;9
Lagerweij;1
Lam;1
Lameris;11
Lammertse;2
Lammertsma;4
Laméris;1
Landskroon;48
Langbroek;3
Lange;46
Langelaar;1
Langen;21
Langen (redactie);1
Langeveld;51
Langevelde;4
Lanzing;15
Lascaris;28
Lauwerier;7
Lay;1
Le Cotey;4
Leden;2
Leek;41
Leenders;18
Leendert Rene van Wilgen;2
Leeuw;2
Leeuwe;82
Leeuwe, R. de  ;1
Leeuwen;23
Leeuwen rMA;2
Lehmann;144
Leije;89
Leije MA;2
Leijnse;105
Leijnse RAAP;1
Leijnse. K.;1
Leijten;1
Lelivelt;57
Lenoir;15
Lenting;73
Lenting, J., M. de Wit;1
Leon Subias;4
Leon SubÌas;1
Lepage;90
Lepage MSc;2
Lesoarre-de Waal;1
Lesparre - de Waal, M.S.;1
Lesparre- de Waal, M.S.;2
Lesparre-de Waal;30
Leuevering;1
Leusink;1
Leuveling;1
Leuverig;1
Leuvering;889
Leuvering (fysisch geograaf);6
Leuvering (senior KNA prospector);2
Leuvering (senior prospector;3
Leuvering (senior prospector);1
Leuvering(fysisch geograaf);1
Leuvering, J., R.M. van der Zee;1
Leuvering, J.,R.Nillisen,S.Houbrechts,t. deville;1
Leuveringm J.H.F.;1
León Subias;2
León SubÌas;1
León Subías;96
Li;1
Lichtveld;1
Lieffeinge;1
Liefferinge;19
Liefferinge van, N.;13
Liefferinge van,N.;1
Liefferinge, N. van, R.P.A. Paulussen;1
Liesbet Van den Bruel;6
Lil;394
Lil, R. van,  J.M. Blom;1
Lil, R. van, Nederpelt, S.;1
Lil, R. van, S. van den Brenk;1
Lil, R. van, S. van den Brenk, W. Waldus;1
Lil, R. van, S. van den Brenk, W. van Breda;2
Lil, R. van, S. van den Brenk, W.B. Waldus;1
Lil, R. van, W. van Breda;2
Lil, R. van.;1
Lill;1
Limborgh   J;1
Linde;140
Linde - Louwenberg;1
Linde);1
Linde, C. van der, M. Spanjer, A.J. Brokke;1
Linde-Louvenberg;5
Linde. C.;1
Linden;79
Linden van der,B.A.;1
Linden, B. van der e.a.;1
Linden, B. van der, P. Wemerman;2
Linden, B. van der, T. Spitzers;1
Linden, E. van der, Jongste, P.F.B.;1
Lindenbergh and Chris Sueur;1
Lindley;1
Lippok;6
Lipsch;1
Liscaljet;1
Lleuvering;1
Lobbes;1
Loenen;6
Loerts;1
Lohof;43
Londen;9
Loo;2
Loo, S. van der, J. van Suijlekom;1
Loo- Goevaerts, S. van der.;1
Loo-Goevaerts;4
Loo-Goevaerts, S. van der.Berbeek,C.;1
Loo-goevaerts;1
Looff;2
Loon;4
Loonen;81
Loonen, A., W-S van de Graaf;1
Loonstra;1
Looper;10
Loopik;85
Loopik (ADC);1
Looveren;57
Looveren, V. van, M. van Riessen;1
Lorne;1
Loth;1
Lotte;17
Louvenberg;4
Louwe;231
Louwe Kooijmans;3
Louwe MA;1
Louwe, E., B. Brugman, R. van Heeringen, M. Gouw;3
Louwe, E., K. Hebinck, R. van Heeringen;2
Louwe, E., K. Klerks, K. Hebinck, R. van Heeringen;1
Louwe, E., K. Klerks, R. van Heeringen;3
Louwe, E., K. Klerks, S. Nederpelt, R. van Heeringen;1
Louwe, E., K. Klerks, W. Toonen, R. van Heeringen;1
Louwe, E., L. Haaring, R. van Heeringen;1
Louwe, E., M. Gouw, R. van Heeringen;1
Louwe, E., R. van Heeringen;1
Louwe, E., R. van Heeringen, L. Haaring;1
Louwe, E., S. Nederpelt, R. van Heeringen;1
Louwe, E., W. Toonen, E. Eimermann, R. van Heeringen;1
Louwe, E., W. Toonen, R. van Heeringen;1
Louwe, E., W. Toonen, S. Nederplet, R. van Heeringen;1
Louwen;5
Louwerse;2
Lubberding;7
Lubberink;2
Lubbers;38
Lubeek;2
Ludwig;2
Ludwing;1
Luevering;1
Lugtenbrug;1
Lugtenburg;8
Lugtigheid;3
Luijtelaar;26
Luijten;3
Luijten MA;13
Luijten-Pape;1
Luinga;1
Luinge;45
Luitjes;118
Luksen-IJtsma;3
Luksen-Ijtsma;3
Lunshof;3
Lutz;41
Luytelaar;14
Luytelaar, P. van, S. Koeman, S. Diependaal;1
Lyklema;7
Lyklema MA;2
Léon Subías;3
L’Isle;1
M;29
M Bakker;1
M Briels;1
M Brouwer;2
M Bulambo MA;3
M Hazen;1
M Hemminga, met bijdragen van J.A. den Braven, P.W. van den Broeke, J. Hendriks, E. Heunks, I.M.M. van der Jagt, S. Knippenberg;1
M Hessing;7
M Janssen;4
M Janssen MA;1
M Kerpentier-McDonald;1
M Meijlink;1
M Oudhuis;1
M Roymans;7
M Ruijters;1
M Ruijters MA;3
M Witmer;1
M van der;1
M verboom-Jansen;2
M.;3
M. Groothedde;1
M. Van der Wal;1
M. de Jong  T.A. Kauling;4
M. v;1
M. van Dasselaar met bijdragen van S. Lange;1
M. van Dasselaar met een bijdrage van K. Tejero Y Cedillo;1
M. van Zon met bijdrage van F.J. van der Wal;1
M. vna de Glind;1
M.A;2
M.C. Blom met bijdragen van A. Ufkes ;1
M.C. Botermans met bijdragen van A.S. Berends;1
M.C. Dorst e.a.;1
M.C.J. Bot et al.;1
M.D.J. Klomp (Red.);1
M.D.J. Klomp (red.);2
M.E. Lobbes (Buro de Brug);2
M.J.M de Wit;2
M.J.M de Wit ;1
M.J.M de Wit met bijdragen van  H. Halici ;1
M.J.M. de Wit Met bijdrage van A.S. Berends;1
M.J.M. de Wit met een bijdrage van A. Ufkes;1
M.J.M. deWit Met bijdragen van H.H. B¨urmann;2
M.J.M. deWit Met bijdragen van M. Daleman;1
M.J.M. deWit Met bijdragen van S.M. Beckerman;1
M.K;1
M.M. Sier (red.);2
M.M.A van Veen;2
M.R.X van Kempen;1
M.R.X. van Kempen G. Sophie;1
M.W.A de Koning;2
M.Y. van Kooten met een bijdrage van H. Damen;1
M.van de Glind MA;1
M.w.A.;1
MA;445
MFdard;3
MJ Delporte;1
MK;1
MM;1
MOerman;1
MSc;104
MSc.;10
MTdard;5
MWW;2
Ma;5
Maaijwee;1
Maalderink;26
Maarleveld;1
Maas;35
Machiels;6
Magdelijns;129
Magedelijns;1
Magedlijns;1
MagnFe- Nentjes: met bijdrage van Thijssen;1
MagnTe;4
MagnTe-Nentjes;5
MagneT-Nentjes;1
Magnée-Nentjes;4
Magnée-Nentjes Joep Hendriks;1
Makr, R. van der, E. Boshoven;1
Malda;4
Malsen;2
Malssen;91
Malssen, N. van, J. van Ams;3
Malsum;1
Man;1
Manders;12
Manning;2
Mans;1
Manschap;1
Manuel;17
Marc Verhoeven;1
Marcel Niekus;1
Marco Bakker, Gilles de Langen;3
Marie Vroomans;7
Marinelle;3
Marinelli;190
Marinelli M.;1
Marjolein Kerkhof;1
Mark;216
Mark van der, R.;2
Mark, R. van de.;1
Mark, R. van der, H. van Haaster;1
Mark, R. van der, J.M.J. Willems;1
Mark, R. van der, Nuenen, F. van, Tebbens, L., Venne, A.C. van de;1
Marlous Craane;1
Maronier;5
Martijn ;1
Massie;1
Mater;1
Matser;2
Maurer;11
Maurice Janssen;1
Mauro;5
McDonald;2
McDonald-Kerpentier;1
Medard;13
Meens;5
Meens D.;1
Meens, D., L. de Pied;1
Meer;92
Meer (BIAX consult);1
Meer (RAAP-Noord));9
Meer van de,A.Schiltmans, D.;1
Meer, A. van de  ;1
Meer, A. van de, D. Schilmans;1
Meer, A. van de, D. Schiltmans;8
Meer, A. van de, D.E.A. Schiltmans;1
Meer, A. van der  ;1
Meer. A.;1
Meering;38
Meering Patrick Bringmans;1
Meeuwissen;1
Mei;98
Meij;46
Meij (eds);3
Meij, L. van der  ;1
Meij, L. van der, A. de Boer;1
Meijer;123
Meijer Y.;5
Meijer Y.  Soonius C.M.;1
Meijl;1
Meijlink;65
Meijs;1
Meilink;1
Meirsman;25
Melis;71
Melkert;3
Melman;464
Melman MSc;46
Mendelts;15
Mendelts MA;29
Mengerink;1
Menk Hendriksen;1
Mensink;1
Menting;1
Mepchen;1
Mepschen;3
Merisman;2
Merlino;8
Mertens;6
Merwe;32
Met bijdragen van: M. van Rijn;1
Met een bijdrage van A.S. Berends;1
Metman;1
Meulen;2
Meurkens;41
Meurkens (red);2
Meurs;22
Meurs van. F.;1
Meurs, F. van, L. van Wilgen;1
Meurs, F.A. van, A.C. Mientjes, J. Ras, J.E. van den Bosch;1
Mevr. drs.N.J.G van Jole- de Visser;1
Mey;1
Michael Klomp;1
Middeleeuwen;2
Midden;1
Miedema;162
Miedema F.R.P.M.;4
Miedema. F.R.P.M.;1
Mientjes;224
Mierlo;19
Mierlo, B. van, Brenk, S. van den, Waldus, W.;1
Mietes;16
Mijle Meijer;17
Mijle Meijer, R. van der, E. Bulten, P. Stokkel, E. Rieffe;2
Mijle Meijer, R.A. van der, E.C. Rieffe;1
Mijle Mijer;1
Mijle meijer;1
Miloikovic;1
Milojkovic;19
Min;1
Ming;2
Minneboo;2
Mitchell van Baal, L. de Jonge MA;2
Mittendorff;66
Mittendorff E.S.;3
Mnller;15
Modderkolk;74
Moedema;1
Moemran;1
Moerman;984
Moerman Wilbers;2
Moerman, S., H. van Klaveren;1
Moesker;35
Mol;223
Mol MA;25
Molema;20
Molenaar;98
Molthof;39
Molthof MA;136
Molthof, H., R. van der Zee;2
Molthof, H., R.M. van der Zee;1
Molthof. H.M.;1
Moltholf;1
Montforts;3
Mooij;20
Moolhuizen;2
Moonen;76
Moor;251
Moor EARTH;1
Moor, J. de, J. Huizer, S. Nederpelt;1
Moorden;1
Mooren;202
Mooren J.R.;1
Mooren, J., M. van Putten;1
Mooren, J.R., drs.F. van Nuenen, drs.S. de Jager, P.A.M. Dijkstra ;1
Moree;36
Morel;2
Moster,M.Waveren,A. van.;1
Mostert;209
Mostert, M., A.M.I. van Waveren;1
Mostert,M.Waveren,A. van.;1
Mouch;1
Mousch;111
Moush, R.G. van.;1
Msc;3
Mueller;1
Muers;1
Muis;22
Mulder;116
Mulder (BO);1
Mulder S.A. drs.;1
Muller;31
Munnik;10
Munster;24
Musch;1
Mutsaers-Huijsmans;1
Muysson;2
Médard;100
Müller;52
Müller (redactie);1
Müller A.;1
Müller, A., G. van Bergeijk, E. Drenth, P.C. Vos;1
Mьller;5
N;1
N Abelskamp-Boos;1
N Halverstad;1
N Krol-Karsten;2
N Rondags;19
N. van Malssen Met bijdragen van G.M.A. Bergsma;2
N. van Malssen Met bijdragen van M.C. Blom;1
N. van Malssen met bijdrage van K.A. hebinck ;1
N. van Malssen met een bijdrage van M. Daleman;1
N.J.G. van Jole - de Visser;3
N.J.W. Van der Feest;1
N.J.W.van der Feest;4
N.M. Prangsma (red.);1
N.W.;1
N.W. Willemse (red.);6
NIcolay;2
NIeuwenhuize;1
NIeuwhof;2
Nales;1135
Nales ;2
Nales, T., H. van den Engel;2
Nater;202
Nederpelt;89
Nederpelt, S., A. de Boer;3
Nederpelt, S., J. Blom, R. van der Zee;1
Nederpelt, S., J. van Rooij, J. Holl, J. Huizer;1
Nederpelt, S., R. van Lil;2
Nederpelt, S., R. van der Zee;7
Nederpelt, S., R. vanLil;1
Nederpelt, S.,Rooij, J.A.G. van, Holl, J.;1
Nederpelt. S.;1
Nederweert;1
Neef;34
Neef, W. de  ;1
Neet;1
Nelemans;1
Nes;57
Nes MA;73
Nes de MA,E.Kramer de,J.Moerman,S.;1
Nes de,E.Moerman,S.;1
Nicholson;16
Nicholson, C., R. van de Mijle-Meijer;1
Nicholson-van der Plaat, C.C. ;1
Nicolay;15
Nicolson;1
Nie;1
Niekus;14
Nieland;6
Niemeijer;1
Nierop;3
Nieuwe Tijd langs de Schaperstraat;2
Nieuwenhuis;3
Nieuwenhuis-Lugtenburg;1
Nieuwenhuize;51
Nieuwhof;5
Nieuwkoop;17
Nieuwlaat;141
Nieuwlaat BA MSc;3
Nieuwlaat Ba MSc;13
Nieuwlaat Ba Msc;1
Nieuwlaat G.;2
Nieuwlaat G.P.A.M;2
Nieuwlaat MSc;3
Nieuwwenhuizen;1
Nieweg;4
Nijdam;549
Nijdam L.C.;64
Nijdam, L., M. de Koning;2
Nijdam, L., R. van der Zee;1
Nijdam,L.Koning de,M.;1
Nijdamj;1
Nijdman;1
Nijkerk;1
Nijland;3
Nijsse;1
Nilesen;8
Nilesen MA;2
Nilessen;1
Nilisen;1
Nillensen;1
Nillese;1
Nillesen;323
Nillesen R.;2
Nillesen, R., H. Kremer, B. van den Berkmortel;1
Nillesen, R., J. Leuvering, E. Van de Velde, T. Deville;1
Nillesen, R., J. Leuvering, E. van de Velde;1
Nillesen, R., S. Koeman, B. van den Berkmortel;2
Nillessen;1
Nillisen;9
Nillsesen;2
Nipius;2
Noels;3
Noens;1
Nokkert;4
Nollen;191
Nollen (Senior KNA Archeoloog);1
Nollen J.H.;2
Nollen, J., Jonge de L.;1
Nollen, J., Jonge, L. de.;1
Nooijen;8
Noorda;3
Noordervliet;1
Noordervliet-van Zwienen;2
Norde;161
Norde RAAP;1
Nuenen;40
Nuenen van, F.;1
Nuenen van,F.;2
Nuij;5
Nuijten;6
Nutte;14
Nutte, G. de.;1
Nutte,G. de.;1
Nyst;26
OPBROEK;5
Obdam;15
Ocklenburg;1
Ode;4
Odé;1
Odй;7
Oerlemans;8
Oerlemans MSc;29
Oever;15
Oever (Saricon);1
Oijen;1
Oirschot;1
Okkerse;1
Olaya;21
Olde Meierink;1
Olde Meierink (BBA bouwhistorie);1
Oldenmenger;5
Olerud;2
Olijhoek;3
Olthof;3
Onbekend;24
Onder redactie van L.M.B van der Feijst;1
Onder redactie van: Waldus, W.D.;1
Onstwedder;1
Oogink;28
Oorsterhout;1
Oort;9
Oort, H. van, A. Borsboom;1
Oost;1
Oosterbaan;34
Oosterbaan ;1
Oosterbeek;1
Oosterhout;133
Oosterhout Projectcode: DODD Bestandsnaam: NO4090_;1
Oosterhout, F. van.;1
Oosterhout,F. van.;1
Oosternijkerk;1
Oosterwijk;1
Oostingh;5
Oostkamp;1
Oostveen;3
Opbroek;17
Opdebeeck;24
Opmeer;1
Orbond;1
Orbons;209
Orbons J.;18
Orbons P.J.;5
Os;10
Osinga;235
Ostkamp;27
Otte;9
Otten;3
Otter;50
Otter, Y. den,;1
Otter, Y. den.;1
Oude Renerink;1
Oude Rengerinck;1
Oude Rengerink;314
Oude Rengerink J.A.M.;1
Oude Rngerink;1
Oude-Rengerink;2
Oude-de Wolf;1
Ouden;1
Oudesluijs;6
Oudhof;37
Oudhof (senior archeoloog);1
Oudhuis;14
Out;7
Ouweneel;2
Ouwerkerk;107
Ouwerkerk, L., D. de León Subías ;1
Overeem;1
Overmans;1
Overmars;26
Overmars MA;9
Overmeer;9
Overweg;1
Ozinga;1
P;4
P Dijkstra;2
P Flamman;4
P du PiOd;1
P. Alders et al.;1
P. Van den Helm;1
P.A.M.M.;1
P.J. Ilson MA met bijdragen van drs.I.A. Schute;1
P.J.A. Stokkel Met bijdragen van K.L.B. Bosma ;1
P.J.A. Stokkel Met een bijdrage van K.L.B. Bosma;1
P.J.A. Stokkel Met een bijdrage van M. Daleman;1
P.J.A. Stokkel Met een bijdrage van S.M. Beckerman;1
P.J.A. Stokkel met bijdragen van H. Buitenhuis;2
P.L.M. Hazen. Met bijdragen van: J.M. Brijker;2
P.M.M. Hermans BA (Buro de Brug);1
P.W. van den Broeke (red.);3
P.W.van den Broeke;4
P.van den Broeke;1
P> Hoogland;2
PA Besuijen;1
PLOEGAERT;1
Paalman;1
Paffen;19
Pailussen;1
Pals;1
Palsmeijer;1
Palstra;1
Panhuysen;1
Pape;47
Pape MA;96
Pape-Luijten;91
Pape-Luijten. H.G.;1
Pare;16
Parleviet;1
Parlevliet;11
Paré;43
Passier;1
Pasteels;14
Pater;1
Patrick M.M.A.;1
Patrick de Bruin et al.;3
Paul;15
Paul Bakx;50
Paul MSc;25
Paul, H.M., E.M. ten Broeke, J. Holl;1
Paulus;2
Paulussen;335
Paulussen  R.;1
Paulussen Joep Orbons;1
Paulussen R;1
Paulussen R.;120
Paumen;3
Paviljoenstraat te Noorbeek;1
Pavlovic;23
Pavlovic (red);1
Pavlović;12
Peen;2
Peeters;208
Peeters MA;64
Pels-Ouwenee;1
Pels-Ouweneel;152
Pels-Ouweneel MA;16
Pelsmaeker;5
Pelt;2
Pennekamp;1
Penning;156
Penning, B., J. van Horssen ;2
Penterman;2
Peper;1
Pepers;91
Pepers MSC;1
Pepers MSc;5
Perdaen;4
Perger;20
Perizonius;1
Perk;1
Peters;62
Petterson;15
Petterson, M.A., F.P.J. van Puijenbroek, O.P.N. Satijn, W.A.M. Hessing;1
Philips;3
Philipsen;6
Picard;107
Pied;1
Pierik;35
Pieters;38
Pijpelink;8
Pijperstraat 10;1
Pisters;1
Plaatsing ondergrondse afvalcontainer De Balmerd;1
Plalovic, A., D. van Baardewijk, R. Haakman, F. Simonis;1
Plan;1
Plangebied Den Borgweg te Rekken;1
Plangebied fietspad aan de Lage Noord in Utrecht;1
Plasmeijer;4
Pleszynki;1
Pleszynski;66
Pleszynski MA;2
Pleszysnki;1
Plezynski MA;1
Plitscher;28
Plitscher MA;3
Ploegaert;69
Plomp;1
Pol;1
Polak;4
Polakowksi;1
Polakowski;2
Pollmann;5
Pollé;2
Polman;31
Pongers;1
Ponstein;11
Ponten;128
Popta;114
Popta,;1
Por;1
Porreij;4
Porreij -Lyklema;1
Porreij Lyklema;1
Porreij-Lyklema;140
Porreij-Lyklema (RAAP);1
Porreij-Lyklema MA;87
Porreij-lyklema;1
Post;1
Post S.;1
Post S.A.D.S.;2
PostS.A.D.S.;1
Postema;1
Posthuma;16
Postma;22
Postma-Saa;1
Postma-Saan;16
Pot;1
Pothof;1
Pouille;27
Poulus;37
Pragt;1
Prangsma;47
Prangsma N.M.;1
Prangsma, N.M. met bijdragen van J.M. Brijker;1
Prickel;26
Prickel ;2
Prickel MA;7
Prins;5
Proefsleuven;2
Pronk;185
Pruijsen;9
Pruim;18
Pruim, J., B. van Hoof;1
Pruisen;2
Pruissen;1
Prummel;3
Puijenbroej;2
Puijenbroek;485
Puijenbroek MSc;6
Purmer;4
Puten;1
Putte;10
Putten;246
Putten, M. van, Wal, A. ter;1
Putten, M.J. van, ;2
Puydt;1
Q Hessing;1
Quadflieg;4
Quak;20
R;5
R D'hondt;2
R Elsema;1
R van;1
R.;1
R. Jansen (eds.);1
R. Paulussen.;1
R. Schrijvers;1
R. van Lil S. van den Brenk and R.W. Cassée;1
R. van Lil and R.W. Cassée;1
R. van Lil and S. van den Brenk;2
R.A;1
R.A.;1
R.C.A. Geerts et al.;6
R.E.E. Roggen ma.;1
R.F.;1
R.J. van Zoolingen (red.);1
R.M.;1
R.M. v;1
R.M. van Heeringen e.a.;2
R.M. van der Z;1
R.M. van der Zee met bijdrage van H. Bos;1
R.M. van der Zee.;1
R.P.;1
RB;2
RCE;5
RIjk;1
RL;1
RMA;6
RT;1
RUG;1
Raad;54
Raaij;1
Raan-Onderwater;1
Raap;1
Rabou;3
Rackzynski Henk;1
Raczinksi-Henk;1
Raczinsky-Henk;1
Raczynksi-Henk;2
Raczynsi-Henk;1
Raczynski;6
Raczynski Henk;20
Raczynski henk;1
Raczynski-Henk;108
Raczynski-Henk (ADC ArcheoProjecten);1
Raczynski-Henk. Y.;1
Raczynsky-Henk;2
Rademakers;11
Raemaekers;34
Raemeakers;1
Ramp;1
Rampart;1
Ransijn;57
Ranzijn;3
Rap;891
Rap MA;38
Rap Ma;1
Rap, R., J.S. van der Heul;1
Ras;853
Ras, J. L. van Wilgen;1
Ras, J., Zessen van,J.;1
Ras. J.;1
Ras.J.;1
Ravesloot;1
Rebergen;33
Rebergen ;4
Reffeltrath;1
Regt;17
Regteren Altena;1
Reiffert;1
Reigersman-van Lidth de Jeude, W. F. ;1
Reijnen;11
Reinders;145
Reinders MA;7
Reinen;1
Reinstra;20
Reinstra BA;2
Rem;12
Renaud;1
Rendering;91
Reneerkens;3
Rengerink;3
Renken;1
Rensink;31
Renswoude;61
Renswoude, J. van, B. Tops;1
Reurings;2
Reuselaars;1
Reynaert;78
Reynaert MSc;11
Ricci Capredoni;1
Rich;2
Richard;1
Ridder;119
Ridder MA;1
Ridder de,J.;1
Ridder, J.A.A. de, N.M. Prangsma ;2
Ridder, J.A.A. de17-06-2011;1
Ridderbos;7
Ridderma;1
Riddersma;19
Riefe;1
Rieffe;212
Rieffe (AB);1
Rieffe (IVO-O);1
Rieffe (IVOb);1
Rieffen;1
Riel;46
Riemersma;2
Riesmeijer;5
Riessen;8
Riessingh;1
Rietkerk;33
Rietveld;1
Rijk;229
Rijk MA;5
Rijk RMA;3
Rijk);1
Rijk, P.T.A. de, Timmers, A.;2
Rijk, P.T.A. de, Wagner, A.;1
Rijk, T.E. de , Y. Meijer, M.C. van Dam;1
Rijlaarsam;2
Rijlaarsdam;44
Rijn;9
Rijn BA;1
Rijn MA;13
Rijn-Klerkx;13
Rijs;12
Rikkers;8
Ril;2
Ringenier;170
Ringenier MA;11
Rob;1
Robberechts;12
Robeerst;1
Rodder;4
Rodenburg;2
Rodolphie;1
Roedema;10
Roelofsen - Menting;1
Roelofsen-Menting;6
Roemburg;1
Roemburg MA;1
Roemeling;1
Roemen;1
Roermond;1
Roesingh;1
Roessing;1
Roessingh;88
Roessinh;1
Roessinhg;1
Roest;104
Roest, J. van der,;2
Roest-Toorman;1
Roever;4
Roggen;113
Roggen MA;10
Roggen R.E.E;1
Roggen R.E.E.;1
Rohling;23
Rollder de,G.J.;1
Roller;887
Roller (booronderzoek);1
Roller GJ;6
Roller de ,G.;1
Roller de ,G.J.;1
Roller de, G.;6
Roller de, G.J.;9
Roller de, G.T.;1
Roller de,G,J.;2
Roller de,G.Buitenhuis,H.;1
Roller de,G.J.;49
Roller, G. de, A. Ufkes;1
Roller, G. de, H. Buitenhuis, A. Wullink;3
Roller, G. de, Nijdam,L.;2
Roller, G. de, P. Visser;2
Roller, G.J. de,;1
Roller, G.J. de, M. Essink;1
Roller, G.J. de, M. Rem ;2
Rom;25
Rom MA;4
Rompelman;6
Rondag;2
Rondags;239
Rondags,E.Kuijl,E. van der.;1
Rongen;2
Roode;33
Roode (red);1
Roodenburg;468
Roodenburg (junior archeoloog);8
Rooi;1
Rooij;307
Rooij, J. van, A. de Boer;1
Rooij, J. van, I. Beckers, J. Holl;2
Rooij, J. van, J. Blom;1
Rooij, J. van, J. Holl;1
Rooij, J. van, J. Holl, J. Huizer;3
Rooij, J. van, J. Huizer;17
Rooij, J. van, J. Huizer, R. van der Zee;1
Rooij, J. van, K. van Kappel, J. Huizer;1
Rooij, J. van, L. Haaring, J. Holl;1
Rooij, J. van, M. Hanemaaijer;2
Rooij, J. van, R. van Lil;1
Rooij, J. van, R. van Lil, J. Huizer;1
Rooij, J. van, R. van der Zee;8
Rooij, J.A.G. van, J. Holl;1
Rooij, J.A.G. van, N. de Jonge;1
Rooij, J.A.G. van, R.M. van der Zee;2
Rooij. J.A.G.;2
Rooijen;61
Rooijen. E.J.;2
Roorda;4
Rooymans;1
Rooze;75
Rooze MA;3
Roselle;10
Rosenbrand;22
Rossigh;1
Roth;2
Roth MA;1
Rouw;5
Rovers;2
Roymans;229
Roymans ;1
Rudolphie;25
Rue;3
Ruijsscher;7
Ruijssher;1
Ruijter;2
Ruijters;228
Ruijters MA;74
Ruimtelijk advies op basis van bureauonderzoek;1
Ruiter;81
Ruiter (KNA prospector);1
Ruiter de, D.;1
Ruiter de,D.;1
Ruiter, D. de, N. Krekelbergh;1
Ruiter, D.L. de, Engelse, R.F., Wagner, A.;1
Ruiter, D.L. de.;3
Ruiters;2
Rumoing;1
Rumping;110
Rutten;4
Röring;9
Röring MA;3
Rüssel MSc;1
S;13
S Bakker MA;1
S Dautzenberg ;1
S Depuydt;1
S Krist;1
S.;3
S. Brusse (Red.);2
S. Diependaele met bijdragen van P. Deckers;3
S. Nederpelt R.M. van der Zee M. Hanemaaijer R. van Lil;1
S. de Regt M. de Jong;1
S. van den Brenk and R. Cassée;1
S. van den Brenk and R. van Lil;5
S. van den Brenk and R.W. Cassée;4
S.J. Tuinstra met bijdrage van K.L.B. Bosman;1
S.J. Tuinstra met bijdragen van M.C. Blom. K.L.B. Bosma;1
S.J. Tuinstra met een bijdrage van A.S. Berends;1
S.J.H. Kleijnen MA.;1
S.J.H. van der A;5
S.M;1
S.j.H. van der A;2
S.van den Brenk;1
S>;1
SIER;3
SJH van der A;10
SSchrijer;2
Saane;1
Sablerolles;1
Saey;4
Salomon;1
Salomons;238
Sam;40
Sambeek;20
Sande;52
Sanden;3
Sanders;41
Sap;2
Sapnjaard;1
Sar;1
Sarfatij;2
Satijn;177
Satijn, O.P.N., E. van der Klooster;1
Satijn, O.P.N., F. van Puijenbroek;1
Satijn, O.P.N., F.P.J. van Puijenbroek, E.R.J.G. Picard;1
Saxion;2
Schaap;1
Schaarman;4
Schabbink;106
Schabbink, M. met een bijdrage van H. van Haaster;1
Schamp;244
Scheele;6
Scheeringa;102
Scheeringa-Mulder;15
Scheeringa-Mulder D.L.;1
Scheffer-Mud;11
Schegget;8
Scheijndel;1
Scheijvens;2
Schenk;17
Schepers;27
Schepers MA;4
Schepman;2
Scheprs;2
Scheurs;1
Schiferli;10
Schiltmans;208
Schiltmansm D.E.A.;1
Schinning;10
Schipper;1
Schippers;4
Schleijpen;15
Schnieder;1
Schoenmakers;1
Schokker;1
Scholman;37
Scholt Lubberink;1
Scholte;1
Scholte Lubberdink;1
Scholte Lubberink;144
Scholte Lubberink (RAAP);2
Scholte Lubberink BA;1
Scholte Lubberink RAAP;1
Schonevel;1
Schoneveld;19
Schoonhoven;9
Schorn;667
Schornk;1
Schotten;3
Schoute;51
Schouten;3
Schram;1
Schramp;1
Schreijer;2
Schreurs;16
Schreurst;1
Schricks C.P.;1
Schrickx;66
Schrickx C.P.;5
Schriever;2
Schriever B.;2
Schrijer;162
Schrijer E.;1
Schrijer, E., A. de Boer;1
Schrijer, E., F. Reigersman - van Lidt de Jeude, W;1
Schrijer. E.;2
Schrijver;2
Schrijvers;415
Schrijvers, R., J.M. van den Berg;1
Schryvers;13
Schulte;1
Schulten;4
Schurmans;109
Schut;12
Schute;143
Schute (H1 t;2
Schutte;700
Schuuring;2
Schuurman;124
Schuurmans;22
Schuute;1
Scrhijvers;9
Seinen;1
Sem Peters. Met bijdragen van Nico Arts;1
Semeijn;44
Senica;33
Sergant;1
Seubers;1
Sibma;32
Siekema;2
Siemons;39
Sier;18
Silkens;70
Silkens  B ;1
Silkens B.;24
Silkens B. (red.);3
Simons;47
Singh;2
Sinke;1
Sinke ;1
Skrabanja;1
Sleebos;5
Slegers;34
Slijkerman;1
Sloof;1
Slootweg;1
Slopsma;2
Slotemaker;16
Slotenmaker;2
Sluisstraat Oostknollendam;1
Smal;8
Smeenge;9
Smeerdijk;4
Smit;105
Smit B.I.;1
Smith;3
Smits;45
Smolde;1
Smole;76
Snieder;11
Snippenberg;1
Snippenburg;15
Snoek;3
Soens;1
Soepboer;18
Soetens;256
Soeters;1
Sofe Debruyne, Jeanne-Marie Vroomans, met een bijdrage van Wouter van der Meer.;1
Soldaat;106
Soldaat MA;16
Soldaat MA';4
Someren;15
Sommers;55
Sonders;31
Sonders MSc;3
Sondervan;1
Sonneveld;117
Sonneveld BA;1
Soomeren;1
Soonius;64
Soonius C.M.;1
Soonius C.M. Meijer Y.;1
Sophie;490
Sophie ;1
Sophie. G. J. A.;1
Sopie;2
Sopphie;1
Spaargaren;1
Spanjaard;555
Spanjaard (senior prospector);1
Spanjaard, G.W.J., Broeke, E.M. ten, Thijs, W.J.F. (ARC bv);1
Spanjaard, G.W.J., E.M. ten Broeke;3
Spanjaard, G.W.J., E.M. ten Broeke, K.A. Hebinck;1
Spanjaard, G.W.J., E.M. ten Broeke, W.J.F. Thijs;1
Spanjaard, G.W.J., E.M. ten Broeke, W.J.F. Thijs (ARC bv);1
Spanjer;33
Spek;4
Spek,T.Snoek,M.Sanden van der,W.Heijden van der,F.Theunissen,L.Nijenhuis,M.Vroon,H.Greving,K.;9
Spelde;2
Speleers;1
Speolstra;2
Spiekhout;11
Spier;2
Spiering;12
Spiering MA;1
Spijker;20
Spitzers;90
Spitzers, T., H. Kremer, H. van Welten;1
Spoelstra;261
Spohie;1
Sprangers;23
Sprangers MSc;79
Sprangers Msc;2
Spregers;1
Sprengers;170
Spronck;1
Sptitzers;1
Sptizers;1
Staak;6
Staak, S. van der.;1
Staak- Stijnman;1
Staak-Stijnman;29
Staak-Stijnman van der,S.Wagner,A.;1
Staak-Stijnman, S. van der,  A. Wagner;1
Staak-Stijnman, S. van der, A.Wagner, R.Engelse;1
Staak-Stijnman, S. van der, C.C. Brienden;1
Staak-Stijnman, S. van der, L.C. Nijdam;1
Stadsontwikkeling;1
Stafleu;1
Stam;2
Stassen;6
Staudt;8
Stavenga;1
Stede Broec;2
Steege;41
Steege, B. ter,;1
Steen;1
Steenbakker;24
Steenbakker MA;3
Steenbakker MSc;1
Steenken;1
Steijsiger;37
Steijsiger MSc;2
Steijsiger, E., ten Broeke, E.M., Holl, J.;2
Stellingwerf;33
Sterk;9
Stet;5
Steur;1
Stevens;152
Stevens F.;4
Stevens, F., R. de Groot;1
Stibrányi;1
Stiekema;1212
Stiekema, M., H.M. van der Velde, F.S. Zuidhoff;1
Stiekerma;1
Stijn van;1
Stikker;1
Stiller;53
Stiller D.R.;1
Stiphout;11
Stoepker;9
Stoffels;1
Stoker;12
Stokkel;55
Stokkel, P., M. Botermans, N. van Malssen;1
Stolk;23
Stolk MA;10
Stoll;25
Stoll M.;2
Stoop;7
Stoop MA;1
Stoops;1
Stoots;30
Stoots MA;4
Storm;10
Stover;4
Straten;47
Strijker;1
Stronkhorst;22
Struick;1
Struik;1
Stuurman;5
Stöver;4
Suer;5
Sueur;45
Sueur (bureauonderzoek;1
Suijlekom;14
Suijlekom, J.J. van  ;1
Suijlenkom;1
Suijlenkom, J. van, C. Bezemer-de Vugt, E. de Boer;1
Suilekom;1
Suurmond-van Leeuwen;16
Swinkels;1
T;4
T Eijgenraam;1
T Houwman;3
T Maalderink;3
T Nales;3
T Vanderhoeven;1
T.;1
T. Beukelaar – van Gulik;40
T. Beukelaar- van Gulik;1
T. Beukelaar-van Gulik;1
T. Bongers MA.;1
T. Maalderink MSc.;1
T. Sibma e.a.;1
T. Vanderhoeven (red.);1
T. Vanderhoeven et al.;1
T.E. Porreij-Lyklema MA.;1
T.S van Cruchten;3
T.S van Cruchten ;1
T.Y.M. Bongers MA.;4
TICHELMAN;2
TN;11
TN   M Rem;1
Taayke;2
Take;1
Takken Beijersbergen;1
Takken-Beijersbergen@;1
Talle Burger;1
Talle-Burger;1
Talle-Burger MA;1
Tebbens;66
Teekeens;2
Teekens;578
Teekens, P., Haar,L. van der.;1
Teeuwisse;4
Tejero;6
Tejero ;1
Tejero MA;1
Tejero Y Cedillo;19
Tejero Y Cedillo MA;1
Tejero y Cedillo;2
Temminck Groll;8
Ten Broeke;1
Ten Have-Gareman;2
Tent;1
Ter;1
Terblijt;1
Terhorst;517
Terlouw;1
Terluin;2
Terneuzen;1
Terryn;6
Teunissen van Manen;2
Teus Koorevaar met een bijdrage van Cees van der Esch;1
Tews;10
Th. Spek et al.;1
Thanos;32
Thasing;19
Theelen;44
Theeuwisse;1
Theo de Jong.  ;1
Therkorn;1
Theunissen;22
Theunissen, E.M., J. van Doesburg, P. Vos;1
Theunsissen;1
Theuws;6
Theuws (Editors);1
Thijs;203
Thijs, W.J.F., K.M. van Dijk ;1
Thijssen;8
Thomas Spitzers met een bijdrage van Gerard Boreel;1
Tichelman;149
Tichelman, G., L. van Diepen ;2
Tier;5
Tier MA;1
Tillo;1
Timmeran;1
Timmerman;110
Timmerman MA;1
Timmermans;30
Timmers;81
Timmers, A., Rijk, P.T.A. de, Depuydt, S.;1
Timo vanderhoeven;1
Tn;1
Tol;206
Tolboom;86
Tolsma;182
Tom Ezra de Rijk;1
Toonen;4
Toonen BSc;1
Tops;40
Tops. B.P.C.A.;1
Torremans;37
Torremans (eds);1
Tousain;5
Transect;2
Trappenbrug;1
Treder MA;2
Treling;4
Trierum;8
Trijneke Sibma (red.);3
Troelstra;18
Troost;2
Troostheide;1
Trump;2
Tuijn;2
Tuin;64
Tuin (bijlage 4);1
Tuinman;109
Tuinstra;68
Tuinstra MA;12
Tulp;622
Tulp (senior archeoloog);1
Tulp, C., A. van Waveren;2
Tulp, C., N. van der Mei;2
Tulp.;3
Tulp. C.;6
Tump;255
Tump, M., J.F. van der Weerden;1
Tump. M.;8
Tump.M.;1
Tunker;67
Tunker MA;2
Tupl;1
Turner;1
Tussenbroek;3
Tysoe;7
Uffink;83
Ufkes;37
Uleners;95
Utrecht;1
V.;1
VAN DER HEIJDEN;1
VAn putten;1
VERHOEVEN;1
VErschoof BA;1
Vaars;256
Vaart;1
Vader;1
Vader MSc;1
Vaessen;138
Valcckx;1
Valckx;79
Valckx, L., H. Kremer, B. van den Berkmortel;1
Valckx, L., J. Leuvering,B. van den Berkmortel;1
Valentijn;31
Valk;8
Valkx;1
Valxckx;1
Van Ams;1
Van Baelen;1
Van Beek;1
Van Benthem;1
Van Bostelen;2
Van Breda;2
Van Campenhout;24
Van Daele;1
Van Dasselaar;2
Van Dijk;13
Van Essen;9
Van Essen T.;2
Van Hal;1
Van Horssen;1
Van Jole;1
Van Kempen;2
Van Kempen M.;3
Van Kempen M. R. X.;3
Van Kerkhoven;9
Van Kerkhoven MA;1
Van Keulen;1
Van Leeuwen;3
Van Lil;7
Van Lil, R., van den Brenk, S.;1
Van Looveren;102
Van Luijtelaar ;1
Van Luling;1
Van Oosterhout;4
Van Os;1
Van Raan - Onderwater;1
Van Remoorter;13
Van Renswoude;1
Van Rooij;2
Van Wijk;1
Van Wilgen;2
Van Zon;1
Van Zuilen;1
Van de Velde E.;1
Van de Water;4
Van den Berg;2
Van den Brenk, S.;12
Van den Brenk, S., van Lil, R., van der Woude, T., Graven, J.;1
Van den Bruel, L,  J.-M. Vroomans, S. Beumer, K. de Vos.;7
Van den Engel, H.W.D. ;1
Van den Engel, H.W.D. - Moerman, S. ;1
Van den Engel, H.W.D., De Kramer, J. ;1
Van den brenk, S.;1
Van der Heul, J.S.;2
Van der Heul, J.S. ;1
Van der Horst, E.;1
Van der Kuijl, E.E.A.;1
Van der Kuil, E.E.A., D. Woolschot;3
Van der Roest, J.;1
Van der Roest, J.,;1
Van der Veken, B.;7
Van der Veken, B. ;3
Van der Veker, B. ;1
Van der Wal, M, B. Vermeulen ;1
Van der Wal, M., A. Berends ;2
Van der Wal, M., E. Mittendorff ;1
Van der Weerden, J.F;1
Van der Weerden, J.F.;1
Van der Zee,R.;1
Van der feest, N.J.W. ;1
Vanden;2
Vanden Borre;10
Vanden Brenk;1
Vanderbeken;3
Vanderhoeven;179
Vandervelde;4
Vandevalde;1
Vandevelde;14
Vandevelde, J., A. van Benthem;1
Vandevelde, J., W. Jezeer, P. de Boer;1
Vanneste;30
Vanoverbeke;36
Vansweevelt;79
Vansweevelt ;2
Vansweevelt J.;1
Varwijk;41
Varwijk BA;1
Varwijk MA;36
Varwijk MA (RAAP;1
Vautier;1
Veen;222
Veen - Gerritsen;27
Veen MA;43
Veen Ma;2
Veen van, M.M.A.;1
Veen-Gerritsen;3
Veendendaal;2
Veenendaal;76
Veenstra;394
Veenstra MA;4
Veenstra, H., D. van den Berg;15
Veenstra, H., T. ten Anscher;1
Veenstra. M.E.;1
Veenstraq;1
Veentra;1
Veerkamp;106
Veerman;1
Veken;26
Veken van der,B.;1
Veken, B. van der (red.);1
Veken, van, der, B.;1
Veld;1
Velde;76
Velde MA;28
Velde, E. Van de, Valckx, L.F.M., Koeman, S.M.;1
Velde, E. van de, D. Hagens, H. Kremer;1
Velde, E. van de, D. Hagens, J. Leuvering;1
Velde, E. van de, D. Hagens, S. Koeman;1
Velde, E. van de, D. hagens,J. Leuvering;1
Velde, E. van de, D.T.P. Hagens, H. Kremer;1
Velde, E. van de, L Valckx,S. Koeman, T. Deville;1
Velde, E. van de, R. Nillesen, J. Leuvering;1
Velde, E. van de, R. Nillesen,J. Leuvering;1
Velde, E. van de, T. Deville;1
Velde, E. van de,R. Nillesen,S. Koeman;1
Velde, E. van der, D.T.P. Hagens, S.M. Koeman, S. Houbrechts;1
Velde, E. van der, D.hagens,H. Kremer;1
Velde, E. van der, R. Nillesen,J. Leuvering;1
Velde, H. van de, S. Ostkamp, H. Veldman, S. Wyns;3
Velde, H.M. van der e.a.;2
Velde, P. van der, H. Fokkens;3
Velde,E. van de.Hagens,D.Kremer,H.;1
Velden;2
Velden (Medusa);1
Veldhuis;46
Veldhuizen;20
Veldhuizen MA;74
Veldman;23
Veldman (red);1
Veldman (redactie);8
Veldman H.A.P.;2
Veldman. H.A.P.;1
Veldonderzoek;2
Veldonderzoek (IVO);1
Velp (Haskoning);1
Velthuis;68
Velzen;4
Vendervelde;1
Venema;2
Venhuizen;1
Venne;37
Venrooij;10
Vente;1
Veraa;1
Verbaas;14
Verbeek;136
Verbeek C.;1
Verbeel;1
Verboom;6
Verboom - Jansen;1
Verboom- Jansen;3
Verboom-Jansen;546
Verboom-Jansen MSc;15
Verboom-Janssen;1
Verboom-jansen;2
Verbruggen;17
Verduin;69
Verelst;18
Vergouwen;1
Verhagen;63
Verhagen MA;20
Verhamme;12
Verhart;3
Verhees;1
Verheij;116
Verheij MSc;7
Verheijden;2
Verhelst;77
Verhoeven;509
Verhoeven BA;1
Verhoeven M.P.F.;1
Verhoeven MA;1
Verjhelst;1
Verkade;6
Verlinde;1
Vermeeren;1
Vermeeren ;1
Vermeersch;16
Vermeulen;26
Vermeulen-Bekkering;1
Vermiunt;1
Vermoolen;141
Vermue;8
Vermunt;32
Vermunt, M., H. van der Kallen;1
Verneau S.M.J.P.  Hogestijn W.J.H.;1
Verniers;41
Vernimmen;3
Verpoorte;1
Verpoorten;1
Verschoof;10
Verschoof BA;4
Verschoof MA;34
Verschoor;41
Verschoor BA;2
Verschoor MA;1
Verschoor, G., H. van den Engel;4
Verschuren;146
Versendaal;1
Verspay;17
Verspay-Frank;3
Verspay-Frank (Cuir Connu);6
Verspray;1
Verweij;54
Verweij (Bureau Waardenburg);6
Verweij. J.P.F.;1
Verwoert;1
Veselka;1
Veselka (LAB);1
Veugelink;1
Vidal;1
Viersen;4
Vink;2
Vis;2
Visscher;48
Visscher H.C.J.;2
Visser;289
Visser - van Jole, N.J.G. de;1
Visser, C.A., F.P.J. van Puijenbroek, J.P. Flamman;1
Visser, C.A., F.P.J. van Puijenbroek, W.A.M. Hessing;1
Visser-Poldervaart;10
Vissers;52
Vissinga;372
Vissinga, A., L. van der Haar;1
Vissre;1
Vlaardingen;1
Vlerk;1
Vletter;2
Vleugels-Hübner;1
Vlieks;133
Vlierden;1
Vliet;2
Voetem;1
Voeten;90
Voeten, D., E. de Boer;1
Voeten. D.F.A.E.;1
Volleberg;5
Vollgraff;1
Vollselman;1
Vondel;2
Vonk;2
Voogd;7
Voorst;3
Vos;101
Vos (Deltares);1
Vos A.;1
Vos P.;3
Vos, K. de, M. van der Weele;1
Vos, S. de, E. de Boer;1
Voskuilen;2
Vosselaar;2
Vosselman;259
Vosselman J.;1
Vosselman MA;48
Vosseman;1
Vossen;232
Vossen);1
Vossen, I., L. van der Haar;1
Vossen,I.Haar,L. van der.;1
Vossenberg;2
Vosser;1
Vossselman;1
Vrede;5
Vredenbregt;6
Vreede;1
Vreenegoor;1
Vrielink;15
Vries;138
Vries (Medusa);1
Vries MA;8
Vries, J. de, R. Berkvens;1
Vrieze;1
Vrijheidshof te Nijkerk;1
Vromen;2
Vroomans;216
Vroomen;1
Vukkink;10
W;14
W Brouwer;6
W.;1
W. Deitch – van der Meulen;1
W. Deitch-van der Meulen;2
W. Deitch-van der Meulen ;1
W. Roessingh e.a.;1
W.A;1
W.B. Verschoof-van der Vaart;2
W.B. Verschoof-van der Vaart MA;43
W.B. Verschoof-van der Vaart MA ;8
W.F. Reigersman-van Lidth de Jeude;4
W.S.van de Graaf;1
WIjker;1
WIjnen;53
WIlbers;5
WJH;1
Wa;1
Waagen;1
Waal;18
Waard;5
Waasdorp;21
Waasdorp (BO);1
Waasdorp ea;2
Wagemans;12
Wageningen;1
Wageningen van;1
Wagner;178
Wagner, A., R. Engelse, C. van Eijk;2
Wagner,A.Ham van der,N.;1
Wagner,A.Ham,N. van der.;3
Waijen;1
Waijjen;2
Wal;232
Wal Bart Vermeulen;1
Wal RAAP Archeologisch;1
Wal ter,A.;1
Wal ter,A.Kalisvaart,C.;1
Wal, F. van der, B. Nieland;1
Wal. A.;1
Waldus;169
Waldus W.D. et al.;1
Waldus, W., A.F.L. van Holk, S. v.d. Brenk;1
Waldus, W., K. van Campenhout, S. van den Brenk;1
Waldus, W., K. van Campenhout, S. van den Brink;1
Waldus, W., S. van den Brenk;1
Waldus, W.B., K. van Campenhout ;2
Waldus, W.B., S. van den Brenk;3
Wallinga;4
Walstra;28
Wanders;2
Warmerdam;52
Warmerdam BA;1
Warmerdam Ma;1
Warming;4
Warning;330
Warning, S., S. de Kruif;1
Warnning;1
Warrimont;1
Wassink;20
Water;10
Waterbolk;1
Waterlander;1
Wattel;1
Wattenberghe;202
Wattenberghe J.E.M.;11
Waugh;5
Waveren;52
Weekers;2
Weekers-Hendrikx;83
Weele;7
Weele, M. van der, F. Kortlang;2
Weele, M. van der, S. Beumer, M. Teeuwisse;1
Weenen;30
Weenen, R. van, M. van Dasselaar;1
Weerd;16
Weerden;105
Weerden van der,J.;1
Weerden, J. van der, A.C. van de Venne, P. Dijkstra;1
Weerheijm;683
Weerheijm, W.J., B. van Munster, K. Klerks;1
Weerheijm, W.J., K. Klerks, R.M. van Heeringen;1
Weerheijm, W.J., R.M. van Heeringen, K. Klerks, E. Louwe;1
Weerheim;19
Weert;1
Weerts;6
Wees;9
Wei?-König;1
WeiB-K÷nig;3
Weide;1
Weijdema;1
Weinans;4
Weiss;1
Weiss-Koenig;1
Weiss-König;1
Weiss-konig;1
Weistra;3
Wei¯-K(nig;1
Wei¯-K÷nig;3
Wei¿À-Konig;12
Weiß-König;6
Wemerman;142
Wemermans;1
Wentink;14
Werink;2
Wesdorp;30
Wesdorp ;2
Westdorp;1
Wester;1
Westra;33
Westra MA;7
Westra Ma;2
Wetemans;1
Wetering;1
Weterings;60
Weterings, P., M. van Putten;2
Wetten;2
Wetten, H.J.W.C. van, S.M. Koeman;5
Wever;8
Weyden;1
Wiel;1
Wielemaker;8
Wieping;1
Wiepking;3
Wieren;13
Wieringa;149
Wieske;21
Wieske MA;2
Wijdeven;3
Wijk;75
Wijk (red);2
Wijk, I. van, A. Verpoorte, J. de Moor;1
Wijk, I.M. van, R. jansen, E.A.G. Ball;1
Wijker;74
Wijn;1
Wijnen;374
Wijnen (Laagland Archeologie);2
Wijnen (booronderzoek);1
Wijnen-Jackson;2
Wijns;1
Wijsenbeek;9
Wijshake;1
Wijsman;9
Wilber;1
Wilbers;780
Wilbers, A., H. van Klaveren;1
Wilbers, A., H. van den Engel;3
Wilbers, A., J. de Moor, J. de Kramer;1
Wilbers, A., J. de Moor, J. de Kremer;1
Wilbers,A.Feest van der,N.;1
Wilbert;1
Wilbes;1
Wilde;31
Wildenberg;38
Wilgen;389
Wilgen ;1
Wilgen van;2
Wilgen van,L.;2
Wilgen van,L.R.;1
Wilgen, L. R. van,;1
Wilgen,L. van.;1
Wilgens;3
Wilhen;1
Wilkins;1
Willams;2
Willem Cremers m.m.v. Roeland Heuff;1
Willems;19
Willemse;85
Willemsen;1
Willemstein;2
Williams;74
Williams-Kodde;10
Willigen;4
Wilmer;2
Wiltinge;1
Wiltjer;16
Winia;2
Wink;163
Winnk;1
Winssen;1
Winsum (GR);1
Winter;180
Winter, J. de, C. Kalisvaart;1
Winterswijk;27
Winterswijk MA;1
Wispelwey;15
Wit;465
Wit MSc;2
Wit Msc;3
Wit de,M.Bergsma,G.;1
Wit de,M.Verkerk,J.;1
Wit, M. de, G. Bergsma;9
Wit, M. de, J. Verkerk;1
Wit, M. de, M. Botermans;1
Witmer;146
Witmer BA;2
Witmer MA;20
Witmond;2
Witte;24
Witteveen;1
Wittka;4
Wojciechowska – Treder MA;1
Wojciechowska-Treder;2
Wolf;9
Wolf BA;2
Wolff;18
Wolff MA;3
Wolters;2
Woltinge;35
Wolzak;46
Wolzak MSc;92
Wolzak Msc;8
Woolschoot;2
Woolschot;9
Woolschot MA;3
Woolschot MSc;283
Woolschot Msc;5
Woolschot Verheij;1
Woolschot, D., E.E.A. van der Kuil;2
Woolschot-Verheij;3
Woolschot-Verheij MSc;9
Wooslchot MSc;176
Wormerland (NH);1
Worst;1
Wullink;710
Wullink ;1
Wullink (ARC bv);1
Wullink, A.J., van den Brenk, S.;2
Wullink,A.Roller de,G.;2
Wynia;14
Wyns;9
Wytema;1
X.C.C;1
X.C.C van Dijk;1
XXX;1
Y;4
Y Burnier;1
Y den;4
Y. Lammers-Keijsers (red.);1
YTSMA;1
Ystma;1
Ytsema;1
Ytsma;118
ZIjverden;1
Zalingen;2
Zalm;3
Zandboer;24
Zandstra;1
Zanten;33
Zanting;43
Zanting BA;1
Zantingh;1
Zee;772
Zee van der, R.;1
Zee van der,R.;1
Zee, R. van der, D. Hagens;1
Zee, R. van der, M. Wagemans, J. Leuvering;1
Zee, R. van der, W. van Breda;1
Zee, R.M, van der,;2
Zee, R.M. van der Zee;2
Zee, R.M. van der em D.R. Stiller;1
Zee, R.M. van der,;1
Zee, R.M. van der, Eijgenraam, G.T.;1
Zee, R.M. van der.;1
Zee, R.M., van der,;2
Zee, van, der, R.M.;1
Zeiler;17
Zessen;21
Zessen van,J.;1
Zessen van,J.W.;1
Zickel;1
Zielman;206
Zielman MA;84
Zielman MA Projectcode: REDM;1
Zielman, G., R. den Boer;3
Ziengs;3
ZijI;1
Zijl;88
Zijlmans;2
Zijpp;2
Zijverden;54
Zijverden, W.K. van, I. Devriendt, J.J. Hekman;1
Zijverdern;2
Zilverbeek te Hall;1
Zollingen;1
Zon;113
Zon MA;1
Zonjee;2
Zonneveld;1
Zoolingen;51
Zoolingen van, R.J.;1
Zoolingen, J. van, E.C. Rieffe;1
Zoutman;2
Zuidhof;4
Zuidhoff;95
Zuidhoff F.S.;1
Zuifhoff;1
Zutphen;1
Zuyderwyk;1
Zwart;1
Zwarte;4
Zwet;61
Zwet, E. v.d., B. van Hoof;1
Zwet, E.J.M. van der  ;1
Zwet, E.J.M. van der Kroft, P. van der;1
Zwiesereijn;1
`;1
al.;2
amsing;1
amsng;1
anderen;2
appel;1
archeologie);3
archeologisch bureau-;1
archeologisch bureauonderzoek;2
archeologische begeleiding;2
archeologische opgraving achter  Kerkstraat 27-29 te Hattem;1
archeoloog);1
arinelli;1
arts;1
b e e r e n;2
bakker;2
beckers;1
beek;1
begeleiding;1
begeleiding Protocol proefsleuven;1
begeleiding Raquerdermaar nabij De Vennen;1
benjamins;2
berg;5
bergh;5
berghe;3
bergman;1
bergman, W., J.J.F. hubers, E.E.A. van der Kuijl, M. Nieuwenhuis;1
bergsma;1
berk;1
bex;1
bijdragen: Y: Raczynski-Henk;1
boer;6
boon;1
booronderzoek;2
booronderzoek);1
boorstaten;1
bosch;1
boshoven;1
bosma;1
brenk;1
brouwer;18
bruin;1
bureauonderzoek;8
bureauonderzoek (BO);1
d 'Hollosy;3
d Jong;2
d eJongh;1
d er Mijle Meijer;1
d'Hollosy;22
d'Hollsy;1
d'Hondt;1
daniel;1
dasselaar;1
de;1
de Boer;5
de Bondt E.;1
de Bruin;1
de Graaf;1
de Jong-Lambregts;1
de Jonge;5
de Jonge MA;2
de Jongh;2
de Koning;2
de Kramer;6
de León Subías;3
de Moor;4
de Ridder;6
de Rijk;3
de Roller;2
de Roode;3
de Rue;2
de Ruijsscher;11
de Ruijsscher ;1
de Ruiter;3
de Winter;4
de raad;1
definitief archeologisch onderzoek in het plangebied Randweg West te Nederweert;1
den Boef;1
den Borre;2
den Braven;3
der Kuijl;1
derhoeven;1
deville T.;1
diepen;2
diependaal;1
dorenbos;1
dorst;3
dr, ing.R. de Leeuwe;1
dr. M.J.P. Gouw Redactie drs.;3
dr.Y.T van Popta;1
drs;1
drs ing G.J. de Roller;1
drs. A. A.;1
drs. E.H.L.D. Norde.;1
drs. J.;1
drs. L. Diepen.;1
drs. R.A. Hulst c.s.;1
drs. T. Deville.;1
drs.A ter Wal;1
drs.B. v;2
drs.B.J.H.M. van den Berkmortel (fysisch geograaf) drs.D.T.P. Hagens (historicus);1
drs.C. Tulp (met een bijdrage van drs.E. Drenth);1
drs.E van de Velde;1
drs.E van der Laan;1
drs.E. Hoven met een bijdrage van J. Kranzbühler MA (fysische antropologie)d;1
drs.E.E.A van der Kuijl;3
drs.E.E.A. van der Kuijl (red.);4
drs.E.E.A.van der Kuijl;50
drs.G.J. de Roller.;1
drs.H.B.G. Scholte Lubberink met een bijdrage van F.J. Koolstra;1
drs.I van Wijk;1
drs.I.A. Schute (met bijdragen van S.B.C. Bloo (BAAC);9
drs.J;1
drs.J de Winter;1
drs.J. Kiburg met een bijdrage van drs.F. Stevens;1
drs.J.B;1
drs.J.H.F. Leuvering (fysisch geograaf) met   bijdragen  van drs.B. Berk;1
drs.J.L van Beek ;1
drs.J.T van Gent ;1
drs.J.T van Gent (RAAPNoord);9
drs.J.Y Huis in 't Veld;1
drs.J.Y huis in't Veld;1
drs.J.Y. Huis in 't Veld;99
drs.J.Y. Huis in 't Veld ;2
drs.J.Y. Huis in t Veld;5
drs.J.Y. Huis in ¿t Veld;1
drs.J.Y. Huis in ‘t Veld;11
drs.J.Y. Huis in ’t Veld;20
drs.J.Y. Huis in ’t Veld ;1
drs.K. van den Berghe MA. ;1
drs.K.J van den Berghe;3
drs.K.J van der Berghe;1
drs.K.J. Van den Berghe;2
drs.K.J. van den Berghe (Senior KNA-Archeoloog)en H.N. de Koning;1
drs.L van Diepen;1
drs.M. van Eck van der Sluijs;1
drs.M.E. van Kruining met een bijdrage van dr.G. Aalbersberg;1
drs.M.S. Lesparre- de Waal;1
drs.N van der Feest;31
drs.P van der Kroft;1
drs.P. van- der Kroft ;4
drs.R. van der Mark W. Kemme (MA);1
drs.T.J ten Anscher;1
drs.X van Dijk;1
drs.X.C.C van Dijk;1
drs.X.C.C. van Dijk. Met bijdragen van: T. Ernst;1
drs.bc. A.H. Schutte met bijdrage van  S. Bloo;1
drs.ing.N van der Feest;24
drs.ing.N.J.W. Van der Feest;1
drs.van der Kuijl;1
du Pied;5
du Piêd;16
d’Hollosy;1
e e a van der kuijl;1
e r a r d Bor e e l Zuidnederlandse;1
e.a.;2
ederpelt;1
een bijdrage Antefix;1
eimerman;1
eimermann;1
erg;1
et al.;10
exaltus;3
fase;2
fase Linthorst-Homankanaal te Beilen;1
feiken;1
geen;2
geerts;1
gemeente  Hattemde vorm van proefsleuven in  Hattem;1
gemeente Valkenburg aan de Geul;1
geograaf);3
gestel;1
groenendijk;1
groenhuijzen;1
groot;5
haar;2
haaring;1
hagens;1
hakvoort;1
hamburg;1
hartog;2
hartog (Transect);1
hebinck;5
heijden;1
heirbaut;1
hekman;1
helmich;1
hendriksen;1
hensen;2
hesnen;1
heul;1
heunks;1
hoegen;7
hoof;4
hos;1
hoven;2
ijl;1
ilson MA;1
in de historische binnenstad van Nijmegen;1
inventariserend  veldonderzoek;1
inventariserend veldonderzoek;1
inventariserend veldonderzoek door middel van boringen (verkennende fase);1
inventariserend veldonderzoek in de vorm van een verkennend;2
inventariserend veldonderzoek in de vorm van een verkennend booronderzoek;1
ir.G.H de Boer;2
irving;1
j;1
jANSEN;2
jacobs;2
jagt;1
jans;2
jansen;1
janssens;1
jayasena;1
jeneson;1
jonge;5
jongh;1
jordanov;2
k o o t e n;2
kV-station Bloesemlaan 21 te Zeewolde;1
kamp;1
karterend booronderzoek;1
karterend onderzoek inzake reconstructie N280 te Roermond;1
keijers;2
keijrs;1
kempen;2
kerckhove;1
kerkhoven;1
klooster;4
knapen;4
koekkelkoren;4
koekkelkoren wilbers;1
koeman;1
komen;1
koopmanschap;2
koot;2
kortlang;1
kraan;1
krekelbergh;5
kremer;3
krist;1
kroft;1
krol;2
krol-Karsten;1
kruidhof;10
kruif;1
kruining;3
kruithof;1
ksen;1
kuppens;1
l a Fèber;1
la FFber;33
la Feber;8
la Fèber;136
la Féber;2
laan;2
le Biannic;1
le Cotey;8
leijnse;1
lenting;1
leuvering;2
linde;3
louwe;3
luytelaar;1
lß Feber;1
m van der;2
mei 201;1
meij;1
mendelts MA;1
met bijdr.van N.L. Jaspers ... [et al.];1
met bijdrage van A. Pavlović;1
met bijdrage van A.G.S. Pleszynski;1
met bijdrage van E.C. Rieffe;1
met bijdrage van J. de Kramer;1
met bijdrage van drs.B.J.G. van Snippenburg;1
met bijdrage van: Diependaal, S ;1
met bijdrage van: Hagens, D.T.P.;1
met bijdragen van  A. Kuiper;1
met bijdragen van : J.M. Bos;1
met bijdragen van A. Griffioen;1
met bijdragen van A. Kuiper;4
met bijdragen van A. de Boer;2
met bijdragen van A. de Boer ... [et al.];1
met bijdragen van A.M. Brakman ... [et al.];1
met bijdragen van B.J. Mooij;1
met bijdragen van C. Nooijen;1
met bijdragen van C.K. Nooijen;1
met bijdragen van Carola Nooijen;1
met bijdragen van E. Drenth;1
met bijdragen van F. Bunik ... [et al.];1
met bijdragen van F. van der Chijs ... [et al.];1
met bijdragen van F.A. van der Chijs;1
met bijdragen van G.T.C. Van den Berg;11
met bijdragen van Gazenbeek;1
met bijdragen van H. Buitenhuis;1
met bijdragen van H. Damen;2
met bijdragen van H. van Haaster;1
met bijdragen van H.H. Bürmann;2
met bijdragen van I. de Rooze;1
met bijdragen van J. Jelsma ... [et al.];1
met bijdragen van J. de Moor;4
met bijdragen van J.E. Robb;3
met bijdragen van J.P. Mendelts;1
met bijdragen van Juliet E. Robb;1
met bijdragen van L. van Beurden;5
met bijdragen van L. van Beurden ... [et al.];1
met bijdragen van M. Bijlsma ... [et al.];2
met bijdragen van M. van Dinter;3
met bijdragen van M. van Dinter ... [et al.];5
met bijdragen van M. van Rijn MA;1
met bijdragen van M.C. Blom;2
met bijdragen van M.J.L.Th. Niekus;1
met bijdragen van N. Jaspers;4
met bijdragen van N. Prangsma;1
met bijdragen van P. Kleij;1
met bijdragen van P.G. Alders ... [et al.];1
met bijdragen van S. Lange;1
met bijdragen van S. van Lochem;4
met bijdragen van S.B.C. Bloo;3
met bijdragen van W. Stellingwerf ;2
met bijdragen van W. van Zijverden ... [et al.];1
met bijdragen van W.K. van Zijverden ... [et al.];8
met bijdragen van de heren  C.G. Koopstra;1
met bijdragen van de heren  H. Buitenhuis;1
met bijdragen van dr.P.Bringmans;1
met bijdragen van dr.S.Ostkamp ;1
met bijdragen van drs J.T. van Gent;1
met bijdragen van drs.K.L.B.  Bosma;1
met bijdragen van drs.K.L.B. Bosma;3
met bijdragen van drs.M.S. Jordanov;1
met bijdragen van: A. de Boer ... [et al.];1
met bijdragen van: C. Nooijen;1
met bijdragen van: G. Williams ... [et al.];1
met bijdragen van: R.J.M. van Genabeek ... [et al.];1
met bijdragen van: Th. Spek;1
met bijdragen van: drs.K.L.B. Bosma;2
met een bijdrage van   G.J. de Roller;1
met een bijdrage van A. De Boer;1
met een bijdrage van A. Kuiper;1
met een bijdrage van A.Kuiper;1
met een bijdrage van A.W.E. Wilbers;1
met een bijdrage van B.J. Mooij;2
met een bijdrage van C.G. Koopstra;1
met een bijdrage van J. de Kramer;1
met een bijdrage van J. van Doesburg;1
met een bijdrage van J.A. den Braven;1
met een bijdrage van J.J.W. de Moor;1
met een bijdrage van K. Bosma;2
met een bijdrage van K. HГ¤nninen;1
met een bijdrage van M. van Dinter;1
met een bijdrage van M.E. van Kruining;1
met een bijdrage van R. Cappers;1
met een bijdrage van S. Ostkamp;1
met een bijdrage van T.A. Goossens;2
met een bijdrage van W.K. van Zijverden;1
met een bijdrage van dr.P.T.A de Rijck;1
met een bijdrage van drs.B. Jansen;1
met een bijdrage van drs.J. van der Laan (Cambium);2
met een bijdrage van drs.K.L.B. Bosma;1
met een bijdrage van: W.J. Kuijper;1
met een bijdrage van: drs.M. Jordanov;1
met medewerking van R. Machiels;1
mittendorff;4
moerman;11
moerman wilbers;7
n Looveren;1
n Wijk;3
n.v.t.;1
nales;2
nijdam;1
nillesen R.;1
nvt;5
oever;3
oller;1
onbekend;135
onderzoek;2
onderzoek met boringen;1
oof;1
oosterbaan;2
oosterhout;1
opdebeeck;1
opgraving;2
orbons;1
oshoven;1
osselman;2
oster;1
ostert;4
ostkamp;1
ouwerkerk;2
peeters;1
percelen Zesstedenweg 10-12;2
plangebied Voltaweg te Echt;1
ponten;3
proefsleuven;1
pronk;1
r a r d B o r e e l;1
raad;3
rap;1
rapportage archeologische begeleiding plangebied Kerkstraat;1
ras;1
red: W.F. Reigersman-van Lindt de Jeude;1
reinstra;1
rijlaarsdam;1
ringenier;1
roller;1
rooze;6
schorn;11
schutte;2
smole;1
spoelstra;5
sprengers;1
steijsiger;2
stiekema;4
sueur;1
taak;2
te Amstenrade;1
te Axel;1
te Broeke;3
te Kiefte;52
te Kiefte MA;10
te Oostelbeers;1
team;1
teekens;1
ten;2
ter Wal;1
test;2
test,R.;1
test,r.;1
thijs;1
tol;1
uleners;1
vaars;1
van  Dalfsen;1
van Benthem;1
van Boldrik;3
van Borselen;1
van Breda;2
van Cruchten;1
van Dasselaar;2
van Dijk;1
van Dijk ;1
van Enckevort;4
van Geffen MA;1
van Hemert;1
van Horssen;2
van Kampen;2
van Kappel;1
van Kempen;1
van Leeuwen;2
van Lil;10
van Luytelaar;2
van Munster;1
van Oosterout;1
van Os;2
van Rooij;7
van Rooijen;2
van Stiphout;1
van Straten;1
van Veen;3
van Voorst J.F.;2
van Waveren et al.;1
van Wetten;1
van Wilgen;3
van Zanten;1
van de Merwe;1
van den Berghe;1
van den Brenk;1
van den Brenk, S.;6
van den Heuvel;2
van den oever, E.A.;1
van der Feest;2
van der Feijst, L.M.B.;1
van der Heul;3
van der Heul, J.S.;1
van der Weide ;2
van der Zee, R.M.;1
van der Zee, R.M. ;1
vanGenabeek;3
vandenbosch;1
varwijk MA;1
vd Berkmortel;3
vd Haar;1
vd Heijden;1
vd Kuijl;2
vd Velde;3
veen;3
veerkamp;18
velde;1
veldonderzoek  (verkennend booronderzoek);1
veldonderzoek (BO;1
veldonderzoek (Bo;1
veldonderzoek (verkennend booronderzoek);1
veldonderzoek - verkennende fase Binnenhavenstraat 55 te Hengelo;1
veldonderzoek-boringen;1
verbeek;1
verboom-Jansen;1
verhelst;1
vermunt;2
verschoof;6
ville;2
visser;1
voor Archeologie Rapport 314;1
voor Archeologie Rapport 319;1
vooronderzoek:  een bureauonderzoek;1
vooronderzoek: een bureau-;1
vooronderzoek: een bureauonderzoek;3
vos;1
vroomans;1
wal;7
warning;3
wattenberghe;6
weerden;1
weerheijm;3
wemerman;1
wijnen;1
wilbers;9
wullink;2
x;1
ytsma;1
zee;5
zielman;2
’t Hart;3
’t Hoff;2
