;58622
00484f41-d5d3-a8c3-5c5e-2f5c70c9bf55;2
01e69e9c-e4c7-1e38-5fee-2e0fabaa1295;7
04dfe34b-9a7a-3a47-a650-9ac5d805a0bb;1
05c9f2c3-3cd1-9c50-280d-33ffe99ebdb2;65
05feb41a-fb1b-2497-c8c8-5d7cf6d12dcd;23
07067686-de6e-a3f5-c2f9-cb36546ee683;7
07496fe2-3f47-1099-2318-a915879f9243;18
076bebf0-e796-267a-4db6-2d74e2c4c948;2
08d6629d-7e88-6550-7ac7-5546bd14888b;1
09119900-3a69-5a57-940a-c144b1f6243b;9
0a09a1e3-5abc-137a-0d22-9e4eb094fdbd;8
0ac0a85a-1179-7e5f-2a7d-7df53be0e811;3
0ac20edf-dee3-33eb-2ffa-6487f31ee6a0;4
0b2212a4-cda7-21d5-97cb-e68cf0dbc531;34
0baa608a-a2aa-372c-cf57-102588d9231f;9
0baa7e73-e600-badc-ca6a-f9bb2a91de7d;1
0bdb5cba-127d-f967-6f88-10f528a0c973;1
0c98f78a-b112-caa7-bee7-8f159430e245;5
0d4cf42e-3181-3567-234d-95db3696bb44;10
0e40f9c3-181e-711e-d4c3-689ff3792057;4
0f080026-9ebd-8655-7a24-f0e2cd32d381;6
0f57757f-82ab-5f21-f196-0d10906d2c3e;3
0f97610a-3a43-e944-8106-da66e0da26a4;4
11a426be-2297-8d70-2a97-2af9db8ae771;34
128979e9-934f-583d-36c8-9f6f7cd4a625;1
138d5400-d196-f72d-1885-b38f4331f5f4;1
13c7c915-2a43-ee0d-fb8b-2eb3fe82b11f;12
14e1df89-9a6c-0f61-8cce-0b4c39d26746;2
16cde56f-cefa-0949-3bd5-83ab00b608cf;31
1b895df7-d08d-b370-839e-360324d411d4;2
1e6efa7c-cdd1-5bea-0dda-151e8c93e267;4
21616e52-363c-0912-7c70-7cef28bfc569;2
2162dc8d-2ba4-39a6-a10c-96a4e16e7e90;6
22141880-7ed3-8604-589c-5360b4c9204a;22
23c14e94-f35f-f1a7-81cf-a5c5d851b297;1
26670f7a-6004-e1b8-beae-404edeb9e8b4;1
279399f9-7474-f83b-aaf5-ea8b62037bf2;1
288fef83-2545-a1bf-8504-63865e6def32;35
298d3bd3-7d24-66fb-e96a-643d3d8d38f3;3
2b9ff85b-86e5-bba5-b741-4e7ce147a669;188
2bbbfe0c-6108-b05a-2aab-2b5ff4a83c6d;2
2c186d91-3d92-76c5-dd0a-21fada5608ee;1
2cc00494-122c-ff86-c937-040789bd4fa3;6
2e1c6ad2-8161-1a16-44e0-5583af15b763;7
2e3b5bab-3232-23d5-0dbd-a2407df4bc21;36
2ffa4d56-e552-039c-eda6-fa5119618b39;15
302a2ee8-cc9c-481b-9123-38ec7b0bfa41;130
303b7afb-394a-4132-e43e-f3e65b7bbac9;6
3126c667-cca4-e19d-22b6-250298e8f306;14
31ab0b40-7cca-8075-2345-d74538c473fc;12
32a0c268-1851-3625-8e5a-2334113c31ce;5
32ee13fb-1eba-6053-936a-8aa5bd96dd33;21
35342d4b-8326-c994-cab9-b41439d4c029;1
37ad9b8e-0df9-bc11-f948-f56645dd318c;6
37b3c90d-bef6-194a-757a-04d3cf5c3880;67
382c539e-c34c-bfbe-616f-821379bc3569;1
39b17eca-0220-2edf-c7d2-562535ce5586;8
3aaad344-e26f-0f8b-9d24-188ba37fc8a8;122
3baa8ef1-d5a7-9032-7e38-94c5ee3a544f;5
3ec30e72-7675-a089-2840-4ead845f4c62;20
3edaeb6c-1578-85e3-fd54-4b1f5e49526a;1
40de5e44-7cef-9d91-fdb9-ebff580cceb6;4
4222a60b-88a6-88de-4893-1f74c0a84a0e;44
44601a95-3bd8-900d-b991-c3823f33ee63;302
46465be1-9a4e-e35a-0ef9-a8479c93345f;4
46e26cff-1331-f174-41b7-6be9f1b859ff;15
4b27afd2-4400-e686-75c2-cacee5ed40c8;8
4d0068a6-3618-5ea7-3872-22653e4ad738;2
4dc87de7-a6ff-5bc0-6cde-404f10fc0242;57
4deceaf0-12d4-7a2f-94f6-cdf6395842e8;5
4e1fa312-1132-3050-cc2f-01e588da8240;3
50c27e74-6d94-c3fe-a974-87c1b0509a12;10
52011af5-ec23-e09d-d613-5a54ec7b3c60;3
524173cf-2ee3-e27e-977b-1656cb57f74e;2
532d7cf5-b05b-780c-bae4-56ec960c5510;8
53e13212-e3f0-a790-84e1-f5751d2a3bb4;15
544c73dc-f89f-9edc-efb3-5c84a323cebe;1
545b675e-af4a-906d-1c5e-2775de634679;43
55971a96-8f49-4f48-381d-f9f750c34fc5;1
574c8f82-a2a2-5177-784b-58d68edab25a;199
57a6b7fd-aaf7-023e-e9ae-c373e37cb062;16
58a01ff3-9eda-5faf-d04a-45c556943dfb;4
5beb4a85-1875-c28a-d542-7e5951fe199b;357
5fecd2c2-a311-f6ce-2cf0-7dfa61597b7c;3
6287b0ee-6767-32c4-877b-2b7ea3848704;2
62e45037-cb39-3b30-e5ff-1370be61343f;1
64bcbae3-ada1-d821-aa9a-a3cbea707e30;165
6636a91f-f38b-5013-001e-1e5c8ba7b4f1;1
668bde41-27af-1a97-a22c-d9165c8614fb;3
674925f5-6c8e-5177-f67f-4441f7fdc618;19
68edef30-9fa6-8bd1-0900-9169b627bcc6;35
6948e538-95ed-410d-683d-f6c32c9e1b28;1
6c568658-5738-ef2b-05c3-3d7a2491cd4e;17
6c866b6d-f256-0fa0-e4fd-46b173cb21fd;3
6e605c3f-23ab-5ca4-782e-e498b5028fda;4
752849f0-fc02-39e7-9248-1f762d884585;2
759955be-cfc6-d8e9-8cc6-4cc533306b27;5
78d61cd8-6dca-8906-e8c0-1eaa59a67593;119
7965ec4b-92e4-b55a-627d-9b5eb281e946;33
7c7d07d2-7b47-8e99-1b1f-d47ac3cc5125;94
7e349404-dc91-78cf-75c7-56a71c45748d;6
80609f5e-9b3e-3e29-fb17-a9f119d22aa4;10
8099f6e5-a97a-3d64-3b4c-7216e5383868;9
82f2213b-c394-c173-656d-ce18b2287008;22
834b9e65-d848-dea0-18d2-fec57f69493a;1
838595f5-418a-1a8b-26d2-06d4bb6f324a;3
839ae518-c5c7-a846-aa19-03a3de51c5c1;6
857cf073-9d93-c371-46f2-394ad077a8d3;5
8641da1f-89d0-e7ff-46f3-2de04f553a96;8
89128c05-7e4a-1ad0-2c06-add34b8da2a6;122
8a807a8f-90b3-737a-6b5c-dc2b3c7f45ac;216
8afebd6a-5c8f-bb57-f96a-490220f9d1b3;3
8c06728e-1b24-0a6b-acd3-387346052236;61
8c15147d-41b6-65ed-b57a-dbd132d60dc5;4
8c9de434-0873-0830-a776-5fe6e4da0b64;21
8d5bf7ed-4722-9f29-8c72-4295ffa60916;18
8e67068f-0f4b-7661-2ea4-7862480adaa8;5
8f4e1767-a99e-86b8-eaed-f14b82918622;1
90377fa1-3d76-7214-770f-b966b416d74f;57
9276b98e-c9bd-4bd0-cd57-2c348c89cf5f;195
942b4cfd-390e-b081-806a-21167239ae72;115
95d8c40d-9e9d-0413-136f-86a975256dcd;10
96db5d11-27d8-c34b-b9a8-bfaf04ecc534;1
9854803f-9f9c-a681-1a15-fc896e8cd9cd;32
9ac02c92-730d-00a3-f604-81b4dba39bb4;1
9ebeb4c9-5c3e-1ada-e842-3c77b1c52744;3
9ee82a93-1b5b-6bb7-6390-269bac1dbeba;4
9efe72e9-ac71-c3ea-e2ec-1a58ff1a0c2f;9
9fe5eee9-d7e0-618e-c076-c488be2bc603;3
a02c419d-1200-2493-f0e5-7626f052781c;10
a1366890-b90e-ec73-9322-c93d93fffd85;4
a1e61b6b-b229-fa68-9996-9e3124912c95;287
a4da75ea-9819-e23c-3454-810a93fb778d;2
a66b571f-e8b6-e5fc-13d2-748751a22f79;2
a7495616-b7c4-f32c-e06b-d03bc551f1c4;5
a777f0fc-8b9f-6533-5901-18e77347e5f9;2
a7bc2f5f-9e0a-e32b-5d66-0409e1e01a88;3
a9133224-a580-20cd-e236-bccfc42b3e54;36
a9652f17-924b-8098-849d-99ed3f63e411;24
aaa5b99f-e417-8f2e-ef56-edfc5cbb9911;7
ad3cb22a-11c4-8e42-a45a-e214fb7501d1;1
ad528647-1bc8-0270-f53f-8da69ec7bc4d;4
ad6335f8-aa3b-d768-146d-d3d3222b280b;9
ae789064-568f-0200-38b0-a206aab2512d;9
b09b544b-d77b-50f1-62f3-2ba43ba94b17;6
b1ec4797-b3bd-6713-ced6-8c0edfddbfe5;1
b1f16274-fc1a-6261-a343-f0744b823e72;1
b2bca52d-9294-4e9d-205c-4f4f47689ff2;2
b4427956-51ed-c52f-5594-cd721dd18476;10
b4f8ffce-3ad3-e1b2-6375-3a9504122d0f;8
b501e162-d48a-fc6d-7f23-af34c2f240f7;9
b593548f-dc24-d9d3-b162-f844f351ab04;1
b74a8108-e6a5-6564-912a-3e28e21fc6b9;89
bd0ef918-3429-0fb9-eb47-8b53687da500;1
bd2f10f4-c0d8-7971-89b8-39e5011dd507;6
bd587cf3-bd34-358f-6be6-186c3f4e9660;56
c2a944c9-2a30-dc1d-6f1a-2e5f391c17ef;8
c4f770c4-7c3c-5cac-80ce-a8a02319745e;3
c56bdad3-5a67-7cea-52aa-916b99b2d1f5;4
c5adecb4-2be4-a1b9-b5f4-85320a3c3c58;76
c6232ef4-bcd4-62b7-08e0-e140ff66fdea;4
c94a643e-4cf1-5eef-504a-a16e68a19db9;1
c97534a5-72df-42ca-7421-c06906141545;1
ca1325a1-e98c-13c1-349f-efa64267d445;10
cb9bde49-c670-3033-b181-cf4403a4d89f;63
cc0ad20b-36bc-e7b4-dae0-3b54ec73e840;9
ce0d593a-c49b-06e6-2928-58f45bb403ab;3
ce6057ef-653a-d4d5-ed71-6de060612f4c;5
cee0bc67-89eb-8e6c-6303-b6c1dc73ee48;2
cff51db2-1c9b-6dab-054e-7e5912530b0f;3
d2c7be27-c594-a86a-4dac-f611bc8f0ddc;1
d341b55f-c446-ea50-9875-19e4f4221de4;11
d395d2d8-0d13-a5a5-1201-cb2bd95fe297;9
d4c3fb5f-392c-3efe-aeb3-7e307efb9fbb;6
d566aeb2-4225-6bb9-6dd2-23ad5efe9b1a;7
d7a2fd5d-0795-4c69-060c-428c5e941f45;116
d895871d-289d-9725-52df-5c6323b25bc0;779
d94938d7-3158-6d5e-3537-4bf4e1067148;2
dbb0a8c5-1562-22e5-d6b7-c8ab921c5e4d;13
dc7dd8d0-82da-f521-9cbf-8117c8304a5c;31
dd09d4f4-b836-8e3e-8afb-d79889ec90e2;10
e0049ae9-b222-5c7c-6428-a86671c0b12f;5
e24802c4-2190-38bc-c273-e2488369298c;3
e2bbe347-62b4-89f8-4c17-d14ced750bb0;6
e3c3736f-ddfc-46f1-e96f-b2b6967a7da6;1
e3dc3920-e530-8982-b1da-275512a81f8c;9
e5e27164-dc76-a541-26bb-731b8f25580f;29
e5faa641-3e44-872b-5640-220f1dfd3c5d;1
e6867369-f7c8-cb43-b202-b50bddb05b2f;23
e6bd9bea-b372-7b84-ea28-20ccbd6a3805;7
e6e6ff1c-0847-d87c-8ab6-063885d478cd;35
e86aa92b-b183-18d6-6386-9d4d7c3a5bcb;1
ea79dbc2-82c3-1505-e7d5-9f8679eb2eaf;9
eb0d1eed-2f77-2ff8-9f9c-549486a25d75;7
ec9ba520-a534-55eb-14bf-e72174c1ac5c;5
ef507541-5125-49f8-5e3f-238df9808bee;16
f3222a01-4120-93e5-3aa8-b57cfea02d2e;93
f33b3b75-e86e-e51b-6d67-dbb26fe34f2e;6
f402d6b9-5717-1874-40dd-78fe2052daa0;1
f4a41078-72f9-e9b8-6066-62d8d77f982c;2
f9f51e34-5bc3-ab04-9d48-48c6a3dfc8ea;8
fa1e15ae-6754-69ef-7f26-5c02ba5636fd;15
fc81750b-aec1-9702-fde2-93dde0bf0961;133
fd789b68-2609-9171-7a45-f6e411fe3d16;4
feac6ad5-0ac7-80e6-e5af-755fadcbef70;41
fed5ccba-8ea8-4f8f-a341-5593f7d92610;132
