2025-04-10 15:56:17.797572+00:00;1
2025-04-14 10:25:46.436317+00:00;1
2025-04-14 15:24:43.058210+00:00;1
2025-04-15 10:34:58.204633+00:00;1
2025-04-15 11:53:41.249638+00:00;1
2025-04-15 11:57:03.886869+00:00;1
2025-04-15 14:43:40.348316+00:00;1
2025-04-15 15:02:34.951303+00:00;1
2025-04-16 11:48:06.570329+00:00;1
2025-04-16 11:49:52.949666+00:00;1
2025-04-16 11:50:23.071196+00:00;1
2025-04-16 11:57:13.549720+00:00;1
2025-04-16 12:34:53.536171+00:00;1
2025-04-17 09:17:53.541552+00:00;1
2025-04-17 12:27:12.975511+00:00;1
2025-04-18 06:57:32.352535+00:00;1
2025-04-18 07:08:51.142393+00:00;1
2025-04-18 07:11:03.755728+00:00;1
2025-04-18 07:15:23.317055+00:00;1
2025-04-18 07:19:32.674290+00:00;1
2025-04-18 07:25:21.875503+00:00;1
2025-04-18 07:27:33.787179+00:00;1
2025-04-18 07:29:39.474602+00:00;1
2025-04-18 07:31:10.023700+00:00;1
2025-04-18 07:33:03.857455+00:00;1
2025-04-18 07:34:46.231134+00:00;1
2025-04-18 07:36:22.528710+00:00;1
2025-04-18 07:39:06.711100+00:00;1
2025-04-18 07:40:43.810149+00:00;1
2025-04-18 07:42:09.923913+00:00;1
2025-04-18 07:43:46.196607+00:00;1
2025-04-18 07:45:13.103270+00:00;1
2025-04-18 07:50:17.510904+00:00;1
2025-04-22 08:31:39.919840+00:00;1
2025-04-22 11:58:15.641326+00:00;1
2025-04-22 12:03:39.768463+00:00;1
2025-04-23 07:54:57.411124+00:00;1
2025-04-24 10:34:45.450359+00:00;1
2025-04-24 10:40:11.462625+00:00;1
2025-04-24 10:47:56.661422+00:00;1
2025-04-24 11:25:27.241008+00:00;1
2025-04-24 11:32:31.400205+00:00;1
2025-04-24 11:44:02.668655+00:00;1
2025-04-24 15:00:20.581705+00:00;1
2025-04-24 15:06:50.288224+00:00;1
2025-04-24 15:11:38.914898+00:00;1
2025-04-24 15:19:06.829320+00:00;1
2025-04-24 15:22:17.060426+00:00;1
2025-04-24 15:27:48.338946+00:00;1
2025-04-25 09:42:47.363723+00:00;1
2025-04-25 09:54:40.516465+00:00;1
2025-04-25 09:59:26.156193+00:00;1
2025-04-25 10:12:31.229571+00:00;1
2025-04-25 10:12:49.429664+00:00;1
2025-04-25 10:16:22.856286+00:00;1
2025-04-28 07:58:13.246114+00:00;1
2025-04-28 08:14:54.040555+00:00;1
2025-04-29 09:11:38.972309+00:00;1
2025-04-29 09:12:48.671929+00:00;1
2025-04-29 09:13:32.038338+00:00;1
2025-04-29 09:14:48.715698+00:00;1
2025-04-29 09:19:11.085278+00:00;1
2025-04-29 09:33:42.264565+00:00;1
2025-04-29 09:34:13.117732+00:00;1
2025-04-29 12:16:18.971835+00:00;1
2025-04-29 12:29:26.229412+00:00;1
2025-04-29 12:29:49.595494+00:00;1
2025-04-29 12:32:00.798307+00:00;1
2025-04-29 12:35:01.366533+00:00;1
2025-04-29 12:36:51.996440+00:00;1
2025-04-29 12:39:05.905486+00:00;1
2025-04-29 12:40:34.510156+00:00;1
2025-04-29 12:42:07.059009+00:00;1
2025-04-29 12:44:57.768916+00:00;1
2025-04-30 08:44:17.920883+00:00;1
2025-04-30 12:36:33.460639+00:00;1
2025-04-30 12:51:36.859720+00:00;1
2025-05-01 12:15:19.896181+00:00;1
2025-05-02 08:04:39.967323+00:00;1
2025-05-02 09:19:13.230385+00:00;1
2025-05-02 13:01:27.703705+00:00;1
2025-05-02 13:02:11.540113+00:00;1
2025-05-03 18:52:42.236415+00:00;1
2025-05-03 19:13:42.805177+00:00;1
2025-05-06 09:53:01.440027+00:00;1
2025-05-06 10:05:17.470568+00:00;1
2025-05-06 10:26:46.752199+00:00;1
2025-05-08 08:52:08.818834+00:00;1
2025-05-08 10:11:26.339705+00:00;1
2025-05-08 10:13:37.386948+00:00;1
2025-05-08 10:43:18.453861+00:00;1
2025-05-09 08:25:37.905290+00:00;1
2025-05-12 09:38:13.208635+00:00;1
2025-05-12 11:19:28.517489+00:00;1
2025-05-12 19:39:20.089538+00:00;1
2025-05-13 10:08:31.966909+00:00;1
2025-05-13 14:32:55.044205+00:00;1
2025-05-14 07:50:17.687201+00:00;1
2025-05-14 12:28:23.267940+00:00;1
2025-05-14 12:42:19.443358+00:00;1
2025-05-15 07:42:16.614912+00:00;1
2025-05-15 10:07:08.063324+00:00;1
2025-05-15 10:32:49.664319+00:00;1
2025-05-15 10:37:22.082055+00:00;1
2025-05-15 13:16:31.222069+00:00;1
2025-05-15 13:42:43.272010+00:00;1
2025-05-15 13:52:39.557608+00:00;1
2025-05-15 14:01:01.502909+00:00;1
2025-05-15 14:11:49.036673+00:00;1
2025-05-16 11:55:04.250422+00:00;1
2025-05-16 14:31:38.467527+00:00;1
2025-05-16 14:32:34.486908+00:00;1
2025-05-16 15:02:11.850564+00:00;1
2025-05-19 08:01:06.425172+00:00;1
2025-05-19 08:13:50.459168+00:00;1
2025-05-19 10:41:42.942627+00:00;1
2025-05-19 10:56:39.165865+00:00;1
2025-05-19 11:39:49.961602+00:00;1
2025-05-19 11:40:41.867891+00:00;1
2025-05-19 12:15:33.406110+00:00;1
2025-05-19 12:20:26.778515+00:00;1
2025-05-19 12:39:07.989598+00:00;1
2025-05-19 12:55:43.804920+00:00;1
2025-05-19 13:07:14.968664+00:00;1
2025-05-19 13:16:53.972535+00:00;1
2025-05-19 14:00:01.303529+00:00;1
2025-05-20 12:06:37.345652+00:00;1
2025-05-20 18:10:42.447860+00:00;1
2025-05-20 18:17:55.328736+00:00;1
2025-05-22 12:31:41.520306+00:00;1
2025-06-02 10:02:35.064008+00:00;1
2025-06-02 10:13:19.453624+00:00;1
2025-06-02 10:15:42.386406+00:00;1
2025-06-02 10:18:48.506244+00:00;1
2025-06-02 10:24:42.290528+00:00;1
2025-06-02 10:26:24.228541+00:00;1
2025-06-04 08:22:17.287234+00:00;1
2025-06-04 08:28:26.427852+00:00;1
2025-06-05 13:14:23.250095+00:00;1
2025-06-05 15:53:58.401649+00:00;1
2025-06-06 09:08:01.157991+00:00;1
2025-06-06 09:43:35.576727+00:00;1
2025-06-06 09:58:37.501940+00:00;1
2025-06-06 10:08:17.931170+00:00;1
2025-06-06 11:45:31.996507+00:00;1
2025-06-10 09:40:18.191356+00:00;1
2025-06-10 10:52:52.766954+00:00;1
2025-06-10 13:55:32.564972+00:00;1
2025-06-13 14:27:40.413678+00:00;1
2025-06-18 10:43:20.017637+00:00;1
2025-06-19 11:57:58.139763+00:00;1
2025-06-24 06:40:19.986614+00:00;1
2025-06-24 14:34:11.652902+00:00;1
2025-06-27 06:31:42.958954+00:00;1
2025-07-01 09:43:15.488738+00:00;1
2025-07-03 09:27:55.813739+00:00;1
2025-07-04 07:39:18.246084+00:00;1
2025-07-04 07:49:25.841113+00:00;1
2025-07-04 09:38:19.727296+00:00;1
2025-07-04 09:40:20.398322+00:00;1
2025-07-04 16:07:01.346112+00:00;1
2025-07-07 15:11:24.732089+00:00;1
2025-07-08 13:53:24.131418+00:00;1
2025-07-14 11:13:59.400658+00:00;1
2025-07-15 10:55:55.252635+00:00;1
2025-07-15 10:56:59.013218+00:00;1
2025-07-15 10:57:35.921228+00:00;1
2025-07-15 10:59:03.109632+00:00;1
2025-07-15 10:59:58.867502+00:00;1
2025-07-15 11:00:53.231956+00:00;1
2025-07-15 11:01:37.003100+00:00;1
2025-07-15 11:02:04.759030+00:00;1
2025-07-15 11:02:27.708926+00:00;1
2025-07-15 11:03:00.668064+00:00;1
2025-07-15 11:03:25.285268+00:00;1
2025-07-15 11:04:04.726321+00:00;1
2025-07-15 11:04:34.232839+00:00;1
2025-07-15 11:51:52.733871+00:00;1
2025-07-15 12:30:16.177264+00:00;1
2025-07-15 12:32:35.280548+00:00;1
2025-07-16 09:25:37.279103+00:00;1
2025-07-16 11:43:33.715165+00:00;1
2025-07-16 12:26:02.498195+00:00;1
2025-07-21 13:18:03.102425+00:00;1
2025-07-22 10:02:07.923169+00:00;1
2025-07-28 07:30:58.765161+00:00;1
2025-07-29 08:44:21.559444+00:00;1
2025-07-29 13:12:51.096746+00:00;1
2025-08-04 11:14:40.971285+00:00;1
