2000-11-13 23:00:00+00:00;1
2002-03-31 22:00:00+00:00;1
2003-04-30 22:00:00+00:00;1
2003-10-31 23:00:00+00:00;1
2003-11-22 23:00:00+00:00;1
2003-11-29 23:00:00+00:00;2
2004-01-31 23:00:00+00:00;2
2004-02-27 23:00:00+00:00;1
2004-03-31 22:00:00+00:00;1
2004-04-29 22:00:00+00:00;3
2004-04-30 22:00:00+00:00;1
2004-05-06 22:00:00+00:00;1
2004-05-23 22:00:00+00:00;4
2004-05-31 22:00:00+00:00;2
2004-06-17 22:00:00+00:00;2
2004-06-29 22:00:00+00:00;2
2004-06-30 22:00:00+00:00;4
2004-07-04 22:00:00+00:00;1
2004-07-14 22:00:00+00:00;2
2004-07-31 22:00:00+00:00;1
2004-08-30 22:00:00+00:00;1
2004-08-31 22:00:00+00:00;5
2004-09-07 22:00:00+00:00;1
2004-09-09 22:00:00+00:00;2
2004-09-21 22:00:00+00:00;2
2004-09-30 22:00:00+00:00;2
2004-10-23 22:00:00+00:00;1
2004-10-28 22:00:00+00:00;1
2004-10-29 22:00:00+00:00;3
2004-10-30 22:00:00+00:00;1
2004-11-15 23:00:00+00:00;2
2004-11-23 23:00:00+00:00;1
2004-11-24 23:00:00+00:00;1
2004-11-28 23:00:00+00:00;2
2004-11-29 23:00:00+00:00;9
2004-12-02 23:00:00+00:00;1
2004-12-08 23:00:00+00:00;2
2004-12-09 23:00:00+00:00;1
2004-12-13 23:00:00+00:00;2
2004-12-14 23:00:00+00:00;1
2004-12-15 23:00:00+00:00;1
2004-12-16 23:00:00+00:00;4
2004-12-20 23:00:00+00:00;1
2004-12-22 23:00:00+00:00;1
2004-12-23 23:00:00+00:00;3
2004-12-28 23:00:00+00:00;4
2004-12-30 23:00:00+00:00;1
2005-01-03 23:00:00+00:00;1
2005-01-09 23:00:00+00:00;2
2005-01-13 23:00:00+00:00;1
2005-01-17 23:00:00+00:00;4
2005-01-18 23:00:00+00:00;3
2005-01-23 23:00:00+00:00;2
2005-01-25 23:00:00+00:00;1
2005-02-01 23:00:00+00:00;1
2005-02-02 23:00:00+00:00;4
2005-02-03 23:00:00+00:00;1
2005-02-10 23:00:00+00:00;5
2005-02-13 23:00:00+00:00;1
2005-02-14 23:00:00+00:00;1
2005-02-15 23:00:00+00:00;11
2005-02-21 23:00:00+00:00;1
2005-02-22 23:00:00+00:00;5
2005-02-24 23:00:00+00:00;10
2005-02-28 23:00:00+00:00;2
2005-03-01 23:00:00+00:00;2
2005-03-02 23:00:00+00:00;8
2005-03-03 23:00:00+00:00;2
2005-03-07 23:00:00+00:00;2
2005-03-09 23:00:00+00:00;1
2005-03-15 23:00:00+00:00;2
2005-03-17 23:00:00+00:00;2
2005-03-21 23:00:00+00:00;4
2005-03-22 23:00:00+00:00;2
2005-03-24 23:00:00+00:00;1
2005-03-28 22:00:00+00:00;5
2005-03-29 22:00:00+00:00;3
2005-03-30 22:00:00+00:00;3
2005-04-03 22:00:00+00:00;4
2005-04-07 22:00:00+00:00;5
2005-04-10 22:00:00+00:00;12
2005-04-11 22:00:00+00:00;9
2005-04-14 22:00:00+00:00;1
2005-04-16 22:00:00+00:00;2
2005-04-17 22:00:00+00:00;3
2005-04-18 22:00:00+00:00;3
2005-04-19 22:00:00+00:00;2
2005-04-20 22:00:00+00:00;2
2005-04-21 22:00:00+00:00;4
2005-04-25 22:00:00+00:00;2
2005-04-28 22:00:00+00:00;6
2005-04-30 22:00:00+00:00;4
2005-05-01 22:00:00+00:00;7
2005-05-02 22:00:00+00:00;10
2005-05-03 22:00:00+00:00;1
2005-05-11 22:00:00+00:00;1
2005-05-12 22:00:00+00:00;2
2005-05-14 22:00:00+00:00;1
2005-05-16 22:00:00+00:00;12
2005-05-18 22:00:00+00:00;5
2005-05-29 22:00:00+00:00;7
2005-05-30 22:00:00+00:00;4
2005-05-31 22:00:00+00:00;7
2005-06-05 22:00:00+00:00;17
2005-06-06 22:00:00+00:00;10
2005-06-08 22:00:00+00:00;31
2005-06-09 22:00:00+00:00;3
2005-06-14 22:00:00+00:00;4
2005-06-15 22:00:00+00:00;2
2005-06-16 22:00:00+00:00;9
2005-06-19 22:00:00+00:00;1
2005-06-21 22:00:00+00:00;2
2005-06-23 22:00:00+00:00;3
2005-06-27 22:00:00+00:00;4
2005-06-28 22:00:00+00:00;1
2005-06-29 22:00:00+00:00;8
2005-06-30 22:00:00+00:00;4
2005-07-04 22:00:00+00:00;1
2005-07-05 22:00:00+00:00;7
2005-07-06 22:00:00+00:00;14
2005-07-07 22:00:00+00:00;1
2005-07-11 22:00:00+00:00;1
2005-07-12 22:00:00+00:00;1
2005-07-13 22:00:00+00:00;4
2005-07-14 22:00:00+00:00;8
2005-07-20 22:00:00+00:00;6
2005-07-21 22:00:00+00:00;20
2005-07-24 22:00:00+00:00;2
2005-07-25 22:00:00+00:00;2
2005-07-26 22:00:00+00:00;11
2005-07-27 22:00:00+00:00;3
2005-07-31 22:00:00+00:00;3
2005-08-01 22:00:00+00:00;6
2005-08-02 22:00:00+00:00;1
2005-08-03 22:00:00+00:00;10
2005-08-07 22:00:00+00:00;1
2005-08-09 22:00:00+00:00;9
2005-08-10 22:00:00+00:00;17
2005-08-11 22:00:00+00:00;3
2005-08-16 22:00:00+00:00;4
2005-08-19 22:00:00+00:00;9
2005-08-22 22:00:00+00:00;8
2005-08-23 22:00:00+00:00;1
2005-08-29 22:00:00+00:00;1
2005-08-31 22:00:00+00:00;3
2005-09-01 22:00:00+00:00;2
2005-09-05 22:00:00+00:00;5
2005-09-06 22:00:00+00:00;13
2005-09-07 22:00:00+00:00;2
2005-09-08 22:00:00+00:00;1
2005-09-11 22:00:00+00:00;7
2005-09-12 22:00:00+00:00;1
2005-09-13 22:00:00+00:00;3
2005-09-14 22:00:00+00:00;3
2005-09-18 22:00:00+00:00;3
2005-09-19 22:00:00+00:00;1
2005-09-20 22:00:00+00:00;8
2005-09-21 22:00:00+00:00;1
2005-09-22 22:00:00+00:00;3
2005-09-25 22:00:00+00:00;23
2005-09-27 22:00:00+00:00;25
2005-09-28 22:00:00+00:00;2
2005-09-29 22:00:00+00:00;2
2005-09-30 22:00:00+00:00;1
2005-10-03 22:00:00+00:00;3
2005-10-04 22:00:00+00:00;1
2005-10-05 22:00:00+00:00;1
2005-10-09 22:00:00+00:00;7
2005-10-10 22:00:00+00:00;4
2005-10-11 22:00:00+00:00;5
2005-10-12 22:00:00+00:00;2
2005-10-16 22:00:00+00:00;1
2005-10-17 22:00:00+00:00;2
2005-10-18 22:00:00+00:00;9
2005-10-19 22:00:00+00:00;4
2005-10-20 22:00:00+00:00;3
2005-10-23 22:00:00+00:00;12
2005-10-24 22:00:00+00:00;1
2005-10-25 22:00:00+00:00;8
2005-10-27 22:00:00+00:00;18
2005-10-31 23:00:00+00:00;5
2005-11-01 23:00:00+00:00;225
2005-11-02 23:00:00+00:00;6
2005-11-03 23:00:00+00:00;12
2005-11-06 23:00:00+00:00;1
2005-11-07 23:00:00+00:00;1
2005-11-09 23:00:00+00:00;9
2005-11-10 23:00:00+00:00;13
2005-11-13 23:00:00+00:00;6
2005-11-14 23:00:00+00:00;1
2005-11-15 23:00:00+00:00;1
2005-11-16 23:00:00+00:00;7
2005-11-17 23:00:00+00:00;2
2005-11-20 23:00:00+00:00;5
2005-11-22 23:00:00+00:00;2
2005-11-23 23:00:00+00:00;2
2005-11-24 23:00:00+00:00;8
2005-11-28 23:00:00+00:00;3
2005-11-29 23:00:00+00:00;10
2005-11-30 23:00:00+00:00;4
2005-12-01 23:00:00+00:00;1
2005-12-04 23:00:00+00:00;2
2005-12-05 23:00:00+00:00;2
2005-12-06 23:00:00+00:00;4
2005-12-07 23:00:00+00:00;9
2005-12-08 23:00:00+00:00;2
2005-12-11 23:00:00+00:00;3
2005-12-12 23:00:00+00:00;6
2005-12-13 23:00:00+00:00;3
2005-12-14 23:00:00+00:00;11
2005-12-15 23:00:00+00:00;3
2005-12-18 23:00:00+00:00;10
2005-12-19 23:00:00+00:00;1
2005-12-20 23:00:00+00:00;5
2005-12-21 23:00:00+00:00;10
2005-12-25 23:00:00+00:00;2
2005-12-26 23:00:00+00:00;6
2005-12-27 23:00:00+00:00;13
2005-12-28 23:00:00+00:00;19
2005-12-29 23:00:00+00:00;2
2006-01-02 23:00:00+00:00;3
2006-01-03 23:00:00+00:00;10
2006-01-04 23:00:00+00:00;12
2006-01-08 23:00:00+00:00;21
2006-01-09 23:00:00+00:00;2
2006-01-10 23:00:00+00:00;1
2006-01-11 23:00:00+00:00;2
2006-01-12 23:00:00+00:00;4
2006-01-15 23:00:00+00:00;3
2006-01-16 23:00:00+00:00;5
2006-01-17 23:00:00+00:00;13
2006-01-18 23:00:00+00:00;1
2006-01-19 23:00:00+00:00;11
2006-01-22 23:00:00+00:00;9
2006-01-23 23:00:00+00:00;1
2006-01-25 23:00:00+00:00;6
2006-01-26 23:00:00+00:00;2
2006-01-29 23:00:00+00:00;8
2006-01-30 23:00:00+00:00;7
2006-01-31 23:00:00+00:00;6
2006-02-01 23:00:00+00:00;50
2006-02-02 23:00:00+00:00;3
2006-02-05 23:00:00+00:00;10
2006-02-06 23:00:00+00:00;18
2006-02-07 23:00:00+00:00;1
2006-02-08 23:00:00+00:00;2
2006-02-09 23:00:00+00:00;5
2006-02-13 23:00:00+00:00;3
2006-02-14 23:00:00+00:00;4
2006-02-15 23:00:00+00:00;10
2006-02-16 23:00:00+00:00;6
2006-02-19 23:00:00+00:00;3
2006-02-20 23:00:00+00:00;14
2006-02-21 23:00:00+00:00;13
2006-02-22 23:00:00+00:00;6
2006-02-23 23:00:00+00:00;2
2006-02-26 23:00:00+00:00;3
2006-02-27 23:00:00+00:00;6
2006-03-01 23:00:00+00:00;1
2006-03-02 23:00:00+00:00;14
2006-03-05 23:00:00+00:00;24
2006-03-06 23:00:00+00:00;2
2006-03-07 23:00:00+00:00;1
2006-03-08 23:00:00+00:00;5
2006-03-09 23:00:00+00:00;2
2006-03-12 23:00:00+00:00;4
2006-03-14 23:00:00+00:00;3
2006-03-16 23:00:00+00:00;5
2006-03-19 23:00:00+00:00;6
2006-03-21 23:00:00+00:00;5
2006-03-22 23:00:00+00:00;6
2006-03-23 23:00:00+00:00;12
2006-03-26 22:00:00+00:00;12
2006-03-27 22:00:00+00:00;1
2006-03-28 22:00:00+00:00;20
2006-03-29 22:00:00+00:00;4
2006-04-01 22:00:00+00:00;1
2006-04-02 22:00:00+00:00;7
2006-04-03 22:00:00+00:00;3
2006-04-04 22:00:00+00:00;13
2006-04-05 22:00:00+00:00;10
2006-04-10 22:00:00+00:00;12
2006-04-11 22:00:00+00:00;2
2006-04-12 22:00:00+00:00;2
2006-04-13 22:00:00+00:00;3
2006-04-18 22:00:00+00:00;8
2006-04-19 22:00:00+00:00;8
2006-04-20 22:00:00+00:00;8
2006-04-23 22:00:00+00:00;18
2006-04-24 22:00:00+00:00;6
2006-04-25 22:00:00+00:00;42
2006-04-26 22:00:00+00:00;6
2006-04-27 22:00:00+00:00;1
2006-04-30 22:00:00+00:00;5
2006-05-01 22:00:00+00:00;1
2006-05-02 22:00:00+00:00;3
2006-05-03 22:00:00+00:00;2
2006-05-07 22:00:00+00:00;6
2006-05-08 22:00:00+00:00;14
2006-05-09 22:00:00+00:00;2
2006-05-10 22:00:00+00:00;11
2006-05-11 22:00:00+00:00;1
2006-05-14 22:00:00+00:00;11
2006-05-15 22:00:00+00:00;23
2006-05-16 22:00:00+00:00;75
2006-05-17 22:00:00+00:00;5
2006-05-18 22:00:00+00:00;6
2006-05-21 22:00:00+00:00;3
2006-05-22 22:00:00+00:00;4
2006-05-23 22:00:00+00:00;55
2006-05-28 22:00:00+00:00;18
2006-05-29 22:00:00+00:00;5
2006-05-31 22:00:00+00:00;12
2006-06-01 22:00:00+00:00;5
2006-06-03 22:00:00+00:00;1
2006-06-04 22:00:00+00:00;4
2006-06-06 22:00:00+00:00;3
2006-06-07 22:00:00+00:00;2
2006-06-08 22:00:00+00:00;1
2006-06-11 22:00:00+00:00;1
2006-06-12 22:00:00+00:00;6
2006-06-13 22:00:00+00:00;2
2006-06-14 22:00:00+00:00;2
2006-06-15 22:00:00+00:00;1
2006-06-18 22:00:00+00:00;2
2006-06-19 22:00:00+00:00;1
2006-06-20 22:00:00+00:00;2
2006-06-21 22:00:00+00:00;6
2006-06-22 22:00:00+00:00;24
2006-06-26 22:00:00+00:00;6
2006-06-28 22:00:00+00:00;45
2006-07-02 22:00:00+00:00;10
2006-07-04 22:00:00+00:00;3
2006-07-05 22:00:00+00:00;8
2006-07-06 22:00:00+00:00;2
2006-07-09 22:00:00+00:00;2
2006-07-10 22:00:00+00:00;13
2006-07-11 22:00:00+00:00;29
2006-07-12 22:00:00+00:00;1
2006-07-13 22:00:00+00:00;36
2006-07-16 22:00:00+00:00;6
2006-07-17 22:00:00+00:00;8
2006-07-18 22:00:00+00:00;15
2006-07-19 22:00:00+00:00;4
2006-07-20 22:00:00+00:00;32
2006-07-23 22:00:00+00:00;1
2006-07-24 22:00:00+00:00;3
2006-07-26 22:00:00+00:00;3
2006-07-27 22:00:00+00:00;2
2006-07-30 22:00:00+00:00;14
2006-07-31 22:00:00+00:00;2
2006-08-01 22:00:00+00:00;16
2006-08-02 22:00:00+00:00;7
2006-08-03 22:00:00+00:00;1
2006-08-05 22:00:00+00:00;1
2006-08-07 22:00:00+00:00;3
2006-08-08 22:00:00+00:00;2
2006-08-09 22:00:00+00:00;4
2006-08-11 22:00:00+00:00;21
2006-08-14 22:00:00+00:00;64
2006-08-15 22:00:00+00:00;1
2006-08-16 22:00:00+00:00;91
2006-08-17 22:00:00+00:00;20
2006-08-20 22:00:00+00:00;1
2006-08-21 22:00:00+00:00;4
2006-08-22 22:00:00+00:00;1
2006-08-23 22:00:00+00:00;7
2006-08-24 22:00:00+00:00;29
2006-08-28 22:00:00+00:00;1
2006-08-29 22:00:00+00:00;1
2006-08-30 22:00:00+00:00;1
2006-08-31 22:00:00+00:00;2
2006-09-03 22:00:00+00:00;3
2006-09-04 22:00:00+00:00;1
2006-09-05 22:00:00+00:00;10
2006-09-07 22:00:00+00:00;8
2006-09-10 22:00:00+00:00;10
2006-09-11 22:00:00+00:00;1
2006-09-12 22:00:00+00:00;16
2006-09-14 22:00:00+00:00;24
2006-09-17 22:00:00+00:00;1
2006-09-18 22:00:00+00:00;24
2006-09-19 22:00:00+00:00;1
2006-09-20 22:00:00+00:00;1
2006-09-25 22:00:00+00:00;12
2006-09-26 22:00:00+00:00;13
2006-09-27 22:00:00+00:00;6
2006-09-28 22:00:00+00:00;1
2006-09-30 22:00:00+00:00;2
2006-10-02 22:00:00+00:00;9
2006-10-03 22:00:00+00:00;1
2006-10-04 22:00:00+00:00;16
2006-10-05 22:00:00+00:00;1
2006-10-09 22:00:00+00:00;4
2006-10-10 22:00:00+00:00;3
2006-10-11 22:00:00+00:00;131
2006-10-15 22:00:00+00:00;3
2006-10-16 22:00:00+00:00;5
2006-10-17 22:00:00+00:00;1
2006-10-19 22:00:00+00:00;38
2006-10-22 22:00:00+00:00;21
2006-10-23 22:00:00+00:00;30
2006-10-25 22:00:00+00:00;5
2006-10-26 22:00:00+00:00;4
2006-10-29 23:00:00+00:00;2
2006-10-31 23:00:00+00:00;3
2006-11-01 23:00:00+00:00;1
2006-11-02 23:00:00+00:00;3
2006-11-05 23:00:00+00:00;5
2006-11-06 23:00:00+00:00;2
2006-11-08 23:00:00+00:00;7
2006-11-09 23:00:00+00:00;32
2006-11-13 23:00:00+00:00;7
2006-11-14 23:00:00+00:00;34
2006-11-16 23:00:00+00:00;1
2006-11-19 23:00:00+00:00;7
2006-11-20 23:00:00+00:00;6
2006-11-21 23:00:00+00:00;15
2006-11-22 23:00:00+00:00;2
2006-11-23 23:00:00+00:00;2
2006-11-27 23:00:00+00:00;4
2006-11-29 23:00:00+00:00;77
2006-11-30 23:00:00+00:00;10
2006-12-03 23:00:00+00:00;1
2006-12-04 23:00:00+00:00;1
2006-12-05 23:00:00+00:00;11
2006-12-06 23:00:00+00:00;2
2006-12-07 23:00:00+00:00;1
2006-12-10 23:00:00+00:00;5
2006-12-11 23:00:00+00:00;5
2006-12-12 23:00:00+00:00;1
2006-12-13 23:00:00+00:00;4
2006-12-14 23:00:00+00:00;2
2006-12-17 23:00:00+00:00;4
2006-12-18 23:00:00+00:00;3
2006-12-19 23:00:00+00:00;20
2006-12-20 23:00:00+00:00;7
2006-12-26 23:00:00+00:00;235
2006-12-28 23:00:00+00:00;3
2006-12-31 23:00:00+00:00;1
2007-01-03 23:00:00+00:00;2
2007-01-07 23:00:00+00:00;13
2007-01-10 23:00:00+00:00;1
2007-01-13 23:00:00+00:00;3
2007-01-14 23:00:00+00:00;20
2007-01-31 23:00:00+00:00;2
2007-02-01 23:00:00+00:00;11
2007-02-04 23:00:00+00:00;4
2007-02-06 23:00:00+00:00;19
2007-02-07 23:00:00+00:00;2
2007-02-08 23:00:00+00:00;2
2007-02-11 23:00:00+00:00;4
2007-02-13 23:00:00+00:00;3
2007-02-14 23:00:00+00:00;1
2007-02-15 23:00:00+00:00;15
2007-02-18 23:00:00+00:00;89
2007-02-19 23:00:00+00:00;1
2007-02-20 23:00:00+00:00;23
2007-02-21 23:00:00+00:00;2
2007-02-22 23:00:00+00:00;9
2007-02-25 23:00:00+00:00;2
2007-02-26 23:00:00+00:00;19
2007-02-27 23:00:00+00:00;1
2007-02-28 23:00:00+00:00;34
2007-03-01 23:00:00+00:00;9
2007-03-04 23:00:00+00:00;8
2007-03-06 23:00:00+00:00;1
2007-03-07 23:00:00+00:00;12
2007-03-11 23:00:00+00:00;2
2007-03-12 23:00:00+00:00;12
2007-03-13 23:00:00+00:00;9
2007-03-14 23:00:00+00:00;4
2007-03-18 23:00:00+00:00;5
2007-03-19 23:00:00+00:00;17
2007-03-20 23:00:00+00:00;1
2007-03-21 23:00:00+00:00;1
2007-03-25 22:00:00+00:00;1
2007-03-26 22:00:00+00:00;19
2007-03-28 22:00:00+00:00;4
2007-03-29 22:00:00+00:00;3
2007-04-01 22:00:00+00:00;4
2007-04-02 22:00:00+00:00;6
2007-04-03 22:00:00+00:00;27
2007-04-04 22:00:00+00:00;2
2007-04-05 22:00:00+00:00;2
2007-04-08 22:00:00+00:00;1
2007-04-09 22:00:00+00:00;1
2007-04-10 22:00:00+00:00;15
2007-04-11 22:00:00+00:00;1
2007-04-12 22:00:00+00:00;4
2007-04-15 22:00:00+00:00;1
2007-04-17 22:00:00+00:00;15
2007-04-18 22:00:00+00:00;1
2007-04-19 22:00:00+00:00;41
2007-04-22 22:00:00+00:00;1
2007-04-23 22:00:00+00:00;77
2007-04-24 22:00:00+00:00;2
2007-04-25 22:00:00+00:00;31
2007-04-26 22:00:00+00:00;3
2007-04-30 22:00:00+00:00;7
2007-05-01 22:00:00+00:00;5
2007-05-02 22:00:00+00:00;25
2007-05-03 22:00:00+00:00;40
2007-05-06 22:00:00+00:00;6
2007-05-07 22:00:00+00:00;4
2007-05-08 22:00:00+00:00;26
2007-05-09 22:00:00+00:00;2
2007-05-10 22:00:00+00:00;6
2007-05-13 22:00:00+00:00;3
2007-05-14 22:00:00+00:00;3
2007-05-20 22:00:00+00:00;6
2007-05-21 22:00:00+00:00;9
2007-05-22 22:00:00+00:00;22
2007-05-23 22:00:00+00:00;20
2007-05-24 22:00:00+00:00;4
2007-05-28 22:00:00+00:00;3
2007-05-29 22:00:00+00:00;4
2007-05-30 22:00:00+00:00;15
2007-05-31 22:00:00+00:00;4
2007-06-03 22:00:00+00:00;3
2007-06-04 22:00:00+00:00;11
2007-06-07 22:00:00+00:00;15
2007-06-08 22:00:00+00:00;3
2007-06-10 22:00:00+00:00;21
2007-06-11 22:00:00+00:00;4
2007-06-12 22:00:00+00:00;1
2007-06-13 22:00:00+00:00;83
2007-06-14 22:00:00+00:00;4
2007-06-17 22:00:00+00:00;1
2007-06-18 22:00:00+00:00;13
2007-06-20 22:00:00+00:00;1
2007-06-21 22:00:00+00:00;1
2007-06-23 22:00:00+00:00;1
2007-06-24 22:00:00+00:00;1
2007-06-25 22:00:00+00:00;53
2007-06-26 22:00:00+00:00;19
2007-06-27 22:00:00+00:00;1
2007-07-01 22:00:00+00:00;1
2007-07-02 22:00:00+00:00;16
2007-07-04 22:00:00+00:00;3
2007-07-05 22:00:00+00:00;1
2007-07-08 22:00:00+00:00;18
2007-07-09 22:00:00+00:00;1
2007-07-10 22:00:00+00:00;10
2007-07-11 22:00:00+00:00;1
2007-07-12 22:00:00+00:00;2
2007-07-17 22:00:00+00:00;20
2007-07-18 22:00:00+00:00;1
2007-07-19 22:00:00+00:00;15
2007-07-22 22:00:00+00:00;6
2007-07-23 22:00:00+00:00;1
2007-07-24 22:00:00+00:00;20
2007-07-25 22:00:00+00:00;45
2007-07-26 22:00:00+00:00;14
2007-07-29 22:00:00+00:00;1
2007-07-30 22:00:00+00:00;1
2007-08-01 22:00:00+00:00;1
2007-08-02 22:00:00+00:00;12
2007-08-05 22:00:00+00:00;4
2007-08-07 22:00:00+00:00;7
2007-08-08 22:00:00+00:00;32
2007-08-11 22:00:00+00:00;2
2007-08-12 22:00:00+00:00;9
2007-08-14 22:00:00+00:00;1
2007-08-15 22:00:00+00:00;2
2007-08-19 22:00:00+00:00;3
2007-08-20 22:00:00+00:00;20
2007-08-21 22:00:00+00:00;1
2007-08-22 22:00:00+00:00;1
2007-08-23 22:00:00+00:00;6
2007-08-27 22:00:00+00:00;1
2007-08-28 22:00:00+00:00;3
2007-08-29 22:00:00+00:00;30
2007-08-30 22:00:00+00:00;1
2007-09-02 22:00:00+00:00;1
2007-09-03 22:00:00+00:00;4
2007-09-04 22:00:00+00:00;6
2007-09-05 22:00:00+00:00;79
2007-09-06 22:00:00+00:00;88
2007-09-09 22:00:00+00:00;4
2007-09-10 22:00:00+00:00;11
2007-09-11 22:00:00+00:00;59
2007-09-12 22:00:00+00:00;1
2007-09-16 22:00:00+00:00;31
2007-09-17 22:00:00+00:00;1
2007-09-18 22:00:00+00:00;2
2007-09-19 22:00:00+00:00;3
2007-09-20 22:00:00+00:00;9
2007-09-23 22:00:00+00:00;2
2007-09-24 22:00:00+00:00;1
2007-09-25 22:00:00+00:00;21
2007-09-26 22:00:00+00:00;1
2007-09-29 22:00:00+00:00;1
2007-09-30 22:00:00+00:00;19
2007-10-01 22:00:00+00:00;3
2007-10-02 22:00:00+00:00;3
2007-10-03 22:00:00+00:00;2
2007-10-04 22:00:00+00:00;2
2007-10-07 22:00:00+00:00;7
2007-10-08 22:00:00+00:00;6
2007-10-09 22:00:00+00:00;2
2007-10-10 22:00:00+00:00;36
2007-10-11 22:00:00+00:00;33
2007-10-14 22:00:00+00:00;15
2007-10-15 22:00:00+00:00;1
2007-10-17 22:00:00+00:00;5
2007-10-18 22:00:00+00:00;7
2007-10-21 22:00:00+00:00;9
2007-10-23 22:00:00+00:00;103
2007-10-24 22:00:00+00:00;3
2007-10-25 22:00:00+00:00;3
2007-10-28 23:00:00+00:00;20
2007-10-29 23:00:00+00:00;4
2007-10-30 23:00:00+00:00;1
2007-11-04 23:00:00+00:00;1
2007-11-05 23:00:00+00:00;66
2007-11-11 23:00:00+00:00;56
2007-11-12 23:00:00+00:00;1
2007-11-13 23:00:00+00:00;5
2007-11-15 23:00:00+00:00;19
2007-11-20 23:00:00+00:00;2
2007-11-22 23:00:00+00:00;4
2007-11-25 23:00:00+00:00;9
2007-11-26 23:00:00+00:00;3
2007-11-27 23:00:00+00:00;6
2007-11-28 23:00:00+00:00;3
2007-12-02 23:00:00+00:00;2
2007-12-03 23:00:00+00:00;1
2007-12-04 23:00:00+00:00;1
2007-12-05 23:00:00+00:00;19
2007-12-06 23:00:00+00:00;1
2007-12-10 23:00:00+00:00;17
2007-12-11 23:00:00+00:00;2
2007-12-12 23:00:00+00:00;115
2007-12-16 23:00:00+00:00;1
2007-12-19 23:00:00+00:00;64
2007-12-23 23:00:00+00:00;1
2007-12-27 23:00:00+00:00;38
2008-01-06 23:00:00+00:00;1
2008-01-08 23:00:00+00:00;16
2008-01-13 23:00:00+00:00;10
2008-01-14 23:00:00+00:00;21
2008-01-15 23:00:00+00:00;20
2008-01-16 23:00:00+00:00;1
2008-01-20 23:00:00+00:00;7
2008-01-21 23:00:00+00:00;9
2008-01-22 23:00:00+00:00;5
2008-01-23 23:00:00+00:00;3
2008-01-24 23:00:00+00:00;4
2008-01-27 23:00:00+00:00;1
2008-01-28 23:00:00+00:00;2
2008-01-30 23:00:00+00:00;77
2008-01-31 23:00:00+00:00;2
2008-02-01 23:00:00+00:00;1
2008-02-02 23:00:00+00:00;2
2008-02-04 23:00:00+00:00;2
2008-02-05 23:00:00+00:00;5
2008-02-06 23:00:00+00:00;103
2008-02-07 23:00:00+00:00;3
2008-02-11 23:00:00+00:00;6
2008-02-12 23:00:00+00:00;2
2008-02-13 23:00:00+00:00;5
2008-02-14 23:00:00+00:00;1
2008-02-16 23:00:00+00:00;1
2008-02-17 23:00:00+00:00;3
2008-02-18 23:00:00+00:00;37
2008-02-20 23:00:00+00:00;1
2008-02-21 23:00:00+00:00;1
2008-02-24 23:00:00+00:00;1
2008-02-26 23:00:00+00:00;3
2008-02-28 23:00:00+00:00;1
2008-03-02 23:00:00+00:00;1
2008-03-03 23:00:00+00:00;1
2008-03-04 23:00:00+00:00;1
2008-03-05 23:00:00+00:00;5
2008-03-06 23:00:00+00:00;5
2008-03-09 23:00:00+00:00;4
2008-03-10 23:00:00+00:00;2
2008-03-11 23:00:00+00:00;19
2008-03-13 23:00:00+00:00;4
2008-03-16 23:00:00+00:00;4
2008-03-17 23:00:00+00:00;1
2008-03-18 23:00:00+00:00;2
2008-03-19 23:00:00+00:00;3
2008-03-24 23:00:00+00:00;74
2008-03-25 23:00:00+00:00;51
2008-03-26 23:00:00+00:00;1
2008-03-27 23:00:00+00:00;1
2008-03-29 23:00:00+00:00;2
2008-04-01 22:00:00+00:00;58
2008-04-02 22:00:00+00:00;2
2008-04-03 22:00:00+00:00;5
2008-04-06 22:00:00+00:00;5
2008-04-07 22:00:00+00:00;2
2008-04-08 22:00:00+00:00;3
2008-04-10 22:00:00+00:00;116
2008-04-13 22:00:00+00:00;3
2008-04-15 22:00:00+00:00;1
2008-04-16 22:00:00+00:00;2
2008-04-17 22:00:00+00:00;4
2008-04-20 22:00:00+00:00;25
2008-04-22 22:00:00+00:00;1
2008-04-24 22:00:00+00:00;9
2008-04-27 22:00:00+00:00;1
2008-05-06 22:00:00+00:00;4
2008-05-07 22:00:00+00:00;4
2008-05-12 22:00:00+00:00;5
2008-05-13 22:00:00+00:00;15
2008-05-14 22:00:00+00:00;14
2008-05-15 22:00:00+00:00;48
2008-05-19 22:00:00+00:00;28
2008-05-21 22:00:00+00:00;1
2008-05-26 22:00:00+00:00;1
2008-05-27 22:00:00+00:00;1
2008-05-28 22:00:00+00:00;4
2008-05-29 22:00:00+00:00;22
2008-06-02 22:00:00+00:00;4
2008-06-04 22:00:00+00:00;3
2008-06-09 22:00:00+00:00;7
2008-06-11 22:00:00+00:00;2
2008-06-12 22:00:00+00:00;51
2008-06-14 22:00:00+00:00;1
2008-06-15 22:00:00+00:00;2
2008-06-16 22:00:00+00:00;23
2008-06-17 22:00:00+00:00;3
2008-06-22 22:00:00+00:00;22
2008-06-23 22:00:00+00:00;1
2008-06-24 22:00:00+00:00;39
2008-06-25 22:00:00+00:00;6
2008-06-26 22:00:00+00:00;14
2008-06-29 22:00:00+00:00;2
2008-06-30 22:00:00+00:00;2
2008-07-02 22:00:00+00:00;3
2008-07-03 22:00:00+00:00;1
2008-07-06 22:00:00+00:00;1
2008-07-07 22:00:00+00:00;2
2008-07-08 22:00:00+00:00;11
2008-07-13 22:00:00+00:00;81
2008-07-15 22:00:00+00:00;3
2008-07-17 22:00:00+00:00;6
2008-07-20 22:00:00+00:00;11
2008-07-22 22:00:00+00:00;6
2008-07-24 22:00:00+00:00;4
2008-07-27 22:00:00+00:00;85
2008-07-28 22:00:00+00:00;48
2008-07-29 22:00:00+00:00;1
2008-07-30 22:00:00+00:00;3
2008-07-31 22:00:00+00:00;2
2008-08-03 22:00:00+00:00;5
2008-08-04 22:00:00+00:00;3
2008-08-06 22:00:00+00:00;1
2008-08-07 22:00:00+00:00;50
2008-08-10 22:00:00+00:00;108
2008-08-11 22:00:00+00:00;4
2008-08-12 22:00:00+00:00;88
2008-08-13 22:00:00+00:00;4
2008-08-17 22:00:00+00:00;2
2008-08-19 22:00:00+00:00;11
2008-08-24 22:00:00+00:00;34
2008-08-26 22:00:00+00:00;4
2008-08-27 22:00:00+00:00;6
2008-08-28 22:00:00+00:00;4
2008-08-31 22:00:00+00:00;6
2008-09-01 22:00:00+00:00;17
2008-09-02 22:00:00+00:00;1
2008-09-04 22:00:00+00:00;4
2008-09-07 22:00:00+00:00;30
2008-09-08 22:00:00+00:00;1
2008-09-10 22:00:00+00:00;1
2008-09-13 22:00:00+00:00;2
2008-09-14 22:00:00+00:00;4
2008-09-15 22:00:00+00:00;2
2008-09-17 22:00:00+00:00;14
2008-09-18 22:00:00+00:00;5
2008-09-22 22:00:00+00:00;1
2008-09-24 22:00:00+00:00;1
2008-09-25 22:00:00+00:00;4
2008-09-28 22:00:00+00:00;2
2008-09-29 22:00:00+00:00;67
2008-09-30 22:00:00+00:00;5
2008-10-01 22:00:00+00:00;24
2008-10-02 22:00:00+00:00;6
2008-10-05 22:00:00+00:00;7
2008-10-06 22:00:00+00:00;7
2008-10-07 22:00:00+00:00;52
2008-10-09 22:00:00+00:00;12
2008-10-12 22:00:00+00:00;1
2008-10-13 22:00:00+00:00;6
2008-10-14 22:00:00+00:00;51
2008-10-15 22:00:00+00:00;3
2008-10-19 22:00:00+00:00;6
2008-10-21 22:00:00+00:00;6
2008-10-22 22:00:00+00:00;2
2008-10-26 23:00:00+00:00;5
2008-10-27 23:00:00+00:00;2
2008-10-28 23:00:00+00:00;8
2008-10-30 23:00:00+00:00;6
2008-11-02 23:00:00+00:00;3
2008-11-03 23:00:00+00:00;5
2008-11-05 23:00:00+00:00;3
2008-11-06 23:00:00+00:00;2
2008-11-09 23:00:00+00:00;31
2008-11-10 23:00:00+00:00;1
2008-11-12 23:00:00+00:00;6
2008-11-13 23:00:00+00:00;4
2008-11-16 23:00:00+00:00;70
2008-11-18 23:00:00+00:00;49
2008-11-19 23:00:00+00:00;20
2008-11-20 23:00:00+00:00;4
2008-11-23 23:00:00+00:00;1
2008-11-24 23:00:00+00:00;1
2008-11-25 23:00:00+00:00;2
2008-11-26 23:00:00+00:00;8
2008-11-30 23:00:00+00:00;4
2008-12-01 23:00:00+00:00;42
2008-12-03 23:00:00+00:00;2
2008-12-09 23:00:00+00:00;4
2008-12-10 23:00:00+00:00;10
2008-12-11 23:00:00+00:00;119
2008-12-12 23:00:00+00:00;2
2008-12-14 23:00:00+00:00;1
2008-12-16 23:00:00+00:00;34
2008-12-17 23:00:00+00:00;2
2008-12-18 23:00:00+00:00;1
2008-12-21 23:00:00+00:00;31
2008-12-22 23:00:00+00:00;1
2008-12-23 23:00:00+00:00;34
2008-12-27 23:00:00+00:00;1
2008-12-29 23:00:00+00:00;34
2009-01-04 23:00:00+00:00;2
2009-01-06 23:00:00+00:00;1
2009-01-08 23:00:00+00:00;4
2009-01-11 23:00:00+00:00;6
2009-01-12 23:00:00+00:00;8
2009-01-13 23:00:00+00:00;13
2009-01-14 23:00:00+00:00;1
2009-01-15 23:00:00+00:00;20
2009-01-18 23:00:00+00:00;2
2009-01-19 23:00:00+00:00;62
2009-01-22 23:00:00+00:00;1
2009-01-24 23:00:00+00:00;1
2009-01-25 23:00:00+00:00;46
2009-01-27 23:00:00+00:00;1
2009-01-28 23:00:00+00:00;11
2009-01-29 23:00:00+00:00;151
2009-02-02 23:00:00+00:00;1
2009-02-03 23:00:00+00:00;2
2009-02-04 23:00:00+00:00;11
2009-02-09 23:00:00+00:00;5
2009-02-10 23:00:00+00:00;8
2009-02-11 23:00:00+00:00;2
2009-02-12 23:00:00+00:00;7
2009-02-15 23:00:00+00:00;17
2009-02-16 23:00:00+00:00;1
2009-02-17 23:00:00+00:00;3
2009-02-18 23:00:00+00:00;1
2009-02-19 23:00:00+00:00;5
2009-02-23 23:00:00+00:00;7
2009-02-24 23:00:00+00:00;1
2009-02-25 23:00:00+00:00;4
2009-02-26 23:00:00+00:00;8
2009-03-01 23:00:00+00:00;2
2009-03-02 23:00:00+00:00;22
2009-03-03 23:00:00+00:00;9
2009-03-04 23:00:00+00:00;6
2009-03-08 23:00:00+00:00;21
2009-03-09 23:00:00+00:00;1
2009-03-10 23:00:00+00:00;57
2009-03-11 23:00:00+00:00;1
2009-03-12 23:00:00+00:00;2
2009-03-15 23:00:00+00:00;2
2009-03-16 23:00:00+00:00;88
2009-03-17 23:00:00+00:00;3
2009-03-18 23:00:00+00:00;5
2009-03-19 23:00:00+00:00;2
2009-03-22 23:00:00+00:00;58
2009-03-23 23:00:00+00:00;4
2009-03-24 23:00:00+00:00;1
2009-03-26 23:00:00+00:00;5
2009-03-29 22:00:00+00:00;42
2009-03-31 22:00:00+00:00;6
2009-04-02 22:00:00+00:00;5
2009-04-04 22:00:00+00:00;1
2009-04-05 22:00:00+00:00;54
2009-04-06 22:00:00+00:00;1
2009-04-07 22:00:00+00:00;38
2009-04-08 22:00:00+00:00;7
2009-04-09 22:00:00+00:00;14
2009-04-11 22:00:00+00:00;1
2009-04-13 22:00:00+00:00;15
2009-04-14 22:00:00+00:00;6
2009-04-15 22:00:00+00:00;1
2009-04-19 22:00:00+00:00;2
2009-04-20 22:00:00+00:00;5
2009-04-22 22:00:00+00:00;11
2009-04-23 22:00:00+00:00;5
2009-04-25 22:00:00+00:00;1
2009-04-28 22:00:00+00:00;1
2009-04-30 22:00:00+00:00;2
2009-05-03 22:00:00+00:00;1
2009-05-05 22:00:00+00:00;1
2009-05-06 22:00:00+00:00;1
2009-05-07 22:00:00+00:00;7
2009-05-10 22:00:00+00:00;18
2009-05-12 22:00:00+00:00;13
2009-05-13 22:00:00+00:00;6
2009-05-14 22:00:00+00:00;15
2009-05-17 22:00:00+00:00;1
2009-05-19 22:00:00+00:00;88
2009-05-22 22:00:00+00:00;3
2009-05-25 22:00:00+00:00;7
2009-05-26 22:00:00+00:00;3
2009-05-27 22:00:00+00:00;27
2009-05-28 22:00:00+00:00;3
2009-06-01 22:00:00+00:00;1
2009-06-07 22:00:00+00:00;3
2009-06-09 22:00:00+00:00;1
2009-06-10 22:00:00+00:00;4
2009-06-14 22:00:00+00:00;124
2009-06-17 22:00:00+00:00;1
2009-06-18 22:00:00+00:00;1
2009-06-21 22:00:00+00:00;2
2009-06-24 22:00:00+00:00;16
2009-06-26 22:00:00+00:00;1
2009-06-28 22:00:00+00:00;49
2009-06-29 22:00:00+00:00;4
2009-06-30 22:00:00+00:00;1
2009-07-02 22:00:00+00:00;4
2009-07-05 22:00:00+00:00;33
2009-07-06 22:00:00+00:00;4
2009-07-09 22:00:00+00:00;7
2009-07-15 22:00:00+00:00;3
2009-07-19 22:00:00+00:00;2
2009-07-20 22:00:00+00:00;2
2009-07-21 22:00:00+00:00;6
2009-07-23 22:00:00+00:00;3
2009-07-26 22:00:00+00:00;1
2009-07-27 22:00:00+00:00;4
2009-07-28 22:00:00+00:00;2
2009-07-29 22:00:00+00:00;6
2009-07-30 22:00:00+00:00;85
2009-07-31 22:00:00+00:00;9
2009-08-03 22:00:00+00:00;1
2009-08-05 22:00:00+00:00;7
2009-08-06 22:00:00+00:00;1
2009-08-09 22:00:00+00:00;49
2009-08-10 22:00:00+00:00;37
2009-08-11 22:00:00+00:00;1
2009-08-12 22:00:00+00:00;9
2009-08-17 22:00:00+00:00;57
2009-08-18 22:00:00+00:00;30
2009-08-19 22:00:00+00:00;6
2009-08-24 22:00:00+00:00;4
2009-08-26 22:00:00+00:00;66
2009-08-27 22:00:00+00:00;13
2009-08-30 22:00:00+00:00;2
2009-09-02 22:00:00+00:00;1
2009-09-03 22:00:00+00:00;5
2009-09-06 22:00:00+00:00;2
2009-09-07 22:00:00+00:00;1
2009-09-08 22:00:00+00:00;99
2009-09-09 22:00:00+00:00;3
2009-09-10 22:00:00+00:00;15
2009-09-13 22:00:00+00:00;4
2009-09-14 22:00:00+00:00;1
2009-09-15 22:00:00+00:00;3
2009-09-16 22:00:00+00:00;2
2009-09-17 22:00:00+00:00;95
2009-09-18 22:00:00+00:00;2
2009-09-20 22:00:00+00:00;17
2009-09-21 22:00:00+00:00;1
2009-09-22 22:00:00+00:00;9
2009-09-23 22:00:00+00:00;1
2009-09-27 22:00:00+00:00;9
2009-09-28 22:00:00+00:00;18
2009-09-29 22:00:00+00:00;6
2009-09-30 22:00:00+00:00;37
2009-10-04 22:00:00+00:00;111
2009-10-05 22:00:00+00:00;5
2009-10-06 22:00:00+00:00;5
2009-10-08 22:00:00+00:00;8
2009-10-09 22:00:00+00:00;1
2009-10-11 22:00:00+00:00;4
2009-10-12 22:00:00+00:00;2
2009-10-13 22:00:00+00:00;8
2009-10-14 22:00:00+00:00;33
2009-10-15 22:00:00+00:00;5
2009-10-18 22:00:00+00:00;11
2009-10-19 22:00:00+00:00;3
2009-10-20 22:00:00+00:00;2
2009-10-21 22:00:00+00:00;90
2009-10-22 22:00:00+00:00;2
2009-10-25 23:00:00+00:00;1
2009-10-26 23:00:00+00:00;1
2009-10-29 23:00:00+00:00;69
2009-11-01 23:00:00+00:00;16
2009-11-02 23:00:00+00:00;4
2009-11-04 23:00:00+00:00;4
2009-11-08 23:00:00+00:00;13
2009-11-11 23:00:00+00:00;1
2009-11-12 23:00:00+00:00;2
2009-11-15 23:00:00+00:00;2
2009-11-17 23:00:00+00:00;1
2009-11-18 23:00:00+00:00;3
2009-11-19 23:00:00+00:00;19
2009-11-22 23:00:00+00:00;3
2009-11-23 23:00:00+00:00;69
2009-11-24 23:00:00+00:00;4
2009-11-25 23:00:00+00:00;1
2009-11-26 23:00:00+00:00;1
2009-11-30 23:00:00+00:00;1
2009-12-01 23:00:00+00:00;6
2009-12-02 23:00:00+00:00;3
2009-12-06 23:00:00+00:00;4
2009-12-08 23:00:00+00:00;43
2009-12-09 23:00:00+00:00;6
2009-12-13 23:00:00+00:00;1
2009-12-14 23:00:00+00:00;3
2009-12-15 23:00:00+00:00;28
2009-12-16 23:00:00+00:00;2
2009-12-17 23:00:00+00:00;1
2009-12-20 23:00:00+00:00;93
2009-12-21 23:00:00+00:00;1
2009-12-23 23:00:00+00:00;10
2009-12-29 23:00:00+00:00;3
2009-12-30 23:00:00+00:00;2
2010-01-04 23:00:00+00:00;1
2010-01-05 23:00:00+00:00;9
2010-01-06 23:00:00+00:00;1
2010-01-07 23:00:00+00:00;6
2010-01-10 23:00:00+00:00;18
2010-01-11 23:00:00+00:00;47
2010-01-12 23:00:00+00:00;3
2010-01-13 23:00:00+00:00;4
2010-01-14 23:00:00+00:00;10
2010-01-17 23:00:00+00:00;67
2010-01-18 23:00:00+00:00;29
2010-01-19 23:00:00+00:00;34
2010-01-20 23:00:00+00:00;4
2010-01-21 23:00:00+00:00;2
2010-01-24 23:00:00+00:00;2
2010-01-25 23:00:00+00:00;1
2010-01-27 23:00:00+00:00;10
2010-01-28 23:00:00+00:00;4
2010-01-31 23:00:00+00:00;2
2010-02-01 23:00:00+00:00;1
2010-02-02 23:00:00+00:00;2
2010-02-07 23:00:00+00:00;54
2010-02-08 23:00:00+00:00;5
2010-02-09 23:00:00+00:00;2
2010-02-10 23:00:00+00:00;1
2010-02-11 23:00:00+00:00;63
2010-02-14 23:00:00+00:00;1
2010-02-15 23:00:00+00:00;29
2010-02-16 23:00:00+00:00;3
2010-02-17 23:00:00+00:00;70
2010-02-18 23:00:00+00:00;5
2010-02-20 23:00:00+00:00;3
2010-02-22 23:00:00+00:00;19
2010-02-23 23:00:00+00:00;62
2010-02-25 23:00:00+00:00;1
2010-02-28 23:00:00+00:00;2
2010-03-01 23:00:00+00:00;62
2010-03-02 23:00:00+00:00;2
2010-03-03 23:00:00+00:00;41
2010-03-07 23:00:00+00:00;1
2010-03-08 23:00:00+00:00;11
2010-03-09 23:00:00+00:00;1
2010-03-10 23:00:00+00:00;1
2010-03-11 23:00:00+00:00;5
2010-03-14 23:00:00+00:00;1
2010-03-15 23:00:00+00:00;1
2010-03-16 23:00:00+00:00;6
2010-03-17 23:00:00+00:00;132
2010-03-18 23:00:00+00:00;2
2010-03-21 23:00:00+00:00;45
2010-03-22 23:00:00+00:00;1
2010-03-23 23:00:00+00:00;6
2010-03-24 23:00:00+00:00;6
2010-03-25 23:00:00+00:00;25
2010-03-28 22:00:00+00:00;2
2010-03-29 22:00:00+00:00;2
2010-03-30 22:00:00+00:00;32
2010-04-01 22:00:00+00:00;3
2010-04-05 22:00:00+00:00;1
2010-04-06 22:00:00+00:00;96
2010-04-08 22:00:00+00:00;11
2010-04-11 22:00:00+00:00;29
2010-04-12 22:00:00+00:00;38
2010-04-13 22:00:00+00:00;2
2010-04-14 22:00:00+00:00;5
2010-04-18 22:00:00+00:00;45
2010-04-19 22:00:00+00:00;3
2010-04-20 22:00:00+00:00;38
2010-04-21 22:00:00+00:00;5
2010-04-22 22:00:00+00:00;3
2010-04-25 22:00:00+00:00;5
2010-04-26 22:00:00+00:00;9
2010-04-27 22:00:00+00:00;17
2010-04-28 22:00:00+00:00;1
2010-05-02 22:00:00+00:00;45
2010-05-03 22:00:00+00:00;2
2010-05-05 22:00:00+00:00;2
2010-05-06 22:00:00+00:00;49
2010-05-09 22:00:00+00:00;6
2010-05-10 22:00:00+00:00;2
2010-05-11 22:00:00+00:00;3
2010-05-16 22:00:00+00:00;3
2010-05-17 22:00:00+00:00;2
2010-05-18 22:00:00+00:00;10
2010-05-19 22:00:00+00:00;3
2010-05-20 22:00:00+00:00;1
2010-05-24 22:00:00+00:00;1
2010-05-25 22:00:00+00:00;50
2010-05-26 22:00:00+00:00;7
2010-05-27 22:00:00+00:00;4
2010-05-30 22:00:00+00:00;39
2010-05-31 22:00:00+00:00;58
2010-06-01 22:00:00+00:00;28
2010-06-02 22:00:00+00:00;3
2010-06-03 22:00:00+00:00;10
2010-06-08 22:00:00+00:00;16
2010-06-10 22:00:00+00:00;84
2010-06-13 22:00:00+00:00;146
2010-06-14 22:00:00+00:00;19
2010-06-15 22:00:00+00:00;6
2010-06-16 22:00:00+00:00;16
2010-06-17 22:00:00+00:00;1
2010-06-21 22:00:00+00:00;136
2010-06-22 22:00:00+00:00;11
2010-06-23 22:00:00+00:00;12
2010-06-27 22:00:00+00:00;3
2010-06-28 22:00:00+00:00;2
2010-06-29 22:00:00+00:00;9
2010-07-01 22:00:00+00:00;1
2010-07-04 22:00:00+00:00;2
2010-07-05 22:00:00+00:00;60
2010-07-06 22:00:00+00:00;7
2010-07-07 22:00:00+00:00;7
2010-07-08 22:00:00+00:00;14
2010-07-14 22:00:00+00:00;52
2010-07-15 22:00:00+00:00;1
2010-07-18 22:00:00+00:00;2
2010-07-19 22:00:00+00:00;20
2010-07-20 22:00:00+00:00;18
2010-07-21 22:00:00+00:00;28
2010-07-22 22:00:00+00:00;47
2010-07-25 22:00:00+00:00;10
2010-07-26 22:00:00+00:00;23
2010-07-27 22:00:00+00:00;27
2010-07-28 22:00:00+00:00;163
2010-07-29 22:00:00+00:00;3
2010-08-01 22:00:00+00:00;5
2010-08-02 22:00:00+00:00;4
2010-08-03 22:00:00+00:00;6
2010-08-04 22:00:00+00:00;26
2010-08-05 22:00:00+00:00;8
2010-08-08 22:00:00+00:00;3
2010-08-10 22:00:00+00:00;86
2010-08-15 22:00:00+00:00;3
2010-08-16 22:00:00+00:00;54
2010-08-17 22:00:00+00:00;6
2010-08-19 22:00:00+00:00;1
2010-08-22 22:00:00+00:00;10
2010-08-25 22:00:00+00:00;2
2010-08-26 22:00:00+00:00;1
2010-08-27 22:00:00+00:00;2
2010-08-30 22:00:00+00:00;2
2010-09-02 22:00:00+00:00;14
2010-09-05 22:00:00+00:00;7
2010-09-06 22:00:00+00:00;31
2010-09-07 22:00:00+00:00;1
2010-09-08 22:00:00+00:00;48
2010-09-09 22:00:00+00:00;5
2010-09-12 22:00:00+00:00;4
2010-09-13 22:00:00+00:00;1
2010-09-14 22:00:00+00:00;21
2010-09-15 22:00:00+00:00;1
2010-09-16 22:00:00+00:00;1
2010-09-19 22:00:00+00:00;1
2010-09-21 22:00:00+00:00;1
2010-09-22 22:00:00+00:00;5
2010-09-23 22:00:00+00:00;103
2010-09-26 22:00:00+00:00;2
2010-09-27 22:00:00+00:00;3
2010-09-29 22:00:00+00:00;6
2010-09-30 22:00:00+00:00;49
2010-10-03 22:00:00+00:00;1
2010-10-04 22:00:00+00:00;1
2010-10-07 22:00:00+00:00;14
2010-10-10 22:00:00+00:00;1
2010-10-11 22:00:00+00:00;4
2010-10-12 22:00:00+00:00;1
2010-10-13 22:00:00+00:00;1
2010-10-14 22:00:00+00:00;10
2010-10-17 22:00:00+00:00;1
2010-10-19 22:00:00+00:00;9
2010-10-20 22:00:00+00:00;62
2010-10-21 22:00:00+00:00;31
2010-10-24 22:00:00+00:00;2
2010-10-25 22:00:00+00:00;21
2010-10-26 22:00:00+00:00;11
2010-10-27 22:00:00+00:00;6
2010-10-28 22:00:00+00:00;32
2010-11-02 23:00:00+00:00;4
2010-11-03 23:00:00+00:00;10
2010-11-04 23:00:00+00:00;2
2010-11-07 23:00:00+00:00;72
2010-11-08 23:00:00+00:00;3
2010-11-18 23:00:00+00:00;3
2010-11-21 23:00:00+00:00;8
2010-11-22 23:00:00+00:00;5
2010-11-23 23:00:00+00:00;3
2010-11-25 23:00:00+00:00;5
2010-11-28 23:00:00+00:00;14
2010-11-29 23:00:00+00:00;13
2010-11-30 23:00:00+00:00;7
2010-12-01 23:00:00+00:00;2
2010-12-02 23:00:00+00:00;10
2010-12-05 23:00:00+00:00;25
2010-12-06 23:00:00+00:00;20
2010-12-07 23:00:00+00:00;26
2010-12-09 23:00:00+00:00;3
2010-12-13 23:00:00+00:00;21
2010-12-14 23:00:00+00:00;6
2010-12-15 23:00:00+00:00;12
2010-12-16 23:00:00+00:00;1
2010-12-19 23:00:00+00:00;7
2010-12-20 23:00:00+00:00;8
2010-12-21 23:00:00+00:00;7
2010-12-22 23:00:00+00:00;14
2010-12-23 23:00:00+00:00;23
2010-12-26 23:00:00+00:00;45
2010-12-27 23:00:00+00:00;8
2010-12-28 23:00:00+00:00;6
2010-12-29 23:00:00+00:00;1
2011-01-02 23:00:00+00:00;20
2011-01-03 23:00:00+00:00;3
2011-01-04 23:00:00+00:00;35
2011-01-05 23:00:00+00:00;3
2011-01-06 23:00:00+00:00;5
2011-01-09 23:00:00+00:00;7
2011-01-10 23:00:00+00:00;1
2011-01-11 23:00:00+00:00;4
2011-01-12 23:00:00+00:00;2
2011-01-13 23:00:00+00:00;3
2011-01-14 23:00:00+00:00;1
2011-01-16 23:00:00+00:00;6
2011-01-17 23:00:00+00:00;4
2011-01-18 23:00:00+00:00;6
2011-01-19 23:00:00+00:00;26
2011-01-20 23:00:00+00:00;2
2011-01-23 23:00:00+00:00;3
2011-01-24 23:00:00+00:00;4
2011-01-25 23:00:00+00:00;25
2011-01-26 23:00:00+00:00;1
2011-01-27 23:00:00+00:00;3
2011-01-30 23:00:00+00:00;36
2011-02-01 23:00:00+00:00;42
2011-02-02 23:00:00+00:00;39
2011-02-03 23:00:00+00:00;29
2011-02-06 23:00:00+00:00;24
2011-02-07 23:00:00+00:00;15
2011-02-08 23:00:00+00:00;18
2011-02-09 23:00:00+00:00;19
2011-02-10 23:00:00+00:00;4
2011-02-13 23:00:00+00:00;31
2011-02-14 23:00:00+00:00;5
2011-02-15 23:00:00+00:00;24
2011-02-16 23:00:00+00:00;3
2011-02-17 23:00:00+00:00;21
2011-02-20 23:00:00+00:00;5
2011-02-21 23:00:00+00:00;8
2011-02-22 23:00:00+00:00;3
2011-02-23 23:00:00+00:00;22
2011-02-24 23:00:00+00:00;32
2011-02-27 23:00:00+00:00;9
2011-02-28 23:00:00+00:00;2
2011-03-01 23:00:00+00:00;10
2011-03-02 23:00:00+00:00;9
2011-03-03 23:00:00+00:00;3
2011-03-06 23:00:00+00:00;18
2011-03-07 23:00:00+00:00;3
2011-03-08 23:00:00+00:00;14
2011-03-09 23:00:00+00:00;16
2011-03-10 23:00:00+00:00;34
2011-03-13 23:00:00+00:00;2
2011-03-14 23:00:00+00:00;20
2011-03-15 23:00:00+00:00;5
2011-03-16 23:00:00+00:00;3
2011-03-17 23:00:00+00:00;3
2011-03-20 23:00:00+00:00;123
2011-03-21 23:00:00+00:00;5
2011-03-22 23:00:00+00:00;45
2011-03-23 23:00:00+00:00;14
2011-03-24 23:00:00+00:00;2
2011-03-27 22:00:00+00:00;20
2011-03-28 22:00:00+00:00;8
2011-03-29 22:00:00+00:00;12
2011-03-30 22:00:00+00:00;3
2011-03-31 22:00:00+00:00;4
2011-04-03 22:00:00+00:00;9
2011-04-04 22:00:00+00:00;21
2011-04-05 22:00:00+00:00;2
2011-04-06 22:00:00+00:00;3
2011-04-07 22:00:00+00:00;15
2011-04-10 22:00:00+00:00;6
2011-04-11 22:00:00+00:00;12
2011-04-12 22:00:00+00:00;11
2011-04-13 22:00:00+00:00;8
2011-04-14 22:00:00+00:00;3
2011-04-17 22:00:00+00:00;13
2011-04-18 22:00:00+00:00;10
2011-04-19 22:00:00+00:00;13
2011-04-20 22:00:00+00:00;17
2011-04-21 22:00:00+00:00;6
2011-04-25 22:00:00+00:00;19
2011-04-26 22:00:00+00:00;6
2011-04-27 22:00:00+00:00;10
2011-04-28 22:00:00+00:00;10
2011-05-01 22:00:00+00:00;2
2011-05-02 22:00:00+00:00;16
2011-05-03 22:00:00+00:00;13
2011-05-04 22:00:00+00:00;1
2011-05-05 22:00:00+00:00;2
2011-05-08 22:00:00+00:00;8
2011-05-09 22:00:00+00:00;7
2011-05-10 22:00:00+00:00;5
2011-05-11 22:00:00+00:00;9
2011-05-12 22:00:00+00:00;4
2011-05-15 22:00:00+00:00;17
2011-05-16 22:00:00+00:00;6
2011-05-17 22:00:00+00:00;27
2011-05-18 22:00:00+00:00;3
2011-05-19 22:00:00+00:00;5
2011-05-22 22:00:00+00:00;7
2011-05-23 22:00:00+00:00;7
2011-05-24 22:00:00+00:00;7
2011-05-25 22:00:00+00:00;41
2011-05-26 22:00:00+00:00;3
2011-05-29 22:00:00+00:00;2
2011-05-30 22:00:00+00:00;17
2011-05-31 22:00:00+00:00;6
2011-06-02 22:00:00+00:00;3
2011-06-05 22:00:00+00:00;3
2011-06-06 22:00:00+00:00;3
2011-06-07 22:00:00+00:00;15
2011-06-08 22:00:00+00:00;5
2011-06-09 22:00:00+00:00;9
2011-06-13 22:00:00+00:00;7
2011-06-14 22:00:00+00:00;36
2011-06-15 22:00:00+00:00;1
2011-06-16 22:00:00+00:00;2
2011-06-19 22:00:00+00:00;1
2011-06-20 22:00:00+00:00;25
2011-06-21 22:00:00+00:00;49
2011-06-22 22:00:00+00:00;7
2011-06-23 22:00:00+00:00;10
2011-06-26 22:00:00+00:00;8
2011-06-27 22:00:00+00:00;31
2011-06-28 22:00:00+00:00;7
2011-06-29 22:00:00+00:00;16
2011-06-30 22:00:00+00:00;5
2011-07-03 22:00:00+00:00;14
2011-07-04 22:00:00+00:00;12
2011-07-05 22:00:00+00:00;15
2011-07-06 22:00:00+00:00;4
2011-07-07 22:00:00+00:00;15
2011-07-10 22:00:00+00:00;11
2011-07-11 22:00:00+00:00;1
2011-07-12 22:00:00+00:00;10
2011-07-13 22:00:00+00:00;3
2011-07-14 22:00:00+00:00;2
2011-07-17 22:00:00+00:00;7
2011-07-18 22:00:00+00:00;7
2011-07-19 22:00:00+00:00;10
2011-07-20 22:00:00+00:00;10
2011-07-21 22:00:00+00:00;10
2011-07-24 22:00:00+00:00;17
2011-07-25 22:00:00+00:00;45
2011-07-26 22:00:00+00:00;19
2011-07-27 22:00:00+00:00;13
2011-07-28 22:00:00+00:00;8
2011-07-31 22:00:00+00:00;28
2011-08-01 22:00:00+00:00;67
2011-08-02 22:00:00+00:00;33
2011-08-03 22:00:00+00:00;10
2011-08-04 22:00:00+00:00;11
2011-08-05 22:00:00+00:00;1
2011-08-07 22:00:00+00:00;11
2011-08-08 22:00:00+00:00;76
2011-08-09 22:00:00+00:00;89
2011-08-10 22:00:00+00:00;23
2011-08-11 22:00:00+00:00;20
2011-08-14 22:00:00+00:00;8
2011-08-15 22:00:00+00:00;23
2011-08-16 22:00:00+00:00;23
2011-08-17 22:00:00+00:00;2
2011-08-18 22:00:00+00:00;25
2011-08-21 22:00:00+00:00;5
2011-08-22 22:00:00+00:00;23
2011-08-23 22:00:00+00:00;4
2011-08-24 22:00:00+00:00;31
2011-08-25 22:00:00+00:00;6
2011-08-28 22:00:00+00:00;17
2011-08-29 22:00:00+00:00;24
2011-08-30 22:00:00+00:00;9
2011-08-31 22:00:00+00:00;22
2011-09-01 22:00:00+00:00;15
2011-09-04 22:00:00+00:00;42
2011-09-05 22:00:00+00:00;31
2011-09-06 22:00:00+00:00;4
2011-09-07 22:00:00+00:00;7
2011-09-08 22:00:00+00:00;2
2011-09-11 22:00:00+00:00;25
2011-09-12 22:00:00+00:00;24
2011-09-13 22:00:00+00:00;12
2011-09-14 22:00:00+00:00;10
2011-09-15 22:00:00+00:00;7
2011-09-18 22:00:00+00:00;9
2011-09-19 22:00:00+00:00;11
2011-09-20 22:00:00+00:00;10
2011-09-21 22:00:00+00:00;28
2011-09-22 22:00:00+00:00;19
2011-09-25 22:00:00+00:00;9
2011-09-26 22:00:00+00:00;3
2011-09-27 22:00:00+00:00;14
2011-09-28 22:00:00+00:00;14
2011-09-29 22:00:00+00:00;6
2011-10-02 22:00:00+00:00;12
2011-10-03 22:00:00+00:00;15
2011-10-04 22:00:00+00:00;10
2011-10-05 22:00:00+00:00;21
2011-10-06 22:00:00+00:00;5
2011-10-08 22:00:00+00:00;7
2011-10-09 22:00:00+00:00;27
2011-10-10 22:00:00+00:00;33
2011-10-11 22:00:00+00:00;50
2011-10-12 22:00:00+00:00;37
2011-10-13 22:00:00+00:00;5
2011-10-14 22:00:00+00:00;11
2011-10-16 22:00:00+00:00;31
2011-10-17 22:00:00+00:00;15
2011-10-18 22:00:00+00:00;3
2011-10-19 22:00:00+00:00;43
2011-10-20 22:00:00+00:00;26
2011-10-22 22:00:00+00:00;6
2011-10-23 22:00:00+00:00;20
2011-10-24 22:00:00+00:00;16
2011-10-25 22:00:00+00:00;11
2011-10-26 22:00:00+00:00;19
2011-10-27 22:00:00+00:00;16
2011-10-30 23:00:00+00:00;25
2011-10-31 23:00:00+00:00;17
2011-11-01 23:00:00+00:00;16
2011-11-02 23:00:00+00:00;13
2011-11-03 23:00:00+00:00;6
2011-11-06 23:00:00+00:00;8
2011-11-07 23:00:00+00:00;7
2011-11-08 23:00:00+00:00;7
2011-11-09 23:00:00+00:00;21
2011-11-10 23:00:00+00:00;9
2011-11-13 23:00:00+00:00;15
2011-11-14 23:00:00+00:00;12
2011-11-15 23:00:00+00:00;6
2011-11-16 23:00:00+00:00;31
2011-11-17 23:00:00+00:00;3
2011-11-20 23:00:00+00:00;6
2011-11-21 23:00:00+00:00;11
2011-11-22 23:00:00+00:00;43
2011-11-23 23:00:00+00:00;3
2011-11-27 23:00:00+00:00;4
2011-11-28 23:00:00+00:00;5
2011-11-29 23:00:00+00:00;5
2011-11-30 23:00:00+00:00;21
2011-12-01 23:00:00+00:00;2
2011-12-04 23:00:00+00:00;6
2011-12-05 23:00:00+00:00;5
2011-12-06 23:00:00+00:00;21
2011-12-07 23:00:00+00:00;18
2011-12-08 23:00:00+00:00;11
2011-12-11 23:00:00+00:00;6
2011-12-12 23:00:00+00:00;16
2011-12-13 23:00:00+00:00;18
2011-12-14 23:00:00+00:00;4
2011-12-15 23:00:00+00:00;29
2011-12-18 23:00:00+00:00;31
2011-12-19 23:00:00+00:00;16
2011-12-20 23:00:00+00:00;19
2011-12-21 23:00:00+00:00;41
2011-12-22 23:00:00+00:00;9
2011-12-26 23:00:00+00:00;2
2011-12-28 23:00:00+00:00;8
2012-01-01 23:00:00+00:00;7
2012-01-02 23:00:00+00:00;25
2012-01-03 23:00:00+00:00;44
2012-01-04 23:00:00+00:00;13
2012-01-05 23:00:00+00:00;3
2012-01-08 23:00:00+00:00;25
2012-01-09 23:00:00+00:00;39
2012-01-10 23:00:00+00:00;30
2012-01-11 23:00:00+00:00;20
2012-01-12 23:00:00+00:00;2
2012-01-15 23:00:00+00:00;15
2012-01-16 23:00:00+00:00;5
2012-01-17 23:00:00+00:00;5
2012-01-18 23:00:00+00:00;11
2012-01-19 23:00:00+00:00;11
2012-01-22 23:00:00+00:00;6
2012-01-23 23:00:00+00:00;21
2012-01-24 23:00:00+00:00;25
2012-01-25 23:00:00+00:00;39
2012-01-26 23:00:00+00:00;98
2012-01-29 23:00:00+00:00;10
2012-01-30 23:00:00+00:00;22
2012-01-31 23:00:00+00:00;21
2012-02-01 23:00:00+00:00;14
2012-02-02 23:00:00+00:00;11
2012-02-05 23:00:00+00:00;29
2012-02-06 23:00:00+00:00;9
2012-02-07 23:00:00+00:00;13
2012-02-08 23:00:00+00:00;19
2012-02-09 23:00:00+00:00;21
2012-02-12 23:00:00+00:00;32
2012-02-13 23:00:00+00:00;17
2012-02-14 23:00:00+00:00;9
2012-02-15 23:00:00+00:00;5
2012-02-16 23:00:00+00:00;2
2012-02-19 23:00:00+00:00;18
2012-02-20 23:00:00+00:00;4
2012-02-21 23:00:00+00:00;12
2012-02-22 23:00:00+00:00;25
2012-02-23 23:00:00+00:00;10
2012-02-26 23:00:00+00:00;4
2012-02-27 23:00:00+00:00;4
2012-02-28 23:00:00+00:00;3
2012-02-29 23:00:00+00:00;10
2012-03-01 23:00:00+00:00;6
2012-03-04 23:00:00+00:00;5
2012-03-05 23:00:00+00:00;7
2012-03-06 23:00:00+00:00;20
2012-03-07 23:00:00+00:00;10
2012-03-08 23:00:00+00:00;1
2012-03-11 23:00:00+00:00;3
2012-03-12 23:00:00+00:00;10
2012-03-13 23:00:00+00:00;21
2012-03-14 23:00:00+00:00;4
2012-03-15 23:00:00+00:00;2
2012-03-16 23:00:00+00:00;1
2012-03-18 23:00:00+00:00;13
2012-03-19 23:00:00+00:00;2
2012-03-20 23:00:00+00:00;9
2012-03-21 23:00:00+00:00;11
2012-03-22 23:00:00+00:00;1
2012-03-25 22:00:00+00:00;31
2012-03-26 22:00:00+00:00;5
2012-03-27 22:00:00+00:00;8
2012-03-28 22:00:00+00:00;5
2012-03-29 22:00:00+00:00;2
2012-03-30 22:00:00+00:00;4
2012-04-01 22:00:00+00:00;13
2012-04-02 22:00:00+00:00;13
2012-04-03 22:00:00+00:00;10
2012-04-04 22:00:00+00:00;3
2012-04-09 22:00:00+00:00;5
2012-04-10 22:00:00+00:00;15
2012-04-11 22:00:00+00:00;5
2012-04-12 22:00:00+00:00;11
2012-04-15 22:00:00+00:00;6
2012-04-16 22:00:00+00:00;9
2012-04-17 22:00:00+00:00;29
2012-04-18 22:00:00+00:00;8
2012-04-19 22:00:00+00:00;6
2012-04-22 22:00:00+00:00;1
2012-04-23 22:00:00+00:00;8
2012-04-24 22:00:00+00:00;16
2012-04-25 22:00:00+00:00;12
2012-04-26 22:00:00+00:00;6
2012-04-30 22:00:00+00:00;14
2012-05-01 22:00:00+00:00;46
2012-05-02 22:00:00+00:00;34
2012-05-03 22:00:00+00:00;46
2012-05-06 22:00:00+00:00;23
2012-05-07 22:00:00+00:00;13
2012-05-08 22:00:00+00:00;12
2012-05-09 22:00:00+00:00;9
2012-05-10 22:00:00+00:00;10
2012-05-13 22:00:00+00:00;14
2012-05-14 22:00:00+00:00;30
2012-05-15 22:00:00+00:00;18
2012-05-17 22:00:00+00:00;2
2012-05-21 22:00:00+00:00;14
2012-05-22 22:00:00+00:00;30
2012-05-23 22:00:00+00:00;10
2012-05-24 22:00:00+00:00;7
2012-05-28 22:00:00+00:00;6
2012-05-29 22:00:00+00:00;22
2012-05-30 22:00:00+00:00;9
2012-05-31 22:00:00+00:00;5
2012-06-03 22:00:00+00:00;15
2012-06-04 22:00:00+00:00;3
2012-06-05 22:00:00+00:00;35
2012-06-06 22:00:00+00:00;5
2012-06-07 22:00:00+00:00;9
2012-06-10 22:00:00+00:00;5
2012-06-11 22:00:00+00:00;4
2012-06-12 22:00:00+00:00;21
2012-06-13 22:00:00+00:00;24
2012-06-14 22:00:00+00:00;1
2012-06-17 22:00:00+00:00;15
2012-06-18 22:00:00+00:00;1
2012-06-19 22:00:00+00:00;3
2012-06-20 22:00:00+00:00;7
2012-06-21 22:00:00+00:00;3
2012-06-24 22:00:00+00:00;11
2012-06-25 22:00:00+00:00;11
2012-06-26 22:00:00+00:00;19
2012-06-27 22:00:00+00:00;4
2012-06-28 22:00:00+00:00;2
2012-07-01 22:00:00+00:00;7
2012-07-02 22:00:00+00:00;13
2012-07-03 22:00:00+00:00;6
2012-07-04 22:00:00+00:00;48
2012-07-05 22:00:00+00:00;2
2012-07-08 22:00:00+00:00;13
2012-07-09 22:00:00+00:00;15
2012-07-10 22:00:00+00:00;5
2012-07-12 22:00:00+00:00;4
2012-07-15 22:00:00+00:00;11
2012-07-16 22:00:00+00:00;7
2012-07-17 22:00:00+00:00;13
2012-07-18 22:00:00+00:00;18
2012-07-19 22:00:00+00:00;10
2012-07-22 22:00:00+00:00;84
2012-07-23 22:00:00+00:00;9
2012-07-24 22:00:00+00:00;11
2012-07-25 22:00:00+00:00;16
2012-07-26 22:00:00+00:00;2
2012-07-29 22:00:00+00:00;9
2012-07-30 22:00:00+00:00;3
2012-08-01 22:00:00+00:00;6
2012-08-02 22:00:00+00:00;11
2012-08-05 22:00:00+00:00;13
2012-08-06 22:00:00+00:00;18
2012-08-07 22:00:00+00:00;21
2012-08-08 22:00:00+00:00;7
2012-08-09 22:00:00+00:00;2
2012-08-12 22:00:00+00:00;17
2012-08-13 22:00:00+00:00;3
2012-08-14 22:00:00+00:00;10
2012-08-15 22:00:00+00:00;8
2012-08-16 22:00:00+00:00;7
2012-08-19 22:00:00+00:00;18
2012-08-20 22:00:00+00:00;18
2012-08-21 22:00:00+00:00;13
2012-08-22 22:00:00+00:00;29
2012-08-23 22:00:00+00:00;4
2012-08-26 22:00:00+00:00;6
2012-08-27 22:00:00+00:00;3
2012-08-28 22:00:00+00:00;14
2012-08-29 22:00:00+00:00;12
2012-08-30 22:00:00+00:00;3
2012-09-02 22:00:00+00:00;19
2012-09-03 22:00:00+00:00;15
2012-09-04 22:00:00+00:00;48
2012-09-05 22:00:00+00:00;15
2012-09-06 22:00:00+00:00;3
2012-09-09 22:00:00+00:00;7
2012-09-10 22:00:00+00:00;9
2012-09-11 22:00:00+00:00;12
2012-09-12 22:00:00+00:00;6
2012-09-13 22:00:00+00:00;4
2012-09-16 22:00:00+00:00;18
2012-09-17 22:00:00+00:00;8
2012-09-18 22:00:00+00:00;11
2012-09-19 22:00:00+00:00;4
2012-09-20 22:00:00+00:00;7
2012-09-23 22:00:00+00:00;14
2012-09-24 22:00:00+00:00;28
2012-09-25 22:00:00+00:00;3
2012-09-26 22:00:00+00:00;10
2012-09-27 22:00:00+00:00;11
2012-09-30 22:00:00+00:00;10
2012-10-01 22:00:00+00:00;19
2012-10-02 22:00:00+00:00;16
2012-10-03 22:00:00+00:00;14
2012-10-04 22:00:00+00:00;7
2012-10-07 22:00:00+00:00;4
2012-10-08 22:00:00+00:00;11
2012-10-09 22:00:00+00:00;44
2012-10-10 22:00:00+00:00;44
2012-10-11 22:00:00+00:00;43
2012-10-14 22:00:00+00:00;8
2012-10-15 22:00:00+00:00;29
2012-10-16 22:00:00+00:00;5
2012-10-17 22:00:00+00:00;23
2012-10-18 22:00:00+00:00;24
2012-10-21 22:00:00+00:00;13
2012-10-22 22:00:00+00:00;16
2012-10-23 22:00:00+00:00;25
2012-10-24 22:00:00+00:00;16
2012-10-25 22:00:00+00:00;11
2012-10-28 23:00:00+00:00;36
2012-10-29 23:00:00+00:00;30
2012-10-30 23:00:00+00:00;21
2012-10-31 23:00:00+00:00;25
2012-11-01 23:00:00+00:00;13
2012-11-04 23:00:00+00:00;24
2012-11-05 23:00:00+00:00;11
2012-11-06 23:00:00+00:00;12
2012-11-07 23:00:00+00:00;12
2012-11-08 23:00:00+00:00;1
2012-11-11 23:00:00+00:00;12
2012-11-12 23:00:00+00:00;15
2012-11-13 23:00:00+00:00;8
2012-11-14 23:00:00+00:00;24
2012-11-15 23:00:00+00:00;3
2012-11-18 23:00:00+00:00;11
2012-11-19 23:00:00+00:00;8
2012-11-20 23:00:00+00:00;16
2012-11-21 23:00:00+00:00;16
2012-11-22 23:00:00+00:00;8
2012-11-25 23:00:00+00:00;4
2012-11-26 23:00:00+00:00;3
2012-11-27 23:00:00+00:00;3
2012-11-28 23:00:00+00:00;25
2012-11-29 23:00:00+00:00;8
2012-12-02 23:00:00+00:00;7
2012-12-03 23:00:00+00:00;8
2012-12-04 23:00:00+00:00;7
2012-12-05 23:00:00+00:00;10
2012-12-09 23:00:00+00:00;22
2012-12-10 23:00:00+00:00;6
2012-12-11 23:00:00+00:00;32
2012-12-12 23:00:00+00:00;8
2012-12-13 23:00:00+00:00;19
2012-12-16 23:00:00+00:00;1
2012-12-17 23:00:00+00:00;35
2012-12-18 23:00:00+00:00;13
2012-12-19 23:00:00+00:00;7
2012-12-20 23:00:00+00:00;32
2012-12-23 23:00:00+00:00;1
2013-01-01 23:00:00+00:00;28
2013-01-02 23:00:00+00:00;24
2013-01-03 23:00:00+00:00;3
2013-01-06 23:00:00+00:00;1
2013-01-07 23:00:00+00:00;11
2013-01-08 23:00:00+00:00;26
2013-01-09 23:00:00+00:00;5
2013-01-10 23:00:00+00:00;7
2013-01-13 23:00:00+00:00;16
2013-01-14 23:00:00+00:00;33
2013-01-15 23:00:00+00:00;9
2013-01-16 23:00:00+00:00;13
2013-01-17 23:00:00+00:00;29
2013-01-20 23:00:00+00:00;17
2013-01-21 23:00:00+00:00;25
2013-01-22 23:00:00+00:00;12
2013-01-23 23:00:00+00:00;20
2013-01-24 23:00:00+00:00;25
2013-01-27 23:00:00+00:00;15
2013-01-28 23:00:00+00:00;9
2013-01-29 23:00:00+00:00;15
2013-01-30 23:00:00+00:00;17
2013-01-31 23:00:00+00:00;4
2013-02-03 23:00:00+00:00;15
2013-02-04 23:00:00+00:00;4
2013-02-05 23:00:00+00:00;7
2013-02-06 23:00:00+00:00;6
2013-02-07 23:00:00+00:00;18
2013-02-10 23:00:00+00:00;16
2013-02-11 23:00:00+00:00;3
2013-02-12 23:00:00+00:00;6
2013-02-13 23:00:00+00:00;14
2013-02-14 23:00:00+00:00;2
2013-02-17 23:00:00+00:00;51
2013-02-18 23:00:00+00:00;3
2013-02-19 23:00:00+00:00;3
2013-02-20 23:00:00+00:00;4
2013-02-21 23:00:00+00:00;2
2013-02-24 23:00:00+00:00;10
2013-02-25 23:00:00+00:00;3
2013-02-26 23:00:00+00:00;15
2013-02-27 23:00:00+00:00;31
2013-02-28 23:00:00+00:00;5
2013-03-03 23:00:00+00:00;20
2013-03-04 23:00:00+00:00;16
2013-03-05 23:00:00+00:00;6
2013-03-06 23:00:00+00:00;3
2013-03-07 23:00:00+00:00;2
2013-03-10 23:00:00+00:00;2
2013-03-11 23:00:00+00:00;25
2013-03-12 23:00:00+00:00;9
2013-03-13 23:00:00+00:00;3
2013-03-14 23:00:00+00:00;22
2013-03-17 23:00:00+00:00;9
2013-03-18 23:00:00+00:00;4
2013-03-19 23:00:00+00:00;6
2013-03-20 23:00:00+00:00;17
2013-03-21 23:00:00+00:00;10
2013-03-24 23:00:00+00:00;14
2013-03-25 23:00:00+00:00;10
2013-03-26 23:00:00+00:00;5
2013-03-27 23:00:00+00:00;8
2013-04-01 22:00:00+00:00;8
2013-04-02 22:00:00+00:00;19
2013-04-03 22:00:00+00:00;14
2013-04-04 22:00:00+00:00;24
2013-04-07 22:00:00+00:00;21
2013-04-08 22:00:00+00:00;12
2013-04-09 22:00:00+00:00;12
2013-04-10 22:00:00+00:00;7
2013-04-11 22:00:00+00:00;7
2013-04-12 22:00:00+00:00;6
2013-04-14 22:00:00+00:00;3
2013-04-15 22:00:00+00:00;8
2013-04-16 22:00:00+00:00;2
2013-04-17 22:00:00+00:00;19
2013-04-18 22:00:00+00:00;7
2013-04-21 22:00:00+00:00;4
2013-04-22 22:00:00+00:00;4
2013-04-23 22:00:00+00:00;25
2013-04-24 22:00:00+00:00;15
2013-04-25 22:00:00+00:00;6
2013-04-28 22:00:00+00:00;6
2013-04-30 22:00:00+00:00;4
2013-05-01 22:00:00+00:00;2
2013-05-02 22:00:00+00:00;24
2013-05-05 22:00:00+00:00;9
2013-05-06 22:00:00+00:00;3
2013-05-07 22:00:00+00:00;10
2013-05-09 22:00:00+00:00;3
2013-05-12 22:00:00+00:00;6
2013-05-13 22:00:00+00:00;42
2013-05-14 22:00:00+00:00;22
2013-05-15 22:00:00+00:00;12
2013-05-16 22:00:00+00:00;4
2013-05-20 22:00:00+00:00;10
2013-05-21 22:00:00+00:00;10
2013-05-22 22:00:00+00:00;3
2013-05-23 22:00:00+00:00;1
2013-05-26 22:00:00+00:00;2
2013-05-27 22:00:00+00:00;7
2013-05-28 22:00:00+00:00;10
2013-05-29 22:00:00+00:00;4
2013-05-30 22:00:00+00:00;4
2013-06-02 22:00:00+00:00;2
2013-06-03 22:00:00+00:00;8
2013-06-04 22:00:00+00:00;17
2013-06-05 22:00:00+00:00;34
2013-06-06 22:00:00+00:00;2
2013-06-09 22:00:00+00:00;1
2013-06-10 22:00:00+00:00;20
2013-06-11 22:00:00+00:00;30
2013-06-12 22:00:00+00:00;13
2013-06-13 22:00:00+00:00;1
2013-06-16 22:00:00+00:00;9
2013-06-17 22:00:00+00:00;4
2013-06-18 22:00:00+00:00;3
2013-06-19 22:00:00+00:00;1
2013-06-20 22:00:00+00:00;2
2013-06-23 22:00:00+00:00;5
2013-06-24 22:00:00+00:00;23
2013-06-25 22:00:00+00:00;11
2013-06-26 22:00:00+00:00;11
2013-06-27 22:00:00+00:00;1
2013-07-01 22:00:00+00:00;5
2013-07-02 22:00:00+00:00;13
2013-07-03 22:00:00+00:00;7
2013-07-04 22:00:00+00:00;11
2013-07-07 22:00:00+00:00;7
2013-07-08 22:00:00+00:00;6
2013-07-09 22:00:00+00:00;7
2013-07-10 22:00:00+00:00;16
2013-07-11 22:00:00+00:00;9
2013-07-14 22:00:00+00:00;4
2013-07-15 22:00:00+00:00;4
2013-07-16 22:00:00+00:00;5
2013-07-17 22:00:00+00:00;3
2013-07-18 22:00:00+00:00;17
2013-07-21 22:00:00+00:00;11
2013-07-22 22:00:00+00:00;8
2013-07-23 22:00:00+00:00;16
2013-07-24 22:00:00+00:00;4
2013-07-25 22:00:00+00:00;1
2013-07-28 22:00:00+00:00;8
2013-07-29 22:00:00+00:00;3
2013-07-30 22:00:00+00:00;5
2013-07-31 22:00:00+00:00;5
2013-08-01 22:00:00+00:00;1
2013-08-04 22:00:00+00:00;5
2013-08-05 22:00:00+00:00;28
2013-08-06 22:00:00+00:00;9
2013-08-07 22:00:00+00:00;20
2013-08-08 22:00:00+00:00;30
2013-08-11 22:00:00+00:00;30
2013-08-12 22:00:00+00:00;8
2013-08-13 22:00:00+00:00;6
2013-08-14 22:00:00+00:00;11
2013-08-15 22:00:00+00:00;10
2013-08-18 22:00:00+00:00;8
2013-08-19 22:00:00+00:00;7
2013-08-20 22:00:00+00:00;8
2013-08-21 22:00:00+00:00;3
2013-08-22 22:00:00+00:00;3
2013-08-26 22:00:00+00:00;2
2013-08-27 22:00:00+00:00;3
2013-08-28 22:00:00+00:00;8
2013-09-01 22:00:00+00:00;4
2013-09-02 22:00:00+00:00;33
2013-09-03 22:00:00+00:00;8
2013-09-04 22:00:00+00:00;29
2013-09-05 22:00:00+00:00;9
2013-09-07 22:00:00+00:00;5
2013-09-08 22:00:00+00:00;2
2013-09-09 22:00:00+00:00;8
2013-09-10 22:00:00+00:00;31
2013-09-11 22:00:00+00:00;24
2013-09-12 22:00:00+00:00;5
2013-09-15 22:00:00+00:00;11
2013-09-16 22:00:00+00:00;2
2013-09-17 22:00:00+00:00;3
2013-09-18 22:00:00+00:00;2
2013-09-19 22:00:00+00:00;14
2013-09-22 22:00:00+00:00;7
2013-09-23 22:00:00+00:00;6
2013-09-24 22:00:00+00:00;5
2013-09-25 22:00:00+00:00;1
2013-09-26 22:00:00+00:00;23
2013-09-29 22:00:00+00:00;3
2013-09-30 22:00:00+00:00;2
2013-10-01 22:00:00+00:00;10
2013-10-02 22:00:00+00:00;18
2013-10-03 22:00:00+00:00;4
2013-10-06 22:00:00+00:00;1
2013-10-07 22:00:00+00:00;19
2013-10-08 22:00:00+00:00;6
2013-10-09 22:00:00+00:00;10
2013-10-10 22:00:00+00:00;6
2013-10-13 22:00:00+00:00;8
2013-10-14 22:00:00+00:00;15
2013-10-15 22:00:00+00:00;10
2013-10-16 22:00:00+00:00;14
2013-10-17 22:00:00+00:00;5
2013-10-20 22:00:00+00:00;3
2013-10-21 22:00:00+00:00;7
2013-10-22 22:00:00+00:00;2
2013-10-23 22:00:00+00:00;18
2013-10-24 22:00:00+00:00;6
2013-10-27 23:00:00+00:00;14
2013-10-28 23:00:00+00:00;10
2013-10-29 23:00:00+00:00;15
2013-10-30 23:00:00+00:00;29
2013-11-03 23:00:00+00:00;15
2013-11-04 23:00:00+00:00;13
2013-11-05 23:00:00+00:00;1
2013-11-06 23:00:00+00:00;3
2013-11-07 23:00:00+00:00;9
2013-11-10 23:00:00+00:00;1
2013-11-11 23:00:00+00:00;56
2013-11-12 23:00:00+00:00;1
2013-11-13 23:00:00+00:00;18
2013-11-14 23:00:00+00:00;5
2013-11-17 23:00:00+00:00;7
2013-11-18 23:00:00+00:00;3
2013-11-19 23:00:00+00:00;4
2013-11-20 23:00:00+00:00;17
2013-11-21 23:00:00+00:00;1
2013-11-24 23:00:00+00:00;3
2013-11-25 23:00:00+00:00;12
2013-11-26 23:00:00+00:00;3
2013-11-27 23:00:00+00:00;23
2013-11-28 23:00:00+00:00;1
2013-12-02 23:00:00+00:00;11
2013-12-03 23:00:00+00:00;7
2013-12-04 23:00:00+00:00;3
2013-12-08 23:00:00+00:00;9
2013-12-09 23:00:00+00:00;38
2013-12-10 23:00:00+00:00;31
2013-12-11 23:00:00+00:00;26
2013-12-12 23:00:00+00:00;12
2013-12-15 23:00:00+00:00;24
2013-12-16 23:00:00+00:00;24
2013-12-17 23:00:00+00:00;16
2013-12-18 23:00:00+00:00;41
2013-12-19 23:00:00+00:00;6
2013-12-22 23:00:00+00:00;2
2013-12-23 23:00:00+00:00;7
2013-12-29 23:00:00+00:00;1
2013-12-30 23:00:00+00:00;6
2014-01-01 23:00:00+00:00;7
2014-01-02 23:00:00+00:00;1
2014-01-05 23:00:00+00:00;16
2014-01-06 23:00:00+00:00;5
2014-01-07 23:00:00+00:00;7
2014-01-08 23:00:00+00:00;13
2014-01-09 23:00:00+00:00;12
2014-01-12 23:00:00+00:00;7
2014-01-13 23:00:00+00:00;2
2014-01-14 23:00:00+00:00;9
2014-01-15 23:00:00+00:00;6
2014-01-16 23:00:00+00:00;7
2014-01-19 23:00:00+00:00;55
2014-01-20 23:00:00+00:00;13
2014-01-21 23:00:00+00:00;19
2014-01-22 23:00:00+00:00;5
2014-01-23 23:00:00+00:00;1
2014-01-26 23:00:00+00:00;5
2014-01-28 23:00:00+00:00;10
2014-01-29 23:00:00+00:00;2
2014-01-30 23:00:00+00:00;4
2014-02-02 23:00:00+00:00;14
2014-02-03 23:00:00+00:00;4
2014-02-04 23:00:00+00:00;6
2014-02-05 23:00:00+00:00;18
2014-02-06 23:00:00+00:00;26
2014-02-07 23:00:00+00:00;11
2014-02-09 23:00:00+00:00;8
2014-02-10 23:00:00+00:00;1
2014-02-11 23:00:00+00:00;7
2014-02-12 23:00:00+00:00;5
2014-02-13 23:00:00+00:00;22
2014-02-16 23:00:00+00:00;2
2014-02-17 23:00:00+00:00;2
2014-02-18 23:00:00+00:00;4
2014-02-19 23:00:00+00:00;5
2014-02-20 23:00:00+00:00;9
2014-02-23 23:00:00+00:00;3
2014-02-24 23:00:00+00:00;2
2014-02-25 23:00:00+00:00;49
2014-02-26 23:00:00+00:00;34
2014-02-27 23:00:00+00:00;3
2014-03-02 23:00:00+00:00;20
2014-03-03 23:00:00+00:00;26
2014-03-04 23:00:00+00:00;32
2014-03-05 23:00:00+00:00;5
2014-03-06 23:00:00+00:00;9
2014-03-09 23:00:00+00:00;2
2014-03-10 23:00:00+00:00;7
2014-03-11 23:00:00+00:00;5
2014-03-12 23:00:00+00:00;18
2014-03-13 23:00:00+00:00;10
2014-03-18 23:00:00+00:00;19
2014-03-19 23:00:00+00:00;20
2014-03-23 23:00:00+00:00;40
2014-03-24 23:00:00+00:00;11
2014-03-25 23:00:00+00:00;6
2014-03-26 23:00:00+00:00;40
2014-03-27 23:00:00+00:00;21
2014-03-28 23:00:00+00:00;9
2014-03-30 22:00:00+00:00;3
2014-03-31 22:00:00+00:00;28
2014-04-01 22:00:00+00:00;10
2014-04-02 22:00:00+00:00;27
2014-04-03 22:00:00+00:00;19
2014-04-06 22:00:00+00:00;9
2014-04-07 22:00:00+00:00;7
2014-04-08 22:00:00+00:00;21
2014-04-09 22:00:00+00:00;2
2014-04-10 22:00:00+00:00;17
2014-04-13 22:00:00+00:00;8
2014-04-14 22:00:00+00:00;6
2014-04-15 22:00:00+00:00;32
2014-04-16 22:00:00+00:00;11
2014-04-17 22:00:00+00:00;3
2014-04-21 22:00:00+00:00;9
2014-04-22 22:00:00+00:00;25
2014-04-23 22:00:00+00:00;53
2014-04-24 22:00:00+00:00;3
2014-04-27 22:00:00+00:00;5
2014-04-28 22:00:00+00:00;16
2014-04-29 22:00:00+00:00;22
2014-04-30 22:00:00+00:00;36
2014-05-01 22:00:00+00:00;12
2014-05-04 22:00:00+00:00;6
2014-05-05 22:00:00+00:00;11
2014-05-06 22:00:00+00:00;5
2014-05-07 22:00:00+00:00;10
2014-05-08 22:00:00+00:00;1
2014-05-11 22:00:00+00:00;5
2014-05-12 22:00:00+00:00;2
2014-05-13 22:00:00+00:00;1
2014-05-15 22:00:00+00:00;3
2014-05-18 22:00:00+00:00;2
2014-05-19 22:00:00+00:00;3
2014-05-20 22:00:00+00:00;6
2014-05-21 22:00:00+00:00;12
2014-05-22 22:00:00+00:00;16
2014-05-25 22:00:00+00:00;28
2014-05-26 22:00:00+00:00;15
2014-05-27 22:00:00+00:00;20
2014-05-29 22:00:00+00:00;1
2014-06-01 22:00:00+00:00;3
2014-06-02 22:00:00+00:00;11
2014-06-03 22:00:00+00:00;25
2014-06-04 22:00:00+00:00;20
2014-06-05 22:00:00+00:00;2
2014-06-09 22:00:00+00:00;46
2014-06-10 22:00:00+00:00;12
2014-06-11 22:00:00+00:00;21
2014-06-12 22:00:00+00:00;15
2014-06-15 22:00:00+00:00;39
2014-06-16 22:00:00+00:00;2
2014-06-17 22:00:00+00:00;6
2014-06-18 22:00:00+00:00;3
2014-06-19 22:00:00+00:00;1
2014-06-22 22:00:00+00:00;23
2014-06-23 22:00:00+00:00;71
2014-06-24 22:00:00+00:00;31
2014-06-25 22:00:00+00:00;11
2014-06-26 22:00:00+00:00;9
2014-06-29 22:00:00+00:00;9
2014-06-30 22:00:00+00:00;27
2014-07-01 22:00:00+00:00;28
2014-07-02 22:00:00+00:00;9
2014-07-03 22:00:00+00:00;11
2014-07-07 22:00:00+00:00;6
2014-07-08 22:00:00+00:00;1
2014-07-09 22:00:00+00:00;2
2014-07-10 22:00:00+00:00;2
2014-07-13 22:00:00+00:00;17
2014-07-14 22:00:00+00:00;30
2014-07-15 22:00:00+00:00;18
2014-07-16 22:00:00+00:00;17
2014-07-17 22:00:00+00:00;7
2014-07-20 22:00:00+00:00;63
2014-07-21 22:00:00+00:00;50
2014-07-22 22:00:00+00:00;14
2014-07-23 22:00:00+00:00;14
2014-07-24 22:00:00+00:00;6
2014-07-27 22:00:00+00:00;35
2014-07-28 22:00:00+00:00;26
2014-07-29 22:00:00+00:00;1
2014-07-30 22:00:00+00:00;1
2014-07-31 22:00:00+00:00;8
2014-08-03 22:00:00+00:00;3
2014-08-04 22:00:00+00:00;7
2014-08-05 22:00:00+00:00;3
2014-08-07 22:00:00+00:00;2
2014-08-10 22:00:00+00:00;1
2014-08-11 22:00:00+00:00;4
2014-08-13 22:00:00+00:00;1
2014-08-14 22:00:00+00:00;17
2014-08-18 22:00:00+00:00;44
2014-08-19 22:00:00+00:00;37
2014-08-20 22:00:00+00:00;18
2014-08-21 22:00:00+00:00;7
2014-08-24 22:00:00+00:00;16
2014-08-25 22:00:00+00:00;4
2014-08-26 22:00:00+00:00;13
2014-08-27 22:00:00+00:00;16
2014-08-28 22:00:00+00:00;11
2014-08-31 22:00:00+00:00;23
2014-09-01 22:00:00+00:00;24
2014-09-02 22:00:00+00:00;4
2014-09-03 22:00:00+00:00;8
2014-09-04 22:00:00+00:00;7
2014-09-07 22:00:00+00:00;20
2014-09-08 22:00:00+00:00;22
2014-09-09 22:00:00+00:00;27
2014-09-10 22:00:00+00:00;32
2014-09-11 22:00:00+00:00;28
2014-09-14 22:00:00+00:00;7
2014-09-15 22:00:00+00:00;35
2014-09-16 22:00:00+00:00;2
2014-09-17 22:00:00+00:00;8
2014-09-18 22:00:00+00:00;15
2014-09-21 22:00:00+00:00;5
2014-09-22 22:00:00+00:00;2
2014-09-23 22:00:00+00:00;27
2014-09-24 22:00:00+00:00;15
2014-09-25 22:00:00+00:00;20
2014-09-28 22:00:00+00:00;16
2014-09-29 22:00:00+00:00;13
2014-09-30 22:00:00+00:00;11
2014-10-01 22:00:00+00:00;3
2014-10-02 22:00:00+00:00;15
2014-10-05 22:00:00+00:00;15
2014-10-06 22:00:00+00:00;27
2014-10-07 22:00:00+00:00;21
2014-10-08 22:00:00+00:00;2
2014-10-09 22:00:00+00:00;6
2014-10-12 22:00:00+00:00;5
2014-10-13 22:00:00+00:00;49
2014-10-14 22:00:00+00:00;41
2014-10-15 22:00:00+00:00;8
2014-10-16 22:00:00+00:00;14
2014-10-19 22:00:00+00:00;8
2014-10-20 22:00:00+00:00;18
2014-10-21 22:00:00+00:00;4
2014-10-22 22:00:00+00:00;10
2014-10-23 22:00:00+00:00;7
2014-10-25 22:00:00+00:00;1
2014-10-26 23:00:00+00:00;24
2014-10-27 23:00:00+00:00;21
2014-10-28 23:00:00+00:00;9
2014-10-29 23:00:00+00:00;40
2014-10-30 23:00:00+00:00;24
2014-11-02 23:00:00+00:00;17
2014-11-03 23:00:00+00:00;48
2014-11-04 23:00:00+00:00;38
2014-11-05 23:00:00+00:00;69
2014-11-06 23:00:00+00:00;20
2014-11-09 23:00:00+00:00;18
2014-11-10 23:00:00+00:00;12
2014-11-11 23:00:00+00:00;5
2014-11-12 23:00:00+00:00;2
2014-11-13 23:00:00+00:00;33
2014-11-17 23:00:00+00:00;3
2014-11-18 23:00:00+00:00;92
2014-11-19 23:00:00+00:00;1
2014-11-20 23:00:00+00:00;3
2014-11-23 23:00:00+00:00;8
2014-11-24 23:00:00+00:00;6
2014-11-25 23:00:00+00:00;8
2014-11-26 23:00:00+00:00;3
2014-11-27 23:00:00+00:00;9
2014-11-30 23:00:00+00:00;8
2014-12-01 23:00:00+00:00;17
2014-12-02 23:00:00+00:00;7
2014-12-03 23:00:00+00:00;32
2014-12-04 23:00:00+00:00;15
2014-12-07 23:00:00+00:00;44
2014-12-08 23:00:00+00:00;41
2014-12-09 23:00:00+00:00;27
2014-12-10 23:00:00+00:00;59
2014-12-11 23:00:00+00:00;24
2014-12-14 23:00:00+00:00;37
2014-12-15 23:00:00+00:00;8
2014-12-16 23:00:00+00:00;9
2014-12-17 23:00:00+00:00;39
2014-12-18 23:00:00+00:00;13
2014-12-21 23:00:00+00:00;5
2014-12-22 23:00:00+00:00;15
2014-12-23 23:00:00+00:00;14
2014-12-28 23:00:00+00:00;13
2015-01-04 23:00:00+00:00;7
2015-01-05 23:00:00+00:00;18
2015-01-06 23:00:00+00:00;6
2015-01-07 23:00:00+00:00;13
2015-01-08 23:00:00+00:00;1
2015-01-11 23:00:00+00:00;3
2015-01-12 23:00:00+00:00;3
2015-01-13 23:00:00+00:00;16
2015-01-14 23:00:00+00:00;6
2015-01-15 23:00:00+00:00;2
2015-01-17 23:00:00+00:00;1
2015-01-18 23:00:00+00:00;5
2015-01-19 23:00:00+00:00;16
2015-01-20 23:00:00+00:00;3
2015-01-21 23:00:00+00:00;2
2015-01-22 23:00:00+00:00;2
2015-01-25 23:00:00+00:00;2
2015-01-26 23:00:00+00:00;42
2015-01-27 23:00:00+00:00;11
2015-01-28 23:00:00+00:00;13
2015-01-29 23:00:00+00:00;3
2015-01-30 23:00:00+00:00;13
2015-01-31 23:00:00+00:00;2
2015-02-01 23:00:00+00:00;20
2015-02-02 23:00:00+00:00;51
2015-02-03 23:00:00+00:00;8
2015-02-04 23:00:00+00:00;13
2015-02-08 23:00:00+00:00;7
2015-02-09 23:00:00+00:00;10
2015-02-10 23:00:00+00:00;7
2015-02-11 23:00:00+00:00;5
2015-02-12 23:00:00+00:00;6
2015-02-13 23:00:00+00:00;2
2015-02-15 23:00:00+00:00;4
2015-02-16 23:00:00+00:00;25
2015-02-17 23:00:00+00:00;3
2015-02-19 23:00:00+00:00;1
2015-02-22 23:00:00+00:00;12
2015-02-24 23:00:00+00:00;4
2015-02-25 23:00:00+00:00;8
2015-02-26 23:00:00+00:00;34
2015-03-01 23:00:00+00:00;5
2015-03-02 23:00:00+00:00;13
2015-03-03 23:00:00+00:00;16
2015-03-04 23:00:00+00:00;15
2015-03-05 23:00:00+00:00;20
2015-03-06 23:00:00+00:00;4
2015-03-08 23:00:00+00:00;3
2015-03-10 23:00:00+00:00;2
2015-03-11 23:00:00+00:00;1
2015-03-12 23:00:00+00:00;9
2015-03-15 23:00:00+00:00;4
2015-03-16 23:00:00+00:00;14
2015-03-17 23:00:00+00:00;12
2015-03-18 23:00:00+00:00;12
2015-03-19 23:00:00+00:00;14
2015-03-22 23:00:00+00:00;62
2015-03-23 23:00:00+00:00;6
2015-03-24 23:00:00+00:00;3
2015-03-25 23:00:00+00:00;8
2015-03-26 23:00:00+00:00;3
2015-03-29 22:00:00+00:00;5
2015-03-30 22:00:00+00:00;3
2015-03-31 22:00:00+00:00;26
2015-04-01 22:00:00+00:00;6
2015-04-06 22:00:00+00:00;2
2015-04-07 22:00:00+00:00;1
2015-04-08 22:00:00+00:00;4
2015-04-09 22:00:00+00:00;1
2015-04-12 22:00:00+00:00;4
2015-04-13 22:00:00+00:00;41
2015-04-15 22:00:00+00:00;1
2015-04-16 22:00:00+00:00;2
2015-04-19 22:00:00+00:00;1
2015-04-20 22:00:00+00:00;21
2015-04-22 22:00:00+00:00;8
2015-04-27 22:00:00+00:00;4
2015-04-28 22:00:00+00:00;2
2015-04-29 22:00:00+00:00;24
2015-05-03 22:00:00+00:00;2
2015-05-04 22:00:00+00:00;2
2015-05-05 22:00:00+00:00;4
2015-05-06 22:00:00+00:00;14
2015-05-07 22:00:00+00:00;2
2015-05-10 22:00:00+00:00;12
2015-05-11 22:00:00+00:00;4
2015-05-12 22:00:00+00:00;4
2015-05-14 22:00:00+00:00;3
2015-05-17 22:00:00+00:00;2
2015-05-18 22:00:00+00:00;13
2015-05-19 22:00:00+00:00;2
2015-05-20 22:00:00+00:00;1
3009-03-02 23:00:00+00:00;1
6474-05-31 22:00:00+00:00;2
9998-12-31 23:00:00+00:00;119
;0
NULL;468661
