;883
(?);1
00026;4
00069;4
00317;1
00699;1
00840 a;1
00856;3
00862;1
00867;1
00870;8
00992;3
01082;3
01103;5
01105;7
01418;1
01420;1
01657;1
01760;1
01785 bis;4
02472 i;1
02480;1
02484 e;1
02549;2
02662;1
02688;1
02887 d;2
02902;2
02921;1
02933;2
02938;2
02943;1
03050;4
03254;2
03275 a;2
03280;1
03289;2
03506;1
03717;2
03832 c;1
04430;10
04899;1
04900;2
0622487968;3
06432 j;1
06472;2
06485;2
06660 l;1
06676 e;1
06720 y;1
06912 m;1
07233;1
10;1
100;1
10156;1
103;1
104;1
106;1
10689;1
108;1
11;1
111;1
11211;1
113;1
114;1
115;1
117;1
119;1
120;1
121;1
122;1
12282;1
125;1
126;1
13;1
13072;1
132;1
133;1
134;1
135;1
136;1
137;1
139;1
143;1
15;1
16;1
16014;1
16222;1
17;1
18;1
19;1
2;1
20;1
22;1
23;1
24;1
25;1
26;1
277012;1
277265;1
277840;1
277887;1
278749;1
28;1
29;1
31;1
31171;1
32;1
33;1
34;1
35;1
36;1
37/37a;1
38;1
39;1
40;1
40000001;1
40000002;1
40000003;1
40000004;1
40000005;1
40000006;1
40000007;1
40000008;1
40000009;1
40000010;1
40000011;1
40000012;1
40000013;1
40000014;1
40000015;1
40000016;1
40000017;1
40000018;1
40000019;1
40000020;1
40000021;1
40000022;1
40000023;1
40000024;1
40000025;1
40000026;1
40000027;1
40000028;1
40000029;1
40000030;1
40000031;1
40000032;1
40000033;1
40000034;1
40000035;1
40000036;1
40000037;1
40000038;1
40000039;1
40000040;1
40000041;1
40000042;1
40000043;1
40000044;1
40000045;1
40000046;1
40000047;1
40000048;1
40000049;1
40000050;1
40000051;1
40000052;1
40000053;1
40000054;1
40000055;1
40000056;1
40000057;1
40000058;1
40000059;1
40000060;1
40000061;1
40000062;1
40000063;1
40000064;1
40000065;1
40000066;1
40000067;1
40000068;1
40000069;1
40000070;1
40000071;1
40000072;1
40000073;1
40000074;1
40000075;1
40000076;1
40000077;1
40000078;1
40000079;1
40000080;1
40000081;1
40000082;1
40000083;1
40000084;1
40000085;1
40000086;1
40000087;1
40000088;1
40000089;1
40000090;1
40000091;1
40000092;1
40000093;1
40000094;1
40000095;1
40000096;1
40000097;1
40000098;1
40000099;1
40000100;1
40000101;1
40000102;1
40000103;1
40000104;1
40000105;1
40000106;1
40000107;1
40000108;1
40000109;1
40000110;1
40000111;1
40000112;1
40000113;1
40000114;1
40000115;1
40000116;1
40000117;1
40000118;1
40000119;1
40000120;1
40000121;1
40000122;1
40000123;1
40000124;1
40000125;1
40000126;1
40000127;1
40000128;1
40000129;1
40000130;1
40000131;1
40000132;1
40000133;1
40000134;1
40000135;1
40000136;1
40000137;1
40000138;1
40000139;1
40000140;1
40000141;1
40000142;1
40000143;1
40000144;1
40000145;1
40000146;1
40000147;1
40000148;1
40000149;1
40000150;1
40000151;1
40000152;1
40000153;1
40000154;1
40000155;1
40000156;1
40000157;1
40000158;1
40000159;1
40000160;1
40000161;1
40000162;1
40000163;1
40000164;1
40000165;1
40000166;1
40000167;1
40000168;1
40000169;1
40000170;1
40000171;1
40000172;1
40000173;1
40000174;1
40000175;1
40000176;1
40000177;1
40000178;1
40000179;1
40000180;1
40000181;1
40000182;1
40000183;1
40000184;1
40000185;1
40000186;1
40000187;1
40000188;1
40000189;1
40000190;1
40000191;1
40000192;1
40000193;1
40000194;1
40000195;1
40000196;1
40000197;1
40000198;1
40000199;1
40000201;1
40000202;1
40000203;1
40000204;1
40000205;1
40000206;1
40000207;1
40000208;1
40000209;1
40000210;1
40000211;1
40000212;1
40000213;1
40000214;1
40000215;1
40000216;1
40000217;1
40000218;1
40000219;1
40000220;1
40000221;1
40000222;1
40000223;1
40000224;1
40000225;1
40000226;1
40000227;1
40000228;1
40000229;1
40000230;1
40000231;1
40000232;1
40000233;1
40000234;1
40000235;1
40000236;1
40000237;1
40000238;1
40000239;1
40000240;1
40000241;1
40000242;1
40000243;1
40000244;1
40000245;1
40000246;1
40000247;1
40000248;1
40000249;1
40000250;1
40000251;1
40000252;1
40000253;1
40000254;1
40000255;1
40000256;1
40000257;1
40000258;1
40000259;1
40000260;1
40000261;1
40000262;1
40000263;1
40000264;1
40000265;1
40000266;1
40000267;1
40000268;1
40000269;1
40000270;1
40000271;1
40000272;1
40000273;1
40000274;1
40000275;1
40000276;1
40000277;1
40000278;1
40000279;1
40000280;1
40000281;1
40000282;1
40000283;1
40000284;1
40000285;1
40000286;1
40000287;1
40000288;1
40000289;1
40000290;1
40000291;1
40000292;1
40000293;1
40000294;1
40000295;1
40000296;1
40000297;1
40000298;1
40000299;1
40000300;1
40000301;1
40000302;1
40000303;1
40000304;1
40000305;1
40000306;1
40000307;1
40000308;1
40000309;1
40000310;1
40000311;1
40000312;1
40000313;1
40000314;1
40000315;1
40000316;1
40000317;1
40000318;1
40000319;1
40000320;1
40000321;1
40000322;1
40000323;1
40000324;1
40000325;1
40000326;1
40000327;1
40000328;1
40000329;1
40000330;1
40000331;1
40000332;1
40000333;1
40000334;1
40000335;1
40000336;1
40000337;1
40000338;1
40000339;1
40000340;1
40000341;1
40000342;1
40000343;1
40000344;1
40000345;1
40000346;1
40000347;1
40000348;1
40000349;1
40000350;1
40000351;1
40000352;1
40000353;1
40000354;1
40000355;1
40000356;1
40000357;1
40000358;1
40000359;1
40000360;1
40000361;1
40000362;1
40000363;1
40000364;1
40000365;1
40000366;1
40000367;1
40000368;1
40000369;1
40000370;1
40000371;1
40000372;1
40000373;1
40000374;1
40000375;1
40000376;1
40000377;1
40000378;1
40000379;1
40000380;1
40000381;1
40000382;1
40000383;1
40000384;1
40000385;1
40000386;1
40000387;1
40000388;1
40000389;1
40000390;1
40000391;1
40000392;1
40000393;1
40000394;1
40000395;1
40000396;1
40000397;1
40000398;1
40000399;1
40000400;1
40000401;1
40000402;1
40000403;1
40000404;1
40000405;1
40000406;1
40000407;1
40000408;1
40000409;1
40000410;1
40000411;1
40000412;1
40000413;1
40000414;1
40000415;1
40000416;1
40000417;1
40000418;1
40000419;1
40000420;1
40000421;1
40000422;1
40000423;1
40000424;1
40000425;1
40000426;1
40000427;1
40000428;1
40000429;1
40000430;1
40000431;1
40000432;1
40000433;1
40000434;1
40000435;1
40000436;1
40000437;1
40000438;1
40000439;1
40000440;1
40000441;1
40000442;1
40000443;1
40000444;1
40000445;1
40000446;1
40000447;1
40000448;1
40000449;1
40000450;1
40000451;1
40000452;1
40000453;1
40000454;1
40000455;1
40000456;1
40000457;1
40000458;1
40000459;1
40000460;1
40000461;1
40000462;1
40000463;1
40000464;1
40000465;1
40000466;1
40000467;1
40000468;1
40000469;1
40000470;1
40000471;1
40000472;1
40000473;1
40000474;1
40000475;1
40000476;1
40000477;1
40000478;1
40000479;1
40000480;1
40000481;1
40000482;1
40000483;1
40000484;1
40000485;1
40000486;1
40000487;1
40000488;1
40000489;1
40000490;1
40000491;1
40000492;1
40000493;1
40000494;1
40000495;1
40000496;1
40000497;1
40000498;1
40000499;1
40000500;1
40000501;1
40000502;1
40000503;1
40000504;1
40000505;1
40000506;1
40000507;1
40000508;1
40000509;1
40000510;1
40000511;1
40000512;1
40000513;1
40000514;1
40000515;1
40000516;1
40000517;1
40000518;1
40000519;1
40000520;1
40000521;1
40000522;1
40000523;1
40000524;1
40000525;1
40000526;1
40000527;1
40000528;1
40000529;1
40000530;1
40000531;1
40000532;1
40000533;1
40000534;1
40000535;1
40000536;1
40000537;1
40000538;1
40000539;1
40000540;1
40000541;1
40000542;1
40000543;1
40000544;1
40000545;1
40000546;1
40000547;1
40000548;1
40000549;1
40000550;1
40000551;1
40000552;1
40000553;1
40000554;1
40000555;1
40000556;1
40000557;1
40000558;1
40000559;1
40000560;1
40000561;1
40000562;1
40000563;1
40000564;1
40000565;1
40000566;1
40000567;1
40000568;1
40000569;1
40000570;1
40000571;1
40000572;1
40000573;1
40000574;1
40000575;1
40000576;1
40000577;1
40000578;1
40000579;1
40000580;1
40000581;1
40000582;1
40000583;1
40000584;1
40000585;1
40000586;1
40000587;1
40000588;1
40000589;1
40000590;1
40000591;1
40000592;1
40000593;1
40000594;1
40000595;1
40000596;1
40000597;1
40000598;1
40000599;1
40000600;1
40000601;1
40000602;1
40000603;1
40000604;1
40000605;1
40000606;1
40000607;1
40000608;1
40000609;1
40000610;1
40000611;1
40000612;1
40000613;1
40000614;1
40000615;1
40000616;1
40000617;1
40000618;1
40000619;1
40000620;1
40000621;1
40000622;1
40000623;1
40000624;1
40000625;1
40000626;1
40000627;1
40000628;1
40000629;1
40000630;1
40000631;1
40000632;1
40000633;1
40000634;1
40000635;1
40000636;1
40000637;1
40000638;1
40000639;1
40000640;1
40000641;1
40000642;1
40000643;1
40000644;1
40000645;1
40000646;1
40000647;1
40000648;1
40000649;1
40000650;1
40000651;1
40000652;1
40000653;1
40000654;1
40000655;1
40000656;1
40000657;1
40000658;1
40000659;1
40000660;1
40000661;1
40000662;1
40000663;1
40000664;1
40000665;1
40000666;1
40000667;1
40000668;1
40000669;1
40000670;1
40000671;1
40000672;1
40000673;1
40000674;1
40000675;1
40000676;1
40000677;1
40000678;1
40000679;1
40000680;1
40000681;1
40000682;1
40000683;1
40000684;1
40000685;1
40000686;1
40000687;1
40000688;1
40000689;1
40000690;1
40000691;1
40000692;1
40000693;1
40000694;1
40000695;1
40000696;1
40000697;1
40000698;1
40000699;1
40000700;1
40000701;1
40000702;1
40000703;1
40000704;1
40000705;1
40000706;1
40000707;1
40000708;1
40000709;1
40000710;1
40000711;1
40000712;1
40000713;1
40000714;1
40000715;1
40000716;1
40000717;1
40000718;1
40000719;1
40000720;1
40000721;1
40000722;1
40000723;1
40000724;1
40000725;1
40000726;1
40000727;1
40000728;1
40000729;1
40000730;1
40000731;1
40000732;1
40000733;1
40000734;1
40000735;1
40000736;1
40000737;1
40000738;1
40000739;1
40000740;1
40000741;1
40000742;1
40000743;1
40000744;1
40000745;1
40000746;1
40000747;1
40000748;1
40000749;1
40000750;1
40000751;1
40000752;1
40000753;1
40000754;1
40000755;1
40000756;1
40000757;1
40000758;1
40000759;1
40000760;1
40000761;1
40000762;1
40000763;1
40000764;1
40000765;1
40000766;1
40000767;1
40000768;1
40000769;1
40000770;1
40000771;1
40000772;1
40000773;1
40000774;1
40000775;1
40000776;1
40000777;1
40000778;1
40000779;1
40000780;1
40000781;1
40000782;1
40000783;1
40000784;1
40000785;1
40000786;1
40000787;1
40000788;1
40000789;1
40000790;1
40000791;1
40000792;1
40000793;1
40000794;1
40000795;1
40000796;1
40000797;1
40000798;1
40000799;1
40000800;1
40000801;1
40000802;1
40000803;1
40000804;1
40000805;1
40000806;1
40000807;1
40000808;1
40000809;1
40000810;1
40000811;1
40000812;1
40000813;1
40000814;1
40000815;1
40000816;1
40000817;1
40000818;1
40000819;1
40000820;1
40000821;1
40000822;1
40000823;1
40000824;1
40000825;1
40000826;1
40000827;1
40000828;1
40000829;1
40000830;1
40000831;1
40000832;1
40000833;1
40000834;1
40000835;1
40000836;1
40000837;1
40000838;1
40000839;1
40000840;1
40000841;1
40000842;1
40000843;1
40000844;1
40000845;1
40000846;1
40000847;1
40000848;1
40000849;1
40000850;1
40000851;1
40000852;1
40000853;1
40000854;1
40000855;1
40000856;1
40000857;1
40000858;1
40000859;1
40000860;1
40000861;1
40000862;1
40000863;1
40000864;1
40000865;1
40000866;1
40000867;1
40000868;1
40000869;1
40000870;1
40000871;1
40000872;1
40000873;1
40000874;1
40000875;1
40000876;1
40000877;1
40000878;1
40000879;1
40000880;1
40000881;1
40000882;1
40000883;1
40000884;1
40000885;1
40000886;1
40000887;1
40000888;1
40000889;1
40000890;1
40000891;1
40000892;1
40000893;1
40000894;1
40000895;1
40000896;1
40000897;1
40000898;1
40000899;1
40000900;1
40000901;1
40000902;1
40000903;1
40000904;1
40000905;1
40000906;1
40000907;1
40000908;1
40000909;1
40000910;1
40000911;1
40000912;1
40000913;1
40000914;1
40000915;1
40000916;1
40000917;1
40000918;1
40000919;1
40000920;1
40000921;1
40000922;1
40000923;1
40000924;1
40000925;1
40000926;1
40000927;1
40000928;1
40000929;1
40000930;1
40000931;1
40000932;1
40000933;1
40000934;1
40000935;1
40000936;1
40000937;1
40000938;1
40000939;1
40000940;1
40000941;1
40000942;1
40000943;1
40000944;1
40000945;1
40000946;1
40000947;1
40000948;1
40000949;1
40000950;1
40000951;1
40000952;1
40000953;1
40000954;1
40000955;1
40000956;1
40000957;1
40000958;1
40000959;1
40000960;1
40000961;1
40000962;1
40000963;1
40000964;1
40000965;1
40000966;1
40000967;1
40000968;1
40000969;1
40000970;1
40000971;1
40000972;1
40000973;1
40000974;1
40000975;1
40000976;1
40000977;1
40000978;1
40000979;1
40000980;1
40000981;1
40000982;1
40000983;1
40000984;1
40000985;1
40000986;1
40000987;1
40000988;1
40000989;1
40000990;1
40000991;1
40000992;1
40000993;1
40000994;1
40000995;1
40000996;1
40000997;1
40000998;1
40000999;1
40001000;1
40001001;1
40001002;1
40001003;1
40001004;1
40001005;1
40001006;1
40001007;1
40001008;1
40001009;1
40001010;1
40001011;1
40001012;1
40001013;1
40001014;1
40001015;1
40001016;1
40001017;1
40001018;1
40001019;1
40001020;1
40001021;1
40001022;1
40001023;1
40001024;1
40001025;1
40001026;1
40001027;1
40001028;1
40001029;1
40001030;1
40001031;1
40001032;1
40001033;1
40001034;1
40001035;1
40001036;1
40001037;1
40001038;1
40001039;1
40001040;1
40001041;1
40001042;1
40001043;1
40001044;1
40001045;1
40001046;1
40001047;1
40001048;1
40001049;1
40001050;1
40001051;1
40001052;1
40001053;1
40001054;1
40001055;1
40001056;1
40001057;1
40001058;1
40001059;1
40001060;1
40001061;1
40001062;1
40001063;1
40001064;1
40001065;1
40001066;1
40001067;1
40001068;1
40001069;1
40001070;1
40001071;1
40001072;1
40001073;1
40001074;1
40001075;1
40001076;1
40001077;1
40001078;1
40001079;1
40001080;1
40001081;1
40001082;1
40001083;1
40001084;1
40001085;1
40001086;1
40001087;1
40001088;1
40001089;1
40001090;1
40001091;1
40001092;1
40001093;1
40001094;1
40001095;1
40001096;1
40001097;1
40001098;1
40001099;1
40001100;1
40001101;1
40001102;1
40001103;1
40001104;1
40001105;1
40001106;1
40001107;1
40001108;1
40001109;1
40001110;1
40001111;1
40001112;1
40001113;1
40001114;1
40001115;1
40001116;1
40001117;1
40001118;1
40001119;1
40001120;1
40001121;1
40001122;1
40001123;1
40001124;1
40001125;1
40001126;1
40001127;1
40001128;1
40001129;1
40001130;1
40001131;1
40001132;1
40001133;1
40001134;1
40001135;1
40001136;1
40001137;1
40001138;1
40001139;1
40001140;1
40001141;1
40001142;1
40001143;1
40001144;1
40001145;1
40001146;1
40001147;1
40001148;1
40001149;1
40001150;1
40001151;1
40001152;1
40001153;1
40001154;1
40001155;1
40001156;1
40001157;1
40001158;1
40001159;1
40001160;1
40001161;1
40001162;1
40001163;1
40001164;1
40001165;1
40001166;1
40001167;1
40001168;1
40001169;1
40001170;1
40001171;1
40001172;1
40001173;1
40001174;1
40001175;1
40001176;1
40001177;1
40001178;1
40001179;1
40001180;1
40001181;1
40001182;1
40001183;1
40001184;1
40001185;1
40001186;1
40001187;1
40001188;1
40001189;1
40001190;1
40001191;1
40001192;1
40001193;1
40001194;1
40001195;1
40001196;1
40001197;1
40001198;1
40001199;1
40001200;1
40001201;1
40001202;1
40001203;1
40001204;1
40001205;1
40001206;1
40001207;1
40001208;1
40001209;1
40001210;1
40001211;1
40001212;1
40001213;1
40001214;1
40001215;1
40001216;1
40001217;1
40001218;1
40001219;1
40001220;1
40001221;1
40001222;1
40001223;1
40001224;1
40001225;1
40001226;1
40001227;1
40001228;1
40001229;1
40001230;1
40001231;1
40001232;1
40001233;1
40001234;1
40001235;1
40001236;1
40001237;1
40001238;1
40001239;1
40001240;1
40001241;1
40001242;1
40001243;1
40001244;1
40001245;1
40001246;1
40001247;1
40001248;1
40001249;1
40001250;1
40001251;1
40001252;1
40001253;1
40001254;1
40001255;1
40001256;1
40001257;1
40001258;1
40001259;1
40001260;1
40001261;1
40001262;1
40001263;1
40001264;1
40001265;1
40001266;1
40001267;1
40001268;1
40001269;1
40001270;1
40001271;1
40001272;1
40001273;1
40001274;1
40001275;1
40001276;1
40001277;1
40001278;1
40001279;1
40001280;1
40001281;1
40001282;1
40001283;1
40001284;1
40001285;1
40001286;1
40001287;1
40001288;1
40001289;1
40001290;1
40001291;1
40001292;1
40001293;1
40001294;1
40001295;1
40001296;1
40001297;1
40001298;1
40001299;1
40001300;1
40001301;1
40001302;1
40001303;1
40001304;1
40001305;1
40001306;1
40001307;1
40001308;1
40001309;1
40001310;1
40001311;1
40001312;1
40001313;1
40001314;1
40001315;1
40001316;1
40001317;1
40001318;1
40001319;1
40001320;1
40001321;1
40001322;1
40001323;1
40001324;1
40001325;1
40001326;1
40001327;1
40001328;1
40001329;1
40001330;1
40001331;1
40001332;1
40001333;1
40001334;1
40001335;1
40001336;1
40001337;1
40001338;1
40001339;1
40001340;1
40001341;1
40001342;1
40001343;1
40001344;1
40001345;1
40001346;1
40001347;1
40001348;1
40001349;1
40001350;1
40001351;1
40001352;1
40001353;1
40001354;1
40001355;1
40001356;1
40001357;1
40001358;1
40001359;1
40001360;1
40001361;1
40001362;1
40001363;1
40001364;1
40001365;1
40001366;1
40001367;1
40001368;1
40001369;1
40001370;1
40001371;1
40001372;1
40001373;1
40001374;1
40001375;1
40001376;1
40001377;1
40001378;1
40001379;1
40001380;1
40001381;1
40001382;1
40001383;1
40001384;1
40001385;1
40001386;1
40001387;1
40001388;1
40001389;1
40001390;1
40001391;1
40001392;1
40001393;1
40001394;1
40001395;1
40001396;1
40001397;1
40001398;1
40001399;1
40001400;1
40001401;1
40001402;1
40001403;1
40001404;1
40001405;1
40001406;1
40001407;1
40001408;1
40001409;1
40001410;1
40001411;1
40001412;1
40001413;1
40001414;1
40001415;1
40001416;1
40001417;1
40001418;1
40001419;1
40001420;1
40001421;1
40001422;1
40001423;1
40001424;1
40001425;1
40001426;1
40001427;1
40001428;1
40001429;1
40001430;1
40001431;1
40001432;1
40001433;1
40001434;1
40001435;1
40001436;1
40001437;1
40001438;1
40001439;1
40001440;1
40001441;1
40001442;1
40001443;1
40001444;1
40001445;1
40001446;1
40001447;1
40001448;1
40001449;1
40001450;1
40001451;1
40001452;1
40001453;1
40001454;1
40001455;1
40001456;1
40001457;1
40001458;1
40001459;1
40001460;1
40001461;1
40001462;1
40001463;1
40001464;1
40001465;1
40001466;1
40001467;1
40001468;1
40001469;1
40001470;1
40001471;1
40001472;1
40001473;1
40001474;1
40001475;1
40001476;1
40001477;1
40001478;1
40001479;1
40001480;1
40001481;1
40001482;1
40001483;1
40001484;1
40001485;1
40001486;1
40001487;1
40001488;1
40001489;1
40001490;1
40001491;1
40001492;1
40001493;1
40001494;1
40001495;1
40001496;1
40001497;1
40001498;1
40001499;1
40001500;1
40001501;1
40001502;1
40001503;1
40001504;1
40001505;1
40001506;1
40001507;1
40001508;1
40001509;1
40001510;1
40001511;1
40001512;1
40001513;1
40001514;1
40001515;1
40001516;1
40001517;1
40001518;1
40001519;1
40001520;1
40001521;1
40001522;1
40001523;1
40001524;1
40001525;1
40001526;1
40001527;1
40001528;1
40001529;1
40001530;1
40001531;1
40001532;1
40001533;1
40001534;1
40001535;1
40001536;1
40001537;1
40001538;1
40001539;1
40001540;1
40001541;1
40001542;1
40001543;1
40001544;1
40001545;1
40001546;1
40001547;1
40001548;1
40001549;1
40001550;1
40001551;1
40001552;1
40001553;1
40001554;1
40001555;1
40001556;1
40001557;1
40001558;1
40001559;1
40001560;1
40001561;1
40001562;1
40001564;1
40001565;1
40001566;1
40001567;1
40001568;1
40001569;1
40001570;1
40001571;1
40001572;1
40001573;1
40001574;1
40001575;1
40001576;1
40001577;1
40001578;1
40001579;1
40001580;1
40001581;1
40001582;1
40001583;1
40001584;1
40001585;1
40001586;1
40001587;1
40001588;1
40001589;1
40001590;1
40001591;1
40001592;1
40001593;1
40001594;1
40001595;1
40001596;1
40001597;1
40001598;1
40001599;1
40001600;1
40001601;1
40001602;1
40001603;1
40001604;1
40001605;1
40001606;1
40001607;1
40001608;1
40001609;1
40001610;1
40001611;1
40001612;1
40001613;1
40001614;1
40001615;1
40001616;1
40001617;1
40001618;1
40001619;1
40001620;1
40001621;1
40001622;1
40001623;1
40001624;1
40001625;1
40001626;1
40001627;1
40001628;1
40001629;1
40001630;1
40001631;1
40001632;1
40001633;1
40001634;1
40001635;1
40001636;1
40001637;1
40001638;1
40001639;1
40001640;1
40001641;1
40001642;1
40001643;1
40001644;1
40001645;1
40001646;1
40001647;1
40001648;1
40001649;1
40001650;1
40001651;1
40001652;1
40001653;1
40001654;1
40001655;1
40001656;1
40001657;3
40001658;1
40001659;1
40001660;1
40001661;1
40001662;1
40001663;1
40001664;1
40001665;1
40001666;1
40001667;1
40001668;1
40001669;1
40001670;1
40001671;1
40001672;1
40001673;1
40001674;1
40001675;1
40001676;1
40001677;1
40001678;1
40001679;1
40001680;1
40001681;1
40001682;1
40001683;1
40001684;1
40001685;1
40001686;1
40001687;1
40001688;1
40001689;1
40001690;1
40001691;1
40001692;1
40001693;1
40001694;1
40001695;1
40001696;1
40001697;1
40001698;1
40001699;1
40001700;1
40001701;1
40001702;1
40001703;1
40001704;1
40001705;1
40001706;1
40001707;1
40001708;1
40001709;1
40001710;1
40001711;1
40001712;1
40001713;1
40001714;1
40001715;1
40001716;1
40001717;1
40001718;1
40001719;1
40001720;1
40001721;1
40001722;1
40001723;1
40001724;1
40001725;1
40001726;1
40001727;1
40001728;1
40001729;1
40001730;1
40001731;1
40001732;1
40001733;1
40001734;1
40001735;1
40001736;1
40001737;1
40001738;1
40001739;1
40001740;1
40001741;1
40001742;1
40001743;1
40001744;1
40001745;1
40001746;1
40001747;1
40001748;1
40001749;1
40001750;1
40001751;1
40001752;1
40001753;1
40001754;1
40001755;1
40001756;1
40001757;1
40001758;1
40001759;1
40001760;1
40001761;1
40001762;1
40001763;1
40001764;1
40001765;1
40001766;1
40001767;1
40001768;1
40001769;1
40001770;1
40001771;1
40001772;1
40001773;1
40001774;1
40001775;1
40001776;1
40001777;1
40001778;1
40001779;1
40001780;1
40001781;1
40001782;1
40001783;1
40001784;1
40001785;1
40001786;1
40001787;1
40001788;1
40001789;1
40001790;1
40001791;1
40001792;1
40001793;1
40001794;1
40001795;1
40001796;1
40001797;1
40001798;1
40001799;1
40001800;1
40001801;1
40001802;1
40001803;1
40001804;1
40001805;1
40001806;1
40001807;1
40001808;1
40001809;1
40001810;1
40001811;1
40001812;1
40001813;1
40001814;1
40001815;1
40001816;1
40001817;1
40001818;1
40001819;1
40001820;1
40001821;1
40001822;1
40001823;1
40001824;1
40001825;1
40001826;1
40001827;1
40001828;1
40001829;1
40001830;1
40001831;1
40001832;1
40001833;1
40001834;1
40001835;1
40001836;1
40001837;1
40001838;1
40001839;1
40001840;1
40001841;1
40001842;1
40001843;1
40001844;1
40001845;1
40001846;1
40001847;1
40001848;1
40001849;1
40001850;1
40001852;1
40001853;1
40001854;1
40001855;1
40001856;1
40001857;1
40001858;1
40001859;1
40001860;1
40001861;1
40001862;1
40001863;1
40001864;1
40001865;1
40001866;1
40001867;1
40001868;1
40001869;1
40001870;1
40001871;1
40001872;1
40001873;1
40001874;1
40001875;1
40001876;1
40001877;1
40001878;1
40001879;1
40001880;1
40001881;1
40001882;1
40001883;1
40001884;1
40001885;1
40001886;1
40001887;1
40001888;1
40001889;1
40001890;1
40001891;1
40001892;1
40001893;1
40001894;1
40001895;1
40001896;1
40001897;1
40001898;1
40001899;1
40001900;1
40001901;1
40001902;1
40001903;1
40001904;1
40001905;1
40001906;1
40001907;1
40001908;1
40001909;1
40001910;1
40001911;1
40001912;1
40001913;1
40001914;1
40001915;1
40001916;1
40001917;1
40001918;1
40001919;1
40001920;1
40001921;1
40001922;1
40001923;1
40001924;1
40001925;1
40001926;1
40001927;1
40001928;1
40001929;1
40001930;1
40001931;1
40001932;1
40001933;1
40001934;1
40001935;1
40001936;1
40001937;1
40001938;1
40001939;1
40001940;1
40001941;1
40001942;1
40001943;1
40001944;1
40001945;1
40001946;1
40001947;1
40001948;1
40001949;1
40001950;1
40001951;1
40001952;1
40001953;1
40001954;1
40001955;1
40001956;1
40001957;1
40001958;1
40001959;1
40001960;1
40001961;1
40001962;1
40001963;1
40001964;1
40001965;1
40001966;1
40001967;1
40001968;1
40001969;1
40001970;1
40001971;1
40001972;1
40001973;1
40001974;1
40001975;1
40001976;1
40001977;1
40001978;1
40001979;1
40001980;1
40001981;1
40001982;1
40001983;1
40001984;1
40001985;1
40001986;1
40001987;1
40001988;1
40001989;1
40001990;1
40001991;1
40001992;1
40001993;1
40001994;1
40001995;1
40001996;1
40001997;1
40001998;1
40001999;1
40002000;1
40002001;1
40002002;1
40002003;1
40002004;1
40002005;1
40002006;1
40002007;1
40002008;1
40002009;1
40002010;1
40002011;1
40002012;1
40002013;1
40002014;1
40002015;1
40002016;1
40002017;1
40002018;1
40002019;1
40002020;1
40002021;1
40002022;1
40002023;1
40002024;1
40002025;1
40002026;1
40002027;1
40002028;1
40002029;1
40002030;1
40002031;1
40002032;1
40002033;1
40002034;1
40002035;1
40002036;1
40002037;1
40002038;1
40002039;1
40002040;1
40002041;1
40002042;1
40002043;1
40002044;1
40002045;1
40002046;1
40002047;1
40002048;1
40002049;1
40002050;1
40002051;1
40002052;1
40002053;1
40002054;1
40002055;1
40002056;1
40002057;1
40002058;1
40002059;1
40002060;1
40002061;1
40002062;1
40002063;1
40002064;1
40002065;1
40002066;1
40002067;1
40002068;1
40002069;1
40002070;1
40002071;1
40002072;1
40002073;1
40002074;1
40002075;1
40002076;1
40002077;1
40002078;1
40002079;1
40002080;1
40002081;1
40002082;1
40002083;1
40002084;1
40002085;1
40002086;1
40002087;1
40002088;1
40002089;1
40002090;1
40002091;1
40002092;1
40002093;1
40002094;1
40002095;1
40002096;1
40002097;1
40002098;1
40002099;1
40002100;1
40002101;1
40002102;1
40002103;1
40002104;1
40002105;1
40002106;1
40002107;1
40002108;1
40002109;1
40002110;1
40002111;1
40002112;1
40002113;1
40002114;1
40002115;1
40002116;1
40002117;1
40002118;1
40002119;1
40002120;1
40002121;1
40002122;1
40002123;1
40002124;1
40002125;1
40002126;1
40002127;1
40002128;1
40002129;1
40002130;1
40002131;1
40002132;1
40002133;1
40002134;1
40002135;1
40002136;1
40002137;1
40002138;1
40002139;1
40002140;1
40002141;1
40002142;1
40002143;1
40002144;1
40002145;1
40002146;1
40002147;1
40002148;1
40002149;1
40002150;1
40002151;1
40002152;1
40002153;1
40002154;1
40002155;1
40002156;1
40002157;1
40002158;1
40002159;1
40002160;1
40002161;1
40002162;1
40002163;1
40002164;1
40002165;1
40002166;1
40002167;1
40002168;1
40002169;1
40002170;1
40002171;1
40002172;1
40002173;1
40002174;1
40002175;1
40002176;1
40002177;1
40002178;1
40002179;1
40002180;1
40002181;1
40002182;1
40002183;1
40002184;1
40002185;1
40002186;1
40002187;1
40002188;1
40002189;1
40002190;1
40002191;1
40002192;1
40002193;1
40002194;1
40002195;1
40002196;1
40002197;1
40002198;1
40002199;1
40002200;1
40002201;1
40002202;1
40002203;1
40002204;1
40002205;1
40002206;1
40002207;1
40002208;1
40002209;1
40002210;1
40002211;1
40002212;1
40002213;1
40002214;1
40002215;1
40002216;1
40002217;1
40002218;1
40002219;1
40002220;1
40002221;1
40002222;1
40002223;1
40002224;1
40002225;1
40002226;1
40002227;1
40002228;1
40002229;1
40002230;1
40002231;1
40002232;1
40002233;1
40002234;1
40002235;1
40002236;1
40002237;1
40002238;1
40002239;1
40002240;1
40002241;1
40002242;1
40002243;1
40002244;1
40002245;1
40002246;1
40002247;1
40002248;1
40002249;1
40002250;1
40002251;1
40002252;1
40002253;1
40002254;1
40002255;1
40002256;1
40002257;1
40002258;1
40002259;1
40002260;1
40002261;1
40002262;1
40002263;1
40002264;1
40002265;1
40002266;1
40002267;1
40002268;1
40002269;1
40002270;1
40002271;1
40002272;1
40002273;1
40002274;1
40002275;1
40002276;1
40002277;1
40002278;1
40002279;1
40002280;1
40002281;1
40002282;1
40002283;1
40002284;1
40002285;1
40002286;1
40002287;1
40002288;1
40002289;1
40002290;1
40002291;1
40002292;1
40002294;1
40002295;1
40002300;1
40002301;1
40002302;1
40002303;1
40002304;1
40002305;1
40002306;1
40002307;1
40002308;1
40002309;1
40002310;1
40002311;1
40002312;1
40002313;1
40002314;1
40002315;1
40002316;1
40002317;1
40002318;1
40002319;1
40002320;1
40002321;1
40002322;1
40002323;1
40002324;1
40002325;1
40002326;1
40002327;1
40002328;1
40002329;1
40002330;1
40002331;1
40002332;1
40002333;1
40002334;1
40002335;1
40002336;1
40002337;1
40002338;1
40002339;1
40002340;1
40002341;1
40002342;1
40002343;1
40002344;1
40002345;1
40002346;1
40002347;1
40002348;1
40002349;1
40002350;1
40002351;1
40002352;1
40002353;1
40002354;1
40002355;1
40002356;1
40002357;1
40002358;1
40002359;1
40002360;1
40002361;1
40002362;1
40002363;1
40002364;1
40002365;1
40002366;1
40002367;1
40002368;1
40002369;1
40002370;1
40002371;1
40002372;1
40002373;1
40002374;1
40002375;1
40002376;1
40002377;1
40002378;1
40002379;1
40002380;1
40002381;1
40002382;1
40002383;1
40002384;1
40002385;1
40002386;1
40002387;1
40002388;1
40002389;1
40002390;1
40002391;1
40002392;1
40002393;1
40002394;1
40002395;1
40002396;1
40002397;1
40002398;1
40002399;1
40002400;1
40002401;1
40002402;1
40002403;1
40002404;1
40002405;1
40002406;1
40002407;1
40002408;1
40002409;1
40002410;1
40002411;1
40002412;1
40002413;1
40002414;1
40002415;1
40002416;1
40002417;1
40002418;1
40002419;1
40002420;1
40002421;1
40002422;1
40002423;1
40002424;1
40002425;1
40002426;1
40002427;1
40002428;1
40002429;1
40002430;1
40002432;1
40002433;1
40002434;1
40002435;1
40002436;1
40002437;1
40002438;1
40002439;1
40002440;1
40002441;1
40002442;1
40002443;1
40002444;1
40002445;1
40002446;1
40002447;1
40002448;1
40002449;1
40002450;1
40002451;1
40002452;1
40002453;1
40002454;1
40002455;1
40002456;1
40002457;1
40002458;1
40002459;1
40002460;1
40002461;1
40002462;1
40002463;1
40002464;1
40002465;1
40002466;1
40002467;1
40002468;1
40002469;1
40002470;1
40002471;1
40002472;1
40002473;1
40002474;1
40002475;1
40002476;1
40002477;1
40002478;1
40002479;1
40002480;1
40002481;1
40002482;1
40002483;1
40002484;1
40002485;1
40002486;1
40002487;1
40002488;1
40002489;1
40002490;1
40002491;1
40002492;1
40002493;1
40002494;1
40002495;1
40002496;1
40002497;1
40002498;1
40002499;1
40002500;1
40002501;1
40002502;1
40002503;1
40002504;1
40002505;1
40002506;1
40002507;1
40002508;1
40002509;1
40002510;1
40002511;1
40002512;1
40002513;1
40002514;1
40002515;1
40002516;1
40002517;1
40002518;1
40002519;1
40002520;1
40002521;1
40002522;1
40002523;1
40002524;1
40002525;1
40002526;1
40002527;1
40002528;1
40002529;1
40002530;1
40002531;1
40002532;1
40002533;1
40002534;1
40002535;1
40002536;1
40002537;1
40002538;1
40002539;1
40002540;1
40002541;1
40002542;1
40002543;1
40002544;1
40002545;1
40002546;1
40002547;1
40002548;1
40002549;1
40002550;1
40002551;1
40002552;1
40002553;1
40002554;1
40002555;1
40002556;1
40002557;1
40002558;1
40002559;1
40002560;1
40002561;1
40002562;1
40002563;1
40002564;1
40002565;1
40002566;1
40002567;1
40002568;1
40002569;1
40002570;1
40002571;1
40002572;1
40002573;1
40002574;1
40002575;1
40002576;1
40002577;1
40002578;1
40002579;1
40002580;1
40002581;1
40002582;1
40002583;1
40002584;1
40002585;1
40002586;1
40002587;1
40002588;1
40002589;1
40002590;1
40002591;1
40002592;1
40002593;1
40002594;1
40002595;1
40002596;1
40002597;1
40002598;1
40002599;1
40002600;1
40002601;1
40002602;1
40002603;1
40002604;1
40002605;1
40002606;1
40002607;1
40002608;1
40002609;1
40002610;1
40002611;1
40002612;1
40002613;1
40002614;1
40002615;1
40002616;1
40002617;1
40002618;1
40002619;1
40002620;1
40002621;1
40002622;1
40002623;1
40002624;1
40002625;1
40002626;1
40002627;1
40002628;1
40002629;1
40002630;1
40002631;1
40002632;1
40002633;1
40002634;1
40002635;1
40002636;1
40002637;1
40002638;1
40002639;1
40002640;1
40002641;1
40002642;1
40002643;1
40002644;1
40002645;1
40002646;1
40002647;1
40002648;1
40002649;1
40002650;1
40002651;1
40002652;1
40002653;1
40002654;1
40002655;1
40002656;1
40002657;1
40002658;1
40002659;1
40002660;1
40002661;1
40002662;1
40002663;1
40002664;1
40002665;1
40002666;1
40002667;1
40002668;1
40002669;1
40002670;1
40002671;1
40002672;1
40002673;1
40002674;1
40002675;1
40002676;1
40002677;1
40002678;1
40002679;1
40002681;1
40002682;1
40002683;1
40002684;1
40002685;1
40002686;1
40002687;1
40002688;1
40002689;1
40002690;1
40002691;1
40002692;1
40002693;1
40002694;1
40002695;1
40002696;1
40002697;1
40002698;1
40002699;1
40002700;1
40002701;1
40002702;1
40002703;1
40002704;1
40002705;1
40002706;1
40002707;1
40002708;1
40002709;1
40002710;1
40002711;1
40002712;1
40002713;1
40002714;1
40002715;1
40002716;1
40002717;1
40002718;1
40002719;1
40002720;1
40002721;1
40002722;1
40002723;1
40002724;1
40002725;1
40002726;1
40002727;1
40002728;1
40002729;1
40002730;1
40002731;1
40002732;1
40002733;1
40002734;1
40002735;1
40002736;1
40002737;1
40002738;1
40002739;1
40002740;1
40002741;1
40002742;1
40002743;1
40002744;1
40002745;1
40002746;1
40002747;1
40002748;1
40002749;1
40002750;1
40002751;1
40002752;1
40002753;1
40002754;1
40002755;1
40002756;1
40002757;1
40002758;1
40002759;1
40002760;1
40002761;1
40002762;1
40002763;1
40002764;1
40002765;1
40002766;1
40002767;1
40002768;1
40002769;1
40002770;1
40002771;1
40002772;1
40002773;1
40002774;1
40002775;1
40002776;1
40002777;1
40002778;1
40002779;1
40002780;1
40002781;1
40002782;1
40002783;1
40002784;1
40002785;1
40002786;1
40002787;1
40002788;1
40002789;1
40002790;1
40002791;1
40002792;1
40002793;1
40002794;1
40002795;1
40002796;1
40002797;1
40002798;1
40002799;1
40002800;1
40002801;1
40002802;1
40002803;1
40002804;1
40002805;1
40002806;1
40002807;1
40002808;1
40002809;1
40002810;1
40002811;1
40002812;1
40002813;1
40002814;1
40002815;1
40002816;1
40002817;1
40002818;1
40002819;1
40002820;1
40002821;1
40002822;1
40002823;1
40002824;1
40002825;1
40002826;1
40002827;1
40002828;1
40002829;1
40002830;1
40002831;1
40002832;1
40002833;1
40002834;1
40002835;1
40002836;1
40002837;1
40002838;1
40002839;1
40002840;1
40002841;1
40002842;1
40002843;1
40002844;1
40002845;1
40002846;1
40002847;1
40002848;1
40002849;1
40002850;1
40002851;1
40002852;1
40002853;1
40002854;1
40002855;1
40002856;1
40002857;1
40002858;1
40002859;1
40002860;1
40002861;1
40002862;1
40002863;1
40002864;1
40002865;1
40002866;1
40002867;1
40002868;1
40002869;1
40002870;1
40002871;1
40002872;1
40002873;1
40002874;1
40002875;1
40002876;1
40002877;1
40002878;1
40002879;1
40002880;1
40002881;1
40002882;1
40002883;1
40002884;1
40002885;1
40002886;1
40002887;1
40002888;1
40002889;1
40002890;1
40002891;1
40002892;1
40002893;1
40002894;1
40002895;1
40002896;1
40002897;1
40002898;1
40002899;1
40002900;1
40002901;1
40002902;1
40002903;1
40002904;1
40002905;1
40002906;1
40002907;1
40002908;1
40002909;1
40002910;1
40002911;1
40002912;1
40002913;1
40002914;1
40002915;1
40002916;1
40002917;1
40002918;1
40002919;1
40002920;1
40002921;1
40002922;1
40002923;1
40002924;1
40002925;1
40002926;1
40002927;1
40002928;1
40002929;1
40002930;1
40002931;1
40002932;1
40002933;1
40002934;1
40002935;1
40002936;1
40002937;1
40002938;1
40002939;1
40002940;1
40002941;1
40002942;1
40002943;1
40002944;1
40002945;1
40002946;1
40002947;1
40002948;1
40002949;1
40002950;1
40002951;1
40002952;1
40002953;1
40002954;1
40002955;1
40002956;1
40002957;1
40002958;1
40002959;1
40002960;1
40002961;1
40002962;1
40002963;1
40002964;1
40002965;1
40002966;1
40002967;1
40002968;1
40002969;1
40002970;1
40002971;1
40002972;1
40002973;1
40002974;1
40002975;1
40002976;1
40002977;1
40002978;1
40002979;1
40002981;1
40002982;1
40002983;1
40002984;1
40002985;1
40002986;1
40002987;1
40002988;1
40002989;1
40002990;1
40002991;1
40002992;1
40002993;1
40002994;1
40002995;1
40002996;1
40002997;1
40002998;1
40002999;1
40003000;1
40003001;1
40003002;1
40003003;1
40003004;1
40003005;1
40003006;1
40003007;1
40003008;1
40003009;1
40003010;1
40003011;1
40003012;1
40003013;1
40003014;1
40003015;1
40003016;1
40003017;1
40003018;1
40003019;1
40003020;1
40003021;1
40003022;1
40003023;1
40003024;1
40003025;1
40003026;1
40003027;1
40003028;1
40003029;1
40003030;1
40003031;1
40003032;1
40003033;1
40003034;1
40003035;1
40003036;1
40003037;1
40003038;1
40003039;1
40003040;1
40003041;1
40003042;1
40003043;1
40003044;1
40003045;1
40003046;1
40003047;1
40003048;1
40003049;1
40003050;1
40003051;1
40003052;1
40003053;1
40003054;1
40003055;1
40003056;1
40003057;1
40003058;1
40003059;1
40003060;1
40003061;1
40003062;1
40003063;1
40003064;1
40003065;1
40003066;1
40003067;1
40003068;1
40003069;1
40003070;1
40003071;1
40003072;1
40003073;1
40003074;1
40003075;1
40003076;1
40003077;1
40003078;1
40003079;1
40003080;1
40003081;1
40003082;1
40003083;1
40003084;1
40003085;1
40003086;1
40003087;1
40003088;1
40003089;1
40003090;1
40003091;1
40003092;1
40003093;1
40003094;1
40003095;1
40003096;1
40003097;1
40003098;1
40003099;1
40003100;1
40003101;1
40003102;1
40003103;1
40003104;1
40003105;1
40003106;1
40003107;1
40003108;1
40003109;1
40003110;1
40003111;1
40003112;1
40003113;1
40003114;1
40003115;1
40003116;1
40003117;1
40003118;1
40003119;1
40003120;1
40003121;1
40003122;1
40003123;1
40003124;1
40003125;1
40003126;1
40003127;1
40003128;1
40003129;1
40003130;1
40003131;1
40003132;1
40003133;1
40003134;1
40003135;1
40003136;1
40003137;1
40003138;1
40003139;1
40003140;1
40003141;1
40003142;1
40003143;1
40003144;1
40003145;1
40003146;1
40003147;1
40003148;1
40003149;1
40003150;1
40003151;1
40003152;1
40003153;1
40003154;1
40003155;1
40003156;1
40003157;1
40003158;1
40003159;1
40003160;1
40003161;1
40003162;1
40003163;1
40003164;1
40003165;1
40003166;1
40003167;1
40003168;1
40003169;1
40003170;1
40003171;1
40003172;1
40003173;1
40003174;1
40003175;1
40003176;1
40003177;1
40003178;1
40003179;1
40003180;1
40003181;1
40003182;1
40003183;1
40003184;1
40003185;1
40003186;1
40003187;1
40003188;1
40003189;1
40003190;1
40003191;1
40003192;1
40003193;1
40003194;1
40003195;1
40003196;1
40003197;1
40003198;1
40003199;1
40003200;1
40003201;1
40003202;1
40003203;1
40003204;1
40003205;1
40003206;1
40003207;1
40003208;1
40003209;1
40003210;1
40003211;1
40003212;1
40003213;1
40003214;1
40003215;1
40003216;1
40003217;1
40003218;1
40003219;1
40003220;1
40003221;1
40003222;1
40003223;1
40003224;1
40003225;1
40003226;1
40003227;1
40003228;1
40003229;1
40003230;1
40003231;1
40003232;1
40003233;1
40003234;1
40003235;1
40003236;1
40003237;1
40003238;1
40003239;1
40003240;1
40003241;1
40003242;1
40003243;1
40003244;1
40003245;1
40003246;1
40003247;1
40003248;1
40003249;1
40003250;1
40003251;1
40003252;1
40003253;1
40003254;1
40003255;1
40003256;1
40003257;1
40003258;1
40003259;1
40003260;1
40003261;1
40003262;1
40003263;1
40003264;1
40003265;1
40003266;1
40003267;1
40003268;1
40003269;1
40003270;1
40003271;1
40003272;1
40003273;1
40003274;1
40003275;1
40003276;1
40003277;1
40003278;1
40003279;1
40003280;1
40003281;1
40003282;1
40003283;1
40003284;1
40003285;1
40003286;1
40003287;1
40003288;1
40003289;1
40003290;1
40003291;1
40003292;1
40003293;1
40003294;1
40003295;1
40003296;1
40003297;1
40003298;1
40003299;1
40003300;1
40003301;1
40003302;1
40003303;1
40003304;1
40003305;1
40003306;1
40003307;1
40003308;1
40003309;1
40003310;1
40003311;1
40003312;1
40003313;1
40003314;1
40003315;1
40003316;1
40003317;1
40003318;1
40003319;1
40003320;1
40003321;1
40003322;1
40003323;1
40003324;1
40003325;1
40003326;1
40003327;1
40003328;1
40003329;1
40003330;1
40003331;1
40003332;1
40003333;1
40003334;1
40003335;1
40003336;1
40003337;1
40003338;1
40003339;1
40003340;1
40003341;1
40003342;1
40003343;1
40003344;1
40003345;1
40003346;1
40003347;1
40003348;1
40003349;1
40003350;1
40003351;1
40003352;1
40003353;1
40003354;1
40003355;1
40003356;1
40003357;1
40003358;1
40003359;1
40003360;1
40003361;1
40003362;1
40003363;1
40003364;1
40003365;1
40003366;1
40003367;1
40003368;1
40003369;1
40003370;1
40003371;1
40003372;1
40003373;1
40003374;1
40003375;1
40003376;1
40003377;1
40003378;1
40003379;1
40003380;1
40003381;1
40003382;1
40003383;1
40003384;1
40003385;1
40003386;1
40003387;1
40003388;1
40003389;1
40003390;1
40003391;1
40003392;1
40003393;1
40003394;1
40003395;1
40003396;1
40003397;1
40003398;1
40003399;1
40003400;1
40003401;1
40003402;1
40003403;1
40003404;1
40003405;1
40003406;1
40003407;1
40003408;1
40003409;1
40003410;1
40003411;1
40003412;1
40003413;1
40003414;1
40003415;1
40003416;1
40003417;1
40003418;1
40003419;1
40003420;1
40003421;1
40003422;1
40003423;1
40003424;1
40003425;1
40003426;1
40003427;1
40003428;1
40003429;1
40003430;1
40003431;1
40003432;1
40003433;1
40003434;1
40003435;1
40003436;1
40003437;1
40003438;1
40003439;1
40003440;1
40003441;1
40003442;1
40003443;1
40003444;1
40003445;1
40003446;1
40003447;1
40003448;1
40003449;1
40003450;1
40003451;1
40003452;1
40003453;1
40003454;1
40003455;1
40003456;1
40003457;1
40003458;1
40003459;1
40003460;1
40003461;1
40003462;1
40003463;1
40003464;1
40003465;1
40003466;1
40003467;1
40003468;1
40003469;1
40003470;1
40003471;1
40003472;1
40003473;1
40003474;1
40003475;1
40003476;1
40003477;1
40003478;1
40003479;1
40003480;1
40003481;1
40003482;1
40003483;1
40003484;1
40003485;1
40003486;1
40003487;1
40003488;1
40003489;1
40003490;1
40003491;1
40003492;1
40003493;1
40003494;1
40003495;1
40003496;1
40003497;1
40003498;1
40003499;1
40003500;1
40003501;1
40003502;1
40003503;1
40003504;1
40003505;1
40003506;1
40003507;1
40003508;1
40003509;1
40003510;1
40003511;1
40003512;1
40003513;1
40003514;1
40003515;1
40003516;1
40003517;1
40003518;1
40003519;1
40003520;1
40003521;1
40003522;1
40003523;1
40003524;1
40003525;1
40003526;1
40003527;1
40003528;1
40003529;1
40003530;1
40003531;1
40003532;1
40003533;1
40003534;1
40003535;1
40003536;1
40003537;1
40003538;1
40003539;1
40003540;1
40003541;1
40003542;1
40003543;1
40003544;1
40003545;1
40003546;1
40003547;1
40003548;1
40003549;1
40003550;1
40003551;1
40003552;1
40003553;1
40003554;1
40003555;1
40003556;1
40003557;1
40003558;1
40003559;1
40003560;1
40003561;1
40003562;1
40003563;1
40003564;1
40003565;1
40003566;1
40003567;1
40003568;1
40003569;1
40003570;1
40003571;1
40003572;1
40003573;1
40003574;1
40003575;1
40003576;1
40003577;1
40003578;1
40003579;1
40003580;1
40003581;1
40003582;1
40003583;1
40003584;1
40003585;1
40003586;1
40003587;1
40003588;1
40003589;1
40003590;1
40003591;1
40003592;1
40003593;1
40003594;1
40003595;1
40003596;1
40003597;1
40003598;1
40003599;1
40003600;1
40003601;1
40003602;1
40003603;1
40003604;1
40003605;1
40003606;1
40003607;1
40003608;1
40003609;1
40003610;1
40003611;1
40003612;1
40003613;1
40003614;1
40003615;1
40003616;1
40003617;1
40003618;1
40003619;1
40003620;1
40003621;1
40003622;1
40003623;1
40003624;1
40003625;1
40003626;1
40003627;1
40003628;1
40003629;2
40003630;1
40003631;5
40003632;1
40003633;1
40003634;1
40003635;1
40003636;1
40003637;1
40003638;1
40003639;1
40003640;1
40003641;1
40003642;1
40003643;1
40003644;1
40003645;1
40003646;1
40003647;1
40003648;1
40003649;1
40003651;1
40003652;1
40003653;1
40003654;1
40003655;1
40003656;1
40003657;1
40003658;1
40003659;1
40003660;2
40003661;1
40003662;1
40003663;1
40003664;1
40003665;1
40003666;1
40003667;1
40003668;1
40003669;1
40003670;1
40003671;1
40003672;1
40003673;1
40003674;1
40003675;1
40003676;1
40003677;1
40003678;1
40003679;1
40003680;1
40003681;1
40003682;1
40003683;1
40003684;1
40003685;1
40003686;1
40003687;1
40003688;1
40003689;1
40003690;1
40003691;1
40003692;1
40003693;1
40003694;1
40003695;1
40003696;1
40003697;1
40003698;1
40003699;1
40003700;1
40003701;1
40003702;1
40003703;1
40003704;1
40003705;1
40003706;1
40003707;1
40003708;1
40003709;1
40003710;1
40003711;1
40003712;1
40003713;1
40003714;1
40003715;1
40003716;1
40003717;1
40003718;1
40003719;1
40003720;1
40003721;12
40003722;1
40003723;1
40003724;3
40003725;2
40003726;6
40003727;9
40003728;2
40003729;2
40003730;2
40003731;7
40003732;1
40003733;3
40003734;1
40003735;29
40003736;2
40003737;10
40003738;1
40003739;1
40003740;7
40003741;1
40003742;6
40003743;11
40003744;9
40003745;4
40003746;11
40003747;4
40003748;5
40003749;13
40003750;7
40003751;16
40003752;6
40003753;3
40003754;4
40003755;5
40003756;9
40003757;1
40003758;3
40003759;1
40003760;1
40003761;1
40003762;14
40003763;1
40003764;1
40003765;1
40003766;1
40003767;1
40003768;1
40003769;1
40003770;1
40003771;1
40003772;1
40003773;1
40003774;1
40003775;1
40003776;1
40003777;1
40003778;1
40003779;1
40003780;1
40003781;1
40003782;1
40003783;1
40003784;1
40003785;1
40003786;1
40003787;1
40003788;1
40003789;1
40003790;1
40003791;1
40003792;1
40003793;1
40003794;1
40003795;1
40003796;1
40003797;1
40003798;1
40003799;1
40003800;1
40003801;1
40003802;1
40003803;1
40003804;1
40003805;1
40003806;1
40003807;1
40003808;1
40003809;1
40003810;1
40003811;1
40003812;1
40003813;1
40003814;1
40003815;1
40003816;1
40003817;1
40003818;1
40003819;1
40003820;1
40003821;1
40003822;1
40003823;1
40003825;1
40003826;1
40003827;1
40003828;1
40003829;1
40003830;1
40003831;1
40003832;1
40003833;1
40003834;1
40003835;1
40003836;1
40003837;1
40003838;1
40003839;1
40003840;1
40003841;1
40003842;1
40003843;1
40003844;1
40003845;1
40003846;1
40003847;1
40003848;1
40003849;1
40003850;1
40003851;1
40003852;1
40003853;1
40003854;1
40003855;1
40003856;1
40003857;1
40003858;1
40003859;1
40003860;1
40003861;1
40003862;1
40003863;1
40003864;1
40003865;1
40003866;1
40003867;1
40003868;1
40003869;1
40003870;1
40003871;1
40003872;1
40003873;1
40003874;1
40003875;1
40003876;1
40003877;1
40003878;1
40003879;1
40003880;1
40003881;1
40003882;1
40003883;1
40003884;1
40003885;1
40003886;1
40003887;1
40003888;1
40003889;1
40003890;1
40003891;1
40003892;1
40003893;1
40003894;1
40003895;1
40003896;1
40003897;1
40003898;1
40003899;1
40003900;1
40003901;1
40003902;1
40003903;1
40003904;1
40003905;1
40003906;1
40003907;1
40003908;1
40003909;1
40003910;1
40003911;1
40003912;1
40003913;1
40003914;1
40003915;1
40003916;1
40003917;1
40003918;1
40003919;1
40003920;1
40003921;1
40003922;1
40003923;1
40003924;1
40003925;1
40003926;1
40003927;1
40003928;1
40003929;1
40003930;1
40003931;1
40003932;1
40003933;1
40003934;1
40003935;1
40003936;1
40003937;1
40003938;1
40003939;1
40003940;1
40003941;1
40003942;1
40003943;1
40003944;1
40003945;1
40003946;1
40003947;1
40003948;1
40003949;1
40003950;1
40003951;1
40003952;1
40003953;1
40003954;1
40003955;1
40003956;1
40003957;1
40003958;1
40003959;1
40003960;1
40003961;1
40003962;1
40003963;1
40003964;1
40003965;1
40003966;1
40003967;1
40003968;1
40003969;1
40003970;1
40003971;1
40003972;1
40003973;1
40003974;1
40003975;1
40003976;1
40003977;1
40003978;1
40003979;1
40003980;1
40003981;1
40003982;1
40003983;1
41;1
42;1
43;1
46;1
47;1
48;1
49;1
495, TH_423;1
50;1
51;1
52;1
53;1
54;1
55;1
56;1
58;1
59;1
597;1
598;1
63;1
65;1
66;1
67;1
68;1
69;1
7;1
70;1
71;1
72;1
73;1
79;1
8;1
81;1
82;1
88;1
89;1
9;1
90;1
92;1
93;2
94;1
98;1
99;1
AN 214-a, VE-794;1
AN 214-b, VE-778;1
AN 214-e, VE-792;1
AN 214-f, VE-791;1
AN 216-d, Th - 425a;1
AN 217-a, VE-806;1
AN 217-b, VE-807;1
AN 217c, VE-808;1
AN 217d, VE-809;1
AN 218-c;1
AN 218a;1
AN 218b;1
AN 219a, VE-795;1
AN 219b, VE-797;1
AN 219c, VE-796;1
AN 221-a;1
AN 221-b;1
AN 221-c;1
AN 221-d;1
AN 221-e;1
AN 221-g;2
AN 221-h;1
AN 221-i;1
AN 221-j;1
AN 221-k;1
AN 221-l;1
AN 221-m;1
AN 221-n;1
AN 221-o;1
AN 221-p;1
AN 221-r;1
AN 221-t;1
AN 221-u;1
AN 225-a, 8825, Th-425c;1
AN 225-b, 8828, Th-425b;1
AN 226-a, VE-803;1
AN 226-b, VE-804;1
AN 226-c, VE-805;1
AN 227a, VE-704;1
AN 227b, VE-703;1
AN 228-d;1
AN 228a, VE-786;1
AN 228b, VE-788;1
AN 228c, VE-790;1
AN 228d, VE-785a;1
AN 228e, VE-799;1
AN 228f, VE-780;1
AN 228g, VE-782;1
AN 228h, VE-783;1
AN 228i, VE-781;1
AN 228k, VE-785;1
AN 228l, VE-789;1
AN 228m, VE-787;1
AN 229-3, VE-793;1
AN 232-1, 13320;1
AN 232-10, 13310;1
AN 232-11, 13308;1
AN 232-12, 13309;1
AN 232-13, 13318;1
AN 232-14, 13312;1
AN 232-15, 13313;1
AN 232-16, 13314;1
AN 232-17, 13311;1
AN 232-18, 13315;1
AN 232-19, 13329;1
AN 232-2, 13303;1
AN 232-21, 13319;1
AN 232-28, 13328;1
AN 232-3, 13304;1
AN 232-4, 13305;1
AN 232-5, 13302;1
AN 232-6, 13316;1
AN 232-7, 13306;1
AN 232-8, 13317;1
AN 232-9, 13307;1
AN 233-1, VE-966;1
AN 233-12, VE-967;1
AN 234-5, 9621;1
AN 245-10, VE-854;1
AN 245-15, VE-965;1
AN 245-21, VE-284;1
AN 245-3, VE-801;1
AN 245-44;1
AN 245-56, VE-771;1
AN 245-66, VE-693;1
AN 245-67, VE-692;1
AN 246-1;1
AN 246-10, 13165;1
AN 246-11, 13179;1
AN 246-12, 13174;1
AN 246-13, 13175;1
AN 246-14, 13176;1
AN 246-15, 13177;1
AN 246-16, 13178;1
AN 246-17, 13180;1
AN 246-18, 13164;1
AN 246-2, 13170;1
AN 246-3, 13168;1
AN 246-4, 13166;1
AN 246-5, 13172;1
AN 246-6, 13169;1
AN 246-7, 13167;1
AN 246-8, 13181;1
AN 246-9, 13173;1
AN245-22, VE-285;1
AN245-9, 12177;1
D00005;117
D00017;2
D00033;1
G-73;1
"Ja, zichtbaar wapenschild met ""DC""";1
N 199, M 199, 16600;1
N.1;2
N.2;1
N.3;2
N.4;1
N.5;2
RM-001;1
RM-002;1
RM-003;1
RM-004;1
RM-005;1
RM-006;1
RM-007;1
RM-008;1
RM-009;1
RM-010;1
RM-011;1
RM-012;1
RM-013;1
RM-014;1
RM-015;1
RM-016;1
RM-017;1
RM-018;1
RM-019;1
RM-020;1
RM-021;1
RM-022;1
RM-023;1
RM-024;1
RM-025;1
RM-026;1
RM-027;1
RM-028;1
VE-1331 Historisch afbeeldingsnummer POT;1
VE-1336 Historisch afbeeldingsnummer POT;1
VE-1340 Historisch afbeeldingsnummer POT;1
VE-1369;1
VE-1372;1
VE-1421;1
VE-1597;1
VE-192;1
VE-1951;1
VE-236;1
VE-237.a;1
VE-237.b;1
VE-238;1
VE-239;1
VE-240;1
VE-241;1
VE-242;1
VE-243.a;1
VE-243.b;1
VE-244.a;1
VE-244.b;1
VE-245.a;1
VE-245.b;1
VE-246.a;1
VE-246.b;1
VE-247.a;1
VE-247.b;1
VE-248;1
VE-2486a;1
VE-2486b;1
VE-262;63
VE-32;1
VE-337;1
VE-64;1
VE-653;1
VE-654;1
VE-655;1
VE-656;1
VE-657;1
VE-658;1
VE-659;1
VE-660;1
VE-661;1
VE-662;1
VE-664;1
VE-665;2
VE-666;1
VE-885;1
VE-886;1
VE-887;1
VE-888;1
VE-889;1
VE-890;1
VE-891;1
VE-892;1
VR-002;1
VR-007 Historisch afbeeldingsnummer POT;1
VR-009 Historisch afbeeldingsnummer POT;1
VR-010 Historisch afbeeldingsnummer POT;1
VR-011 Historisch afbeeldingsnummer POT;1
VR-013/VR-013a Historisch afbeeldingsnummer POT;1
VR-015 Historisch afbeeldingsnummer POT;1
VR-016 Historisch afbeeldingsnummer POT;1
VR-017 Historisch afbeeldingsnummer POT;1
VR-018 Historisch afbeeldingsnummer POT;1
VR-019 Historisch afbeeldingsnummer POT;1
VR-020 Historisch afbeeldingsnummer POT;1
VR-022 Historisch afbeeldingsnummer POT;1
VR-023 Historisch afbeeldingsnummer POT;1
VR-024 Historisch afbeeldingsnummer POT;1
VR-025 Historisch afbeeldingsnummer POT;1
VR-026 Historisch afbeeldingsnummer POT;1
VR-029/VR-029a Historisch afbeeldingsnummer POT;1
VR-031 Historisch afbeeldingsnummer POT;1
VR-032 Historisch afbeeldingsnummer POT;1
VR-034 Historisch afbeeldingsnummer POT;1
VR-035 Historisch afbeeldingsnummer POT;1
VR-036 Historisch afbeeldingsnummer POT;1
VR-037/ VR-037a Historisch afbeeldingsnummer POT;1
VR-038 Historisch afbeeldingsnummer POT;1
VR-039 Historisch afbeeldingsnummer POT;1
VR-040 Historisch afbeeldingsnummer POT;1
VR-041 Historisch afbeeldingsnummer POT;1
VR-043 Historisch afbeeldingsnummer POT;1
VR-046 Historisch afbeeldingsnummer POT;1
VR-047 Historisch afbeeldingsnummer POT;1
VR-048 Historisch afbeeldingsnummer POT;1
VR-049 Historisch afbeeldingsnummer POT;1
VR-050 Historisch afbeeldingsnummer POT;1
VR-051 Historisch afbeeldingsnummer POT;1
VR-052 Historisch afbeeldingsnummer POT;1
VR-053 Historisch afbeeldingsnummer POT;1
VR-054 Historisch afbeeldingsnummer POT;1
VR-055 Historisch afbeeldingsnummer POT;1
VR-056 Historisch afbeeldingsnummer POT;1
VR-057 Historisch afbeeldingsnummer POT;1
VR-058 Historisch afbeeldingsnummer POT;1
VR-059 Historisch afbeeldingsnummer POT;1
VR-065 Historisch afbeeldingsnummer POT;1
VR-066 Historisch afbeeldingsnummer POT;1
VR-067 Historisch afbeeldingsnummer POT;1
VR-068 Historisch afbeeldingsnummer POT;1
VR-069 Historisch afbeeldingsnummer POT;1
VR-070 Historisch afbeeldingsnummer POT;1
VR-071 Historisch afbeeldingsnummer POT;1
VR-072 Historisch afbeeldingsnummer POT;1
VR-073 Historisch afbeeldingsnummer POT;1
VR-078 Historisch afbeeldingsnummer POT;1
VR-079 Historisch afbeeldingsnummer POT;1
VR-081 Historisch afbeeldingsnummer POT;1
VR-082 Historisch afbeeldingsnummer POT;1
VR-088 Historisch afbeeldingsnummer POT;1
VR-089 Historisch afbeeldingsnummer POT;1
VR-092? Historisch afbeeldingsnummer POT;1
VR-093 Historisch afbeeldingsnummer POT;1
VR-094 Historisch afbeeldingsnummer POT;1
VR-098 Historisch afbeeldingsnummer POT;1
VR-099 Historisch afbeeldingsnummer POT;1
VR-100 Historisch afbeeldingsnummer POT;1
VR-103 Historisch afbeeldingsnummer POT;1
VR-104 Historisch afbeeldingsnummer POT;1
VR-106 Historisch afbeeldingsnummer POT;1
VR-108 Historisch afbeeldingsnummer POT;1
VR-113 Historisch afbeeldingsnummer POT;1
VR-114/VR-114a Historisch afbeeldingsnummer POT;1
VR-115 Historisch afbeeldingsnummer POT;1
VR-117 Historisch afbeeldingsnummer POT;1
VR-119 Historisch afbeeldingsnummer POT;1
VR-120 Historisch afbeeldingsnummer POT;1
VR-121 Historisch afbeeldingsnummer POT;1
VR-122 Historisch afbeeldingsnummer POT;1
VR-125 Historisch afbeeldingsnummer POT;1
VR-126 Historisch afbeeldingsnummer POT;1
VR-132 Historisch afbeeldingsnummer POT;1
VR-133 Historisch afbeeldingsnummer POT;1
VR-134 Historisch afbeeldingsnummer POT;1
VR-135 Historisch afbeeldingsnummer POT;1
VR-136/VR-136a Historisch afbeeldingsnummer POT;1
VR-137 Historisch afbeeldingsnummer POT;1
VR-139 Historisch afbeeldingsnummer POT;1
VR-143 Historisch afbeeldingsnummer POT;1
W 5;1
W/N 2;1
W/N.1;2
W6;1
Z 49a (?);1
t1234;1
