A, van der;9
ADC ArcheoProjecten;347
ADDINK SAMPLONIUS;9
AKKERMAN;1
ANDREA;2
ANTONIDES;1
APPELS;26
AREND VAN DEN;1
ASSINK;2
AWN Afd. 11 Lek en Merwestreek;71
AWN Afd. 12 Houten;60
AWN Afd. 13 Naerdincklant (Hilversum e.o);1
AWN Afd. 14 Vallei en Eemland (Amersfoort e.o.);31
AWN Afd. 15 Betuwe en Bommelerwaard;8
AWN Afd. 16 Nijmegen e.o.;7
AWN Afd. 17 Zuid-Veluwe en Oost-Gelderland;1
AWN Afd. 2 Noord-Holland Noord;11
AWN Afd. 21 Flevoland;1
AWN Afd. 23 Kempen en Peelland;4
AWN Afd. 24 Midden-Brabant;1
AWN Afd. 3 Zaanstreek Waterland;6
AWN Afd. 4 Kennemerland;248
AWN Afd. 5 Amsterdam e.o.;1
AWN Afd. 6 Rijnstreek;2
AWN Afd. 7 Den Haag e.o.;2
AWN Afd. 8 Helinium (Waterweg Noord);8
AWN Afd. 9 De Nieuwe Maas (Rotterdam e.o.);1
Aarts;1
Abbink;8
Achterop;23
Afd. Archeologie en Monumenten Gemeente Maastricht;1
Afdeling Archeologie, Dienst Stadsbeheer, Gemeente Den Haag;6
Akkerman;13
Alders;215
Alink;4
Allingham;2
Alphen, G.H.J. van;37
Amerongen, van;79
Amsterdams Archeologisch Centrum (UvA);1
Anderson;5
Archaeological Research en Consultancy;70
Archeologisch Instituut VU;4
Archeologisch Onderzoek Leiden BV;14
Archeologische Dienst Gemeente Hoorn;2
Archeologische Vereniging Land van Heusden en Altena;19
Archeologische Werkgemeenschap voor Nederland;317
Archeologische Werkgroep;104
Archeomedia / Arnicon;17
Archis;27
Arkema;23
Arnoldussen;7
Arts;400
As, van;1
BAAC BV;15
BAKHUIZEN;1
BAKKER;77
BALSTER;6
BARWASSER;1
BEDIJN;1
BEEKMAN;2
BELLEN;8
BEUKER;113
BEZAAN;1
BIEMANS;9
BLOEMEN;15
BLOMMESTEIJN;1
BOELENS;2
BOER DE;1
BOERSMA;1
BOETZKES;3
BOKMA;2
BOLT;5
BONHOF;16
BOONE DE;3
BORST-PAUWELS;11
BRAAT;23
BRESSER;11
BROERTJES;3
BRUNSTING;16
BURSCH;65
BUTTER;15
Baak;42
Baardewijk, van;17
Baarle, van;24
Baars;3
Baart;19
Bakels;9
Bartels;17
Bats;1
Beckers;15
Bedeaux;4
Beek, van;138
Beemt, van den;92
Beeren;20
Beest, van;900
Beestman;1
Beex;886
Bekkers;6
Benerink;137
Benjamins;1
Benthem, van;84
Berg, van den;370
Berg-Meelis, van den;3
Berghe, van den;8
Bergman;65
Bergmans;56
Bergsma;1
Berkel, van;1
Berkhout;17
Berkmortel, van den;44
Berkvens;1
Bes;1
Besselsen;1
Besuijen;21
Beukhof;60
Beumer;5
Beunder;14
Beverdam;67
Bijl;1
Bijlsma;4
Bink;11
Biologisch Archeologisch Instituut;276
Bitter;15
Blauw;1
Bloemen;108
Bloemers;75
Blokzijl;1
Blom;308
Blonk;52
Bloo;3
Boekema;24
Boemaars;83
Boer, de;147
Boer, den;23
Boersma;2
Bogaers;13
Bohmers;6
Bolhuis;1
Bongers;97
Boon;28
Boots;20
Borman;92
Borre, van den;4
Bos;5
Bos, van den;60
Bosch, ten;2
Boschloo;12
Boshoven;94
Bosman;35
Bostelen, van;1
Bot;1
Boulonois;193
Bouma;18
Brandenburgh;15
Brandt, van de;22
Braven, den;3
Bredie;18
Brenk, van den;3
Briels;172
Brienen;7
Brienen-Molenaar;5
Briggen;1
Brinkhuizen;2
Broeke, ten;77
Broeke, van den;70
Brokke;25
Brongers;81
Brounen;607
Brouwer;125
Bruekers;1
Bruel, van den;12
Brugge, ten;5
Brugge, ter;3
Bruijn;99
Bruijn, de;2
Buesink;65
Buisman;100
Buitenhuis;41
Bult;117
Bulten;2
Bunt;90
Bureau Archeologie Gemeente Haarlem;102
Bureau Monumenten & Archeologie Amsterdam;5
Bureau Monumenten en Archeologie Gemeente Leiden;5
Bureau Oudheidkundig Onderzoek Gemeentewerken Rotterdam;642
Burnier;8
Butler;3
CLEIJ;5
CLEVIS;10
COENRAADTS;26
COMIS;2
CORDFUNKE;83
Campenhout, van;10
Carmiggelt;1
Claeys;1
Conradi;40
Coolen;228
Coppens;37
Corver;50
Coumans;1
Craane;25
D'hondt;29
DAEMEN;1
DEKKER;3
DIJK;2
DIJK, VAN;12
DILZ;1
DINTEREN, VAN;35
DOCTER;4
DOODEHEEFVER;6
DRIEL, VAN;2
DUIVEN;5
Dahhan;315
Daleman;15
Dalen, van;1
Dalfsen, van;3
Daniel;2
Dasselaar, van;43
Datema;36
Dautzenberg;44
De Ridder;2
Deeben;11
Deitch - van der Meulen;1
Delfin - Van Mourik Broekman;373
Delporte;30
Depuydt;20
Deville;26
Diederik;107
Dielemans;2
Diepen, van;3
Diependaal;21
Diependaele;10
Diepeveen;2
Diepeveen-Jansen;4
Dierendonck, van;29
Dijk;7
Dijk, van;48
Dijkman;5
Dijkstra;82
Dijkstra-van Gelder;8
Dockum, van;1
Doef, van der;11
Doesburg, van;5
Domburg, van;3
Dorenbos;4
Dorst;63
Drenth;25
Driedijk;321
Driessens;285
Duinen, van;1
Dyselinck;1
Eck, van;10
Eeltink;1
Eerden, van;5
Eggermont;11
Eijk, van;84
Eimermann;12
Ellenkamp;84
Elzinga;317
Ende, van den;5
Engelse;8
Es, van;4
Esch, van der;45
Exaltus;7
FEENSTRA;22
FOHR;1
FOLKLORISTISCH MUSEUM;1
FRANZEN;89
Feest, van der;37
Feijst, van der;44
Feiken;7
Fijma;5
Fischer;2
Flokstra;172
Fokkens;12
Fonteyn;25
Franzen;14
Freericks;1
GEMEENTEMUSEUM ARNHEM;55
GEORGIUS;1
GLASER;1
GOLTZIUSMUSEUM;3
GOOL, VAN;1
GOORHUIS;20
GROOD DE;5
GUSSENHOVEN;1
Gazenbeek;1
Geer, van de;3
Geerts;7
Geffen, van;1
Gelderse Archeologische Stichting;103
Gemeente Arnhem;1
Gemeente Den Haag;1
Gemeente Geldermalsen;1
Gemeente Gouda;1
Geraeds;26
Gerrits;4
Gerritsen;9
Geuverink;2
Gheysen;4
Giffen, van;74
Gijn, van;1
Gilissen;300
Glasbergen;21
Glazema;10
Glind, van de;8
Goedkoop;9
Goossens;125
Graaf, de;29
Graaf, van der;3
Graaf,van de;4
Graaff, de;74
Graafstal;15
Griffioen;3
Groen;3
Groenendijk;51
Groenewoudt;131
Groenman-Van Waateringe;4
Grontmij;1
Groot, de;725
Groothedde;43
Gruben;67
Guiran;12
HAALEBOS;30
HAAN DE;1
HABETS;44
HARTEN;7
HASSELT;23
HAVELAAR;3
HEEMKUNDIGE KRING KESTEREN E.O;5
HEEMKUNDIGE KRING VEGHEL;1
HEER DE;5
HEESTERS;15
HEIDINGA;1
HEIJENGA-KLOMP;9
HEIJMANS;48
HELDERMAN;21
HENDRIKX;73
HENDRIX;13
HET VEENKOLONIAAL MUSEUM;11
HIJSZELER;89
HISTORISCH MUSEUM MARIALUST;1
HOEF VAN;52
HOEK;76
HOEKSTRA;2
HOFS;9
HOMMES;9
HONTEM, VAN;22
HOUBEN;1
HUBREGTSE;3
HUPPERETZ;5
HURK, VAN DEN;2
Haaff, van;568
Haakmeester;2
Haan;2
Haan, de;291
Haar, van der;24
Haarhuis;1
Haaring;3
Habermehl;13
Hagen, van;199
Hagers;36
Halbertsma;31
Halici;1
Hallewas;11
Halverstad;12
Ham, van der;55
Hanemaaijer;17
Hansen;1
Hanssen;308
Hardenberg;1
Harenberg;1
Harmsen;19
Harsema;76
Hart, 't;19
Hazelhoff;2
Hazenberg;17
Hebing;252
Heemkundige Vereniging Maas- en Swalmdal;9
Heemkundige Vereniging Roerstreek;2
Heemkundige Vereniging/Heemkundige Kring;6
Heeringen, van;18
Heide, van der;723
Heiden, van der;11
Heijden, van der;197
Heijenga;3
Hekman;1
Helmich;3
Hemert, van;21
Hendriks;4
Hendrikse;5
Hendrikx;13
Henk;36
Hensen;69
Henzen;7
Hesseling;3
Hessing;10
Heunks;12
Heutink;18
Hiddink;2
Hielkema;65
Historisch Centrum Wassenaar;1
Historische Kring Oosterhout;1
Hoegen;2
Hoeven, van der;123
Hogestijn;24
Holl;41
Holwerda;63
Hoof, van;131
Hoogers;5
Hoogzaad;85
Horbach;534
Horn;29
Horssen, van;4
Horst, van der;1
Horst, van der Horst;1
Hos;8
Houben;22
Houbrechts;4
Houkes;42
Hout, van;59
Houtsma;3
Houttuin;52
Hubrecht;2
Huis in 't Veld;38
Huiskes;51
Huisman;72
Huizer;13
Hulst;217
Husken;359
Huybers;8
INSTITUUT VOOR OUDE GESCHIEDENIS EN ARCHEOLOGIE;1
INSTITUUT VOOR TOEGEPAST HISTORISCH ONDERZOEK;3
ISINGS;16
ITERSON SCHOLTEN, VAN;3
ITTERSUM, VAN;2
Ilson;2
Immerzeel;15
Inst. voor Bouwhistorische Inventarisatie en Documenten;3
Instituut voor Pre- en Protohistorie A.E. van Giffen;304
Instituut voor Prehistorie RUL;15
JACOBI;1
JAGER;15
Jacobs;6
Jacobs & Burnier;3
Jagt, van der;1
Jans;16
Jansen;103
Jansen of Lorkeers;23
Janssen;54
Janssens;136
Jaring;4
Jelsma;2
Jole - de Visser, van;3
Jong - Lambregts;1
Jong, de;8
Jonge, de;57
Jongepier;357
Jongste;1
Jordanov;77
Jungen;1
Jungerius;1
KAAL;35
KAMPMAN;43
KLOK;36
KNIPPELS;1
KNIPPENBERG;11
KNOL;9
KOELING;6
KOK, DE;32
KOOI;3
KOSTER;18
KOTTMAN;1
KRAMER;1
KRAUWER;2
KUYPERS;3
Kalee;6
Kalisvaart;38
Kamermans;1
Kampen, van;15
Kappel, van;1
Kaptein;110
Kastelein;38
Keijers;172
Keijzer, de;7
Kemme;20
Kempen, van;16
Kerckhaert;26
Kerkhoven;1
Kessels;1
Keunen;106
Klaveren, van;1
Klei, van der;1
Kleij;17
Kleijne;3
Kleijne Mak;5
Kleinhuis;25
Klooster, van der;6
Kloosterman;1
Kluit;353
Klungel;7
Knoppers;9
Koekkelkoren;13
Koeman;74
Kolen;18
Koning, de;19
Kooi;39
Kooiman;6
Koopmanschap;31
Koorevaar;19
Koot;49
Kort, de;59
Kortekaas;1
Kossen;13
Koster;59
Kouwen, van;56
Kraaijeveld;118
Kraal;27
Kreek, de;9
Krekelbergh;53
Kremer;16
Krist;1
Kroes;1
Kruidhof;7
Kruif, de;19
Kruining, van;3
Kruysen;57
Kuijl, van der;30
Kuipers;93
Kusters;41
LAGERWERF;6
LEEMANS;8
LEENDERS;1
LEENHEER;6
LEHMANN;3
LOCKEFEER;3
LOON, VAN;3
LUBBERDING;20
LUBBERS;2
LUPAK;50
Laan, van der;90
Laat, de;1
Landzaat;3
Lange;5
Lanting;15
Lanzing;1
Lasance;2
Lascaris;6
Lee;157
Lee, van der;34
Leeflang;151
Leeuw, de;52
Lempke;2
Lengkeek;33
Lenting;23
Leuvering;15
Liefferinge;1
Lil, van;1
Linde, van der;3
Lohof;1
Londen, van;1
Loonen;120
Lorijn, de;5
Louvenberg;26
Louwe;26
Louwe Kooijmans;71
Luijtelaar;89
Luksen-IJtsma;1
Luys;114
Lyklema;16
MACHIELS;6
MEIJERS;2
MENSCH, VAN;1
MEZGER;37
MILLIKOWSKI;2
MOST VAN DER;8
MUSCH;6
MUSEUM FRERIKS;1
MUSEUM SCHOKLAND;5
MUSEUM VOOR HEEMKUNDE;1
MUSEUM/OUDHEIDKAMER;15
Magnee;21
Marsen-Glas;197
Mauro;3
Meens;17
Meer, van de;11
Meij;9
Meij, van der;6
Meijer;10
Meijlink;1
Merlidis;4
Mertens;7
Meurs, van;186
Miedema;372
Mientjes;28
Mijle Meijer, van der;177
Mittendorff;24
Modderman;342
Moerman;290
Moesker;2
Mol;4
Molema;13
Molenaar;16
Molthof;6
Moonen;93
Mooren;51
Moree;2
Mostert;29
Mousch, van;1
Muis;3
Mulder;4
Muller;36
Munsters M.S.C.;9
NATUUR- EN DIERENPANORAMA DROUWENERZAND;1
NATUURMUSEUM ENSCHEDE;1
NEIJENHUIS;3
NEWELL;1
Nales;18
Nederlands Instituut voor scheeps- /onderwaterarcheologie;10
Nederpelt;1
Neef, de;37
Nes, de;40
Niekus;3
Niet van toepassing;9
Nieuwenhuijsen;262
Nieuwhof;2
Nijdam;71
Nijenhuis;167
Noens;1
Nokkert;5
Nollen;21
Noordam;1112
Norde;15
Nuenen, van;2
Numan;7
Nutte, de;16
ODE;16
OELE;4
OMMEREN, VAN;2
OUDHEIDKAMER AALTEN/FRERIKSHUIS;1
OUDHEIDKAMER DE HONDSRUG;13
OUDHEIDKAMER OMMEN;4
OUDHEIDKAMER TWENTE;1
Oerlemans;5
Onbekend;1363
Ooijevaar;6
Oorsouw, van;1
Oort, van;4
Oosterbaan;2
Oosterhout, van;44
Oosting;2
Opdebeeck;85
Osinga;1
Oude Rengerink;2
Oudhuis;4
Overmeer;1
Oxe;1
POPPING;5
PROVINCIAAL MUSEUM DRENTHE/DRENTS MUSEUM;259
PROVINCIAAL MUSEUM FRIESLAND/FRIES MUSEUM;7
PROVINCIAAL MUSEUM GRONINGEN/MUSEUM VOOR STAD EN LANDE;61
PROVINCIAAL MUSEUM KAM;24
PROVINCIAAL UTRECHTS GENOOTSCHAP;4
Panhuysen;2
Parlevliet;2
Particulier;34323
Peddemors;13
Peen;1
Peeters;34
Pelzer;1
Penning;48
Peters;126
Philips;51
Pleyte;22
Ploegaert;6
Poldermans;26
Poot, de;1
Pos;2
Pouille;3
Poulus;3
Prangsma;32
Prins;265
Pronk;90
Provinciaal Depot voor Bodemvondsten Noord-Brabant;54
Provinciaal Depot voor Bodemvondsten Noord-Holland;1
Provinciaal Depot voor Bodemvondsten Utrecht;501
Provinciaal Depot voor Bodemvondsten Zeeland;10
Provinciaal Museum Noord-Brabant/Noord Brabants Museum;7
Provinciaal Museum Overijssel;1
Provinciaal museum Limburg/Bonnefantenmuseum;7
Provincie Flevoland;7
Provincie Noord-Holland;1
Pruim;65
Prummel;7
Puijenbroek, van;92
Putten, van;61
RAAIJ, VAN;4
RAAP Archeologisch Adviesbureau;4118
REGTEREN ALTENA, VAN;17
REGTOP;10
REUSELAARS;1
RIET VAN DE;1
RIJKEN;2
RIJKS GEOLOGISCHE DIENST;18
RIJKSDIENST VOOR DE MONUMENTENZORG;3
RIJKSMUSEUM HET KONINKLIJK PENNINGKABINET;37
RIJKSMUSEUM TWENTHE;2
RINGENALDUS;6
ROEVER DE;5
Raemaekers;9
Ras;6
Rebergen;1
Rem;1
Remouchamps;24
Renaud;27
Rensink;3
Reusink;55
Ridder;13
Rieffe;2
Riessen, van;1
Rijk, de;7
Rijksdienst voor Archeologie, Cultuurlandschap en Monumenten;28
Rijksdienst voor het Cultureel Erfgoed;41
Rijksdienst voor het Oudheidkundig Bodemonderzoek;2466
Rijksmuseum van Oudheden;113
Rijn, van;1
Rijs;12
Ringenier;9
Robberechts;7
Roebroeks;16
Roefstra;6
Roeloffs;11
Roemburg, van;4
Roessingh;4
Roest, van der;23
Rogers;1
Roller, de;96
Rondags;51
Roo, de;65
Roode, de;5
Rooij, de;1
Rooij, van;23
Rooijen, van;8
Rooke;3
Roorda;7
Rooy, de;9
Roymans;141
Ruijters;1092
Ruiter, de;6
SCHATORJE;71
SCHMITZ;10
SCHREURS;1
SIMONIS;7
SLOFSTRA;2
SMEETS;57
SMIT;29
SMORENBURG;1
SPREEN;1
SPREIJ;1
STAPERT;2
STEDELIJK MUSEUM VOOR ZUTPHEN EN DE GRAAFSCHAP;1
STOEL;2
STREEKMUSEUM OPSTERLAN;1
STREEKMUSEUM ROERSTREEK;154
STUART;1
STUURMAN;16
SUURMOND-VAN LEEUWEN;11
Saan;1
Sam;2
Sanden, van der;51
Sanders;1
Sarfatij;28
Satijn;87
Schabbink;6
Schamp;45
Scheele;148
Schegget, ter;25
Scheijvens;1204
Scheppers;145
Schiferli;9
Schiltmans;27
Schipper;109
Schippers;9
Scholte Lubberink;323
Schomaker;1
Schoneveld;2
Schoonhoven;116
Schorn;42
Schotten;4
Schouten;3
Schrickx;29
Schrijer;10
Schryvers;13
Schurmans;1
Schut;21
Schute;23
Schutte;22
Schuurman;66
Sectie Archeologie, Gemeente Amersfoort;17
Senica;4
Sepers;1
Siemes;87
Siemons;1
Sier;18
Silkens;28
Sloos;181
Slopsma;41
Sluis;6
Smal;4
Smeets;5
Smit;528
Smits;100
Smole;10
Snieder;1
Snoek;37
Soetens;30
Sombroek;1
Sommen, van der;232
Sonders;7
Soonius;4
Spanjaard;40
Speleers;2
Spitzers;6
Spoelstra;97
Sprang, van;113
Sprangers;21
Sprenger;6
Sprengers;99
Sprundel, van;3
Staak, van der;16
Staring Centrum;1
Steege, ter;1
Steenbeek;6
Stevens;48
Stichting Oudheidkundig Bodemonderzoek Hoeksche Waard;2
Stichting voor Bodemkartering;280
Stiekema;2
Stoepker;35
Stokkel;1
Stoop;508
Straten, van;66
Stronkhorst;3
Synthegra BV;5
TEXELS MUSEUM/OUDHEIDKAMER;1
THERKORN;1
THERMENMUSEUM;1
TILLEMA;3
TRIJSBURG;1
TRIMPE BURGER;48
TUIJN;93
Taconis;14
Taverne;49
Teekens;19
Teeuwisse;383
Tent, van;13
Terryn;1
Thanos;44
Theunissen;5
Thijssen;13
Tichelman;16
Timmerman;54
Timmermans;2
Timmers;7
Tolboom;123
Trierum, van;1
Tuijn, van der;234
Tuin;2
Tulp;68
Tump;198
Tuyn;62
Uleners;18
VALK VAN DER;15
VASBINDER;10
VELUWS MUSEUM NAIRAC;5
VENCKEN;2
VERMANING;123
VERSCHAREN;1
VERSLOOT;9
VIN VAN DER;1
VLIERMAN;11
VONS;5
VOS;4
VROON;193
Vanoverbeke;3
Vansweevelt;53
Vasbinder;3
Vautier;37
Veen;1
Veen, van;18
Veen, van der;11
Veenstra;36
Velde, van de;5
Veldman;13
Velthuis;6
Velthuizen;120
Venne, van de;14
Venrays Museum;1
Verbeek;6
Verduin;211
Verelst;8
Verhagen;19
Verhamme;1
Verhart;10
Verhelst;187
Verhoeckx;3
Verhoeven;14
Verlinde;201
Vermeer;20
Vermeulen;1
Vermeulen - Bekkering;232
Vermunt;19
Verniers;16
Verschoof;13
Verschoor;3
Versloot;7
Verwers;65
Vestigia BV;15
Vilsteren, van;8
Visscher;1
Visser;6
Vissinga;9
Vliet, van;4
Voeten;3
Vonk;3
Voors, van;56
Vos;231
Vos, de;18
Vosselman;34
Vossen;8
Vredenbregt;4
Vreenegoor;9
Vromen;8
Vroomans;8
WAALS VAN DER;23
WARTENA;5
WASSINK;2
WESTENDORP;1
WESTERINGH VAN DE;2
WESTFRIES MUSEUM;12
WIENTJES;3
WIJNGAARDEN, VAN;1
WIMMERS;2
WIND;26
WOONINGS;2
WYNIA;1
Waal, de;9
Waasdorp;2
Wagner;6
Wal, ter;35
Wal, van der;22
Waldus;2
Walle-Van der Woude, van de;67
Walstra;3
Wansleeben;2
Warning;116
Wassen;1
Waterbolk;6
Wattenberghe;21
Weenen, van;9
Weerd, de;9
Weerden, van der;4
Wemerman;7
Wentink;41
Weterings;1
Weterings - Korthorst;2
Wieringa;1
Wijdeven, van de;7
Wijk, van;113
Wijnans;4
Wijnen;1
Wijnen - Jackson;1
Wijsman;24
Wilbers;61
Wilde, de;72
Wildenberg;124
Wilgen, van;34
Willems;20
Willemse;83
Wink;11
Winter, de;52
Winterman;1
Wit, de;52
Witmond;17
Witte;3
Woltering;24
Woltinge;6
Wouters;31
Ypey;12
ZWAAN VAN DE;1
Zandboer;2
Zee;3
Zee, van der;1
Zessen, van;47
Zeven;1
Zielman;66
Zijl;10
Zijpp, van der;21
Zijverden, van;1
Zohlandt;13
Zuidhoff;3
Zuurdeeg;18
Zwarte, de;13
Zwet, van der;353
d'Hollosy;231
de Groot;6
de Man;2
la Feber;10
van der Wens-Poulich;578
