;61523
"
";1
 ;6
03 rechtsonder;1
1;1
1 schets;215
1 schets ;1
1 schets (groot formaat);1
1 schets + 2 kleine foto's;1
1 schets + 3 kantjes tekst;1
1 schets en brief(je) van Joseph TH. J. Cuypers aan V. de Stuers;1
1 schets groot formaat;2
1 schets op groot formaat;5
1 schets van orgel;1
1 schets, incl. nrs 113 en 115;1
1 tekening;1
1 tekening op groot formaat;1
10 schetsen;12
"10 schetsen
(nr.: 18= 5 schetsen waarvan één op grootformaat; nr.: 20= 5 schetsen) ";1
10 schetsen + 3x tekst;1
10 schetsen + 5 schetsen van van Straalen;1
10 schetsen en 3 bladzijden typoscript met reeksen maten;1
10 schetsen op groot formaat;1
10 schetsen waarvan 3 groot formaat;1
10 schetsen, waarvan 2 groot formaat;1
"10 schetsen; in hele slechte staat; 2 schetsen van de Toren";1
104 schetsen waarvan 3 groot formaat + 25x tekst;1
11 schetsen;18
11 schetsen + 4 foto-tjes;1
11 schetsen + 4x tekst;1
11 schetsen + foto's 2001/2002;1
11 schetsen en 15 kantjes tekst;1
11 schetsen en 2 groot formaat (onbekend);1
11 schetsen waarvan 1 groot formaat;1
11 schetsen waarvan 1 opgraving tekening;1
11 schetsen waarvan 2 groot formaat;2
11 schetsen waarvan 3 groot formaat + 5x tekst;1
11 schetsen waarvan 4 tekeningen op groot formaat;1
111 schetsen waarvan 11 tekeningen op groot formaat;1
117 schetsen;1
12 schetsen;10
12 schetsen + 1 kantje tekst;1
12 schetsen + 2 kantjes tekst;1
12 schetsen waaronder één van de tuin;1
12 schetsen waarvan 1 groot formaat;1
12 schetsen waarvan 3 groot formaat;1
"123 schetsen; diverse vervaardigingsdata";1
13 lichtdrukken;1
13 schetsen;19
13 schetsen + 1x tekst;1
13 schetsen + 3 kantjes tekst;1
13 schetsen waarvan 1 op groot formaat;1
13 schetsen waarvan 2 groot formaat;1
13 schetsen waarvan 4 groot formaat;1
13 schetsen waarvan één onbekende;1
14 schetsen;9
14 schetsen + 1 kantje tekst;1
"14 schetsen met veel scheuren in calques; 1 foto";1
14 schetsen waarvan 12 calques (A4);1
14 schetsen waarvan 4 groot formaat + 26 x tekst;1
14 schetsen waarvan 9 onbekend;1
14 schetsen, waaronder ook huisnummer 8, mon.nr.: 7977;1
15 schetsen;7
15 schetsen + 5 schetsen;1
15 schetsen waarvan 2 groot formaat;1
154schetsen;1
16 schetsen;3
16 schetsen + 2 tekst;1
16 schetsen van Architect Rapange;1
16 schetsen waarvan 1 tekening van de heer H.J. Tiemens, Jr.;1
16 schetsen waarvan 2 groot formaat;1
16 schetsen waarvan 3 groot formaat + 5 kantjes tekst;1
169 schetsen waarvan 2 op groot formaat + 5x tekst;1
17;1
17 schetsen;7
17 schetsen (veel tekst);1
17 schetsen + 5 kantjes tekst;1
17 schetsen + toevoeging van 2023-07-12, zie hierboven.;1
17 schetsen waarvan 5 groot formaat;1
18 schetsen;8
18 schetsen (kopieën van originele schetsen);1
18 schetsen + 2x tekst;1
18 schetsen + 4 foto's;1
18 schetsen en 1 calque (in slechte staat);1
18 schetsen waarvan 1 groot formaat;1
18 schetsen waarvan 4x groot formaat + 3x tekst;1
18 schetsen waarvan 6 onbekend;1
18 schetsen, waarvan 6 ongesigneerd;1
19 schetsen;5
19 schetsen en 11 kantjes tekst;1
19 schetsen waarvan 1 op groot formaat;1
19 schetsen waarvan 3 groot formaat;1
19 schetsen waarvan 4 groot formaat;1
2 Schetsen;1
2 Schetsen, waarvan 1 calque;1
2 aantekeningen;1
2 blaadjes met tekst;1
2 kantjes tekst;1
2 schetsen;140
2 schetsen (bouwkundige tekeningen);1
2 schetsen (groter dan A3 formaat);1
2 schetsen + 1 schets Vlamingstraat 113;1
2 schetsen + 1 tekst;1
2 schetsen + 2 kantjes tekst;1
2 schetsen + 4 kleuren kopieën;1
2 schetsen + beschrijving v.d. Kerk (op A4);1
2 schetsen ook van Herengracht 78 (Mon.nr.: 1724);1
2 schetsen tekst;1
2 schetsen van een Wapensteen van de Herv. Kerk;1
2 schetsen waaronder een klokkenstoel;1
2 schetsen waarvan 1 groot formaat;5
2 schetsen waarvan 1 op groot formaat;1
2 schetsen, waarvan 1 onbekend;1
2 scheuren linksonder, 646;1
"2 scheurtjes midden onder
Voor betere tekening: Zie rode A3 map OV 1 - Gemeente Blankenham";1
2 tekeningen + achterzijde tekst;1
20 schetsen;5
20 schetsen + 2x tekst;1
20 schetsen + 4 kantjes tekst;2
21 schetsen;4
21 schetsen + 6 kantjes tekst;1
21 schetsen waarvan 1x groot formaat + 1x tekst;1
21 schetsen waarvan 2 met tekst;1
21 schetsen waarvan 2 op groot formaat;1
21 schetsen waarvan 3 groot formaat;1
22 schetsen;4
22 schetsen + 10 kantjes tekst;1
22 schetsen waarvan 5 groot formaat + 2x tekst?;1
22 schetsen waarvan 6x groot formaat + 3x tekst;1
"22 schetsen; verschillende vervaardigers";1
22 tekeningen waarvan 4 op groot formaat;1
23 schetsen;4
23 schetsen waarvan 3 groot formaat;1
2310;1
2359;1
2367;1
24 schetsen;4
24 schetsen waarvan 3 groot formaat;1
25 schetsen;7
25 schetsen waarvan 9 groot formaat;1
2517;1
2529;1
2530;1
2573;1
2594;1
26 schetsen;1
"26 schetsen; met verschillende data's";1
2654;1
27 schetsen;1
27 schetsen + 5 kantjes tekst;1
27 schetsen waarvan 5 groot formaat + 2x tekst + 5x tekst (H Janse);1
28 schetsen;5
28 schetsen waarvan 2 groot formaat;1
28 schetsen waarvan 3 schetsen groot formaat;1
28 schetsen waarvan 5 schetsen onbekend, een aantal op groot formaat;1
2803;1
29 schetsen;4
29 schetsen waarvan één op groot formaat;1
3  schetsen;1
3 schetsen;102
3 schetsen ;1
3 schetsen  en rapport;1
3 schetsen (op karton);1
3 schetsen (schouw) op rood ruitjes papier/ 2 calques op A4;1
3 schetsen + 1 tekst;2
3 schetsen + 2 kantjes tekst;2
3 schetsen + 5 kantjes tekst;1
3 schetsen + rapport;1
"3 schetsen en 3 mapjes met losse notitieblaadjes; diverse data's";1
3 schetsen waarvan 1 groot formaat;3
3 schetsen waarvan 1 op groot formaat;2
3 schetsen waarvan 2 groot formaat;1
3 schetsen waarvan één groot formaat;1
30 schetsen;1
30 schetsen waarvan 3x groot format;1
30 schetsen waarvan 4 blz. tekst + 1 bouwkundige tekening, met notities van H.W. van der Voet, van Willem Gerretsen en Ir. C.S. Cramer Architecten te Arnhem.;1
30 schetsen waarvan 7 groot formaat + 2x tekst;1
31 schetsen;4
32 kantjes tekst;1
32 schetsen;1
33 schetsen;1
33 schetsen waarvan 10 groot formaat;1
35 schetsen waarvan 5 groot formaat;1
36 schetsen waarvan 11 onbekend;1
36 schetsen waarvan 6x groot formaat + 5x tekst;1
37 schetsen;2
38 schetsen;2
38 schetsen + 4x tekst;1
38 schetsen + 7x tekst;1
38 schetsen waarvan een aantal groot formaat + 10 bl. tekst;1
39 schetsen;1
4 schetsen;69
4 schetsen ;1
"4 schetsen 
(in slechte staat)
";1
4 schetsen + 2x tekst;1
4 schetsen + 3 kantjes tekst;1
4 schetsen en 1 calque;1
4 schetsen waarvan 1 groot formaat;4
4 schetsen waarvan 2 groot formaat;1
4 schetsen, waarvan 2 groot formaat;1
40 schetsen;3
40 schetsen + 3x tekst;1
41 schetsen;2
41 schetsen waarvan 4 onbekend;1
42;1
42 schetsen;3
43 schetsen;1
43 schetsen + 25 kantjes tekst (beschrijvingen van diverse kamers);1
43 schetsen waarvan 35 van 1941-1942;1
44 schetsen;1
4421 Legden-Asbeck;1
45 schetsen waarvan 6x groot formaat + 6x tekst;1
46 schetsen (o.a. 18  schetsen met portefeuillenummer 178) waarvan 8 groot formaat;1
47 schetsen 1893 waarvan 3 groot formaat (schetsen 1955);1
49 schetsen;1
49 schetsen waarvan 3? groot formaat + 8x tekst;1
5 schetsen;57
"5 schetsen + ""film""";1
5 schetsen + 1 kantje met tekst;1
5 schetsen + 1x tekst;1
5 schetsen + 2 kantjes tekst;1
5 schetsen + 2x tekst;1
5 schetsen + 3x tekst;1
5 schetsen met diverse data;1
5 schetsen waarvan 1 groot formaat;2
50 schetsen;1
51 en 52 zitten aan elkaar geplakt;1
51 schetsen;1
52 schetsen;1
56 schetsen;1
57 schetsen;1
6 schetsen;51
6 schetsen + 1 vel met tekst;1
6 schetsen + 1 x tekst;1
6 schetsen + 1x tekst;1
6 schetsen + rapportje;1
6 schetsen en 3 kantjes tekst;1
6 schetsen en 4 schetsen van nrs. 32-33;1
6 schetsen en 7 kantjes met o.a. berekeningen, aanschaf materiaal;1
6 schetsen op groot formaat;1
6 schetsen waarvan 1 groot formaat + 1 tekening i.b.v. Ir. J. Risseeuw te Oosterbeek.;1
6 schetsen waarvan 2 groot formaat;1
"6 schetsen; gemaakt op bouwk. tekeningen; meerdere data's";1
"6 schetsen; nog 'n ""losse"" datum 1975-09-10";1
60 schetsen;1
60 schetsen waarvan 3 tekeningen groot formaat;1
630;1
638;1
639;1
640;1
643;1
645;1
648;1
65;1
650;1
651;1
652;1
653;1
655;1
656;1
662;1
663;1
665;1
666;1
669;1
67 schetsen waarvan 9 groot formaat;1
69 schetsen;1
7  schetsen waarvan 3 groot formaat;1
7 kantjes trkst;1
7 schetsen;25
7 schetsen + 1x tekst;1
7 schetsen + 2 blz tekst;1
7 schetsen + 24x tekst (o.a. van de Torenspits);1
7 schetsen + 2x tekst;1
7 schetsen + 6 blaadjes tekst;1
7 schetsen + 8 kantjes tekst;1
7 schetsen + documentatie rapport;1
7 schetsen waarvan 1 (groot formaat) in 2 stukken is gescheurd;1
7 schetsen waarvan 1 groot formaat;1
7 schetsen waarvan 1 schets van het koor;1
"7 schetsen; 4 foto's van 1988";1
71 schetsen;2
72 schetsen + 1 bouwkundige tekening (kleur) i.b.v. Architectenbureau C.C. Basters te Dordrecht.;1
72 schetsen op groot formaat;1
73 schetsen;1
79 schetsen;1
8 schetsen;35
8 schetsen + 24 kleuren foto's van de restauratie van maart 1992 (nog te scannen);1
8 schetsen + 2x tekst (beschrijving opgraving);1
8 schetsen + 3 velletjes aantekeningen;1
8 schetsen + 8x tekst;1
8 schetsen waarvan 1 groot formaat;1
8 schetsen waarvan 2 groot formaat;1
8 schetsen, 4 foto's en rapport;1
"8 schetsen; 1 onbekend";1
9 Schetsen;1
9 schetsen;24
9 schetsen + 4 tekst;1
9 schetsen - inhoud: alleen kopieën van opm.schetsen;1
9 schetsen en 1 foto;1
9 schetsen waarvan 1 groot formaat + 5x tekst;1
9 schetsen waarvan 1 onbekend;1
9 schetsen waarvan 1x groot formaat;1
9 schetsen waarvan 2 groot formaat;1
9 schetsen waarvan 5 groot formaat;1
9 schetsen waarvan 8 onbekend;1
9 schetsen waarvan drie van de Lauriergracht 103;1
A 19;1
A. Oosterhuis, C V P Zwolle;1
A.D. Chinezenweg, Ebbinge Wubbenlaan - Blad 1;1
"Aanwezig in het NOM te Arnhem
Zeeland";2
Almelo, 10 - Zelfde tekening als SHBO-BT-1324;1
Almelo, 12 / 13, Blad 1;1
Almelo, 12 / 13, Blad 2;1
Almelo, 14;1
Almelo, 16;1
Almelo, 2;1
"Almelo, 3
Scan van matige kleine calque, calque niet bewaard!";1
Almelo, 5;1
Almelo, 6;1
Almelo, 7;1
Almelo, 8, Blad 1;1
Almelo, 8, Blad 2;1
B-1;1
Behoort bij groep van 6 Ten Zuiden Zandeweer;1
Behoort bij het bouwkundig onderzoek i.v.m. de behandeling van het beroepschrift tegen plaatsing op de monumentenlijst;1
Bestaande toestand;1
Blad 2;1
Blad 3;1
Boerderij Bijenstal in het Middendorp (zie DR75);1
Boerderij Booijman;1
Boerderij Goemanszorg 1725, Blad 2;1
Boerderij Goemanszorg 1725, Blad 3 (details v/d voordeur);1
Boerderij in het Oosteinde van Oving en Klaassen (DR78);1
Boerderij in het Oosteinde van Wilpshaar (zie DR79);1
Boerderij met drie woningen aan de voorbaan;1
Boerderij met schaapskooi;1
C-148;1
C.R. Arnhem Barneveld;1
C.T. Aalsmeer - Utrecht;1
C.T. Hoorn;2
CAT Goes;1
CAT Tiel;1
CAT Tilburg;1
COMPARE;1
Calque in slechte staat (scheuren links en rechts), K 27;1
Dalemstraat 66 lijkt mij een heel ander gebouw... vergelijk: 73.831 (foto);2
De Dril;1
"Detail op verzoek opnieuw gescand, vanaf de originele bouwkundige tekening in mei-juni 2022, op verzoek van Sieger Vreeling, t.b.v. een artikel in het KNOB bulletin (2022-02)  over het Eise Eisinga Planetarium. 
(Marco, 2022-07-24)";1
Details buitentimmerwerk;1
Deze veldwerktekening later gevonden, zelf gescand en ontsloten. Metadata niet te controleren voor wat betreft maker, datum ,etc.);1
Dit is geen bolletjeskaart want er staan geen bolletjes op. Het is een halfproduct.;1
Doodstil;1
Eigenaar de heer Aart Muylwijk, Giessendam;1
Eigenaar de heer J. Geschiere;1
Eigenaar de heer W. Dekker;1
Flinke scheur rechtsonder;1
GDno19;1
Geen adres gegevens bekend;21
Geen adres gegevens bekend, 2313;1
Geen adres gegevens bekend, 2553;1
Geen adres gegevens bekend, 2570;1
Geen adres gegevens bekend, K 01;1
Geen adres gegevens bekend, K 01A;1
Geen adres gegevens bekend, K 02;1
Geen adres gegevens bekend, K 02A;1
Geen adres gegevens bekend, K 02B;1
Geen adres gegevens bekend, K 03;1
Geen adres gegevens bekend, K 03A;1
Geen adres gegevens bekend, K 04;1
Geen adres gegevens bekend, K 04A;1
Geen adres gegevens bekend, K 04C;1
Geen adres gegevens bekend, K 05;1
Geen adres gegevens bekend, K 06;1
Geen adres gegevens bekend, K 122;1
Geen adres gegevens bekend, K 123;1
Geen adres gegevens bekend, K 124;1
Geen adres gegevens bekend, K 125;1
Geen adres gegevens bekend, K 126;1
Geen adres gegevens bekend, K 127;1
Geen adres gegevens bekend, K 128;1
Geen adres gegevens bekend, K 130;1
Geen adres gegevens bekend, K 131;1
Geen adres gegevens bekend, K 133;1
Geen adres gegevens bekend, K 134;1
Geen adres gegevens bekend, K 135;1
Geen adres gegevens bekend, K 142;1
Geen adres gegevens bekend, K 143;1
Geen adres gegevens bekend, K 143A;1
Geen adres gegevens bekend, K 145;2
Geen adres gegevens bekend, K 146;1
Geen adres gegevens bekend, K 147;1
Geen adres gegevens bekend, K 148;1
Geen adres gegevens bekend, K 149;1
Geen adres gegevens bekend, K 150;1
Geen adres gegevens bekend, K 151;1
Geen adres gegevens bekend, K 152;1
Geen adres gegevens bekend, K 153;1
Geen adres gegevens bekend, K 170;1
Geen adres gegevens bekend, K 171;1
Geen adres gegevens bekend, K 25;1
Geen adres gegevens bekend, K 28;2
Geen adres gegevens bekend, K 52;1
Geen adres gegevens bekend, K 54;1
Geen adres gegevens bekend, K 55;1
Geen adres gegevens bekend, K 56;1
Geen adres gegevens bekend, K 58;1
Geen adres gegevens bekend, K 59;1
Geen adres gegevens bekend, K 60;1
Geen adres gegevens bekend, K 61;1
Geen adres gegevens bekend, K 63;1
Geen adres gegevens bekend, K 64;1
Geen adres gegevens bekend, K 65;1
Geen adres gegevens bekend, K 68;1
Geen adres gegevens bekend, K 85;1
Geen adres gegevens bekend, K 86;1
Geen adres gegevens bekend, K 87;1
Geen adres gegevens bekend, K 88;1
Geen adres gegevens bekend, K147;1
Geen adres gegevens bekend, scheur linksonder, K 183;1
Geen adres gegevens bekend, scheur midden-onder, K 129;1
Geen adres gegevens bekend, zelfde tekening als SHBO-BT-0279;1
Geen adres gegevens bekend, zelfde tekening als SHBO-BT-0281;1
Gegevens gedeeltelijk overgenomen uit het kaartsysteem;1
Gekreukeld;1
Gelijke tekening als SHBO-BT-0343 en SHBO-BT-1306?;1
Gelijke tekening als SHBO-BT-0343 en SHBO-BT-1333?;1
Gelijke tekening als SHBO-BT-1306 en SHBO-BT-1333?;1
Gelijke tekening als SHBO-BT-1354, SHBO-BT-1355 en SHBO-BT-1356?;1
Gelijke tekening als SHBO-BT-1354, SHBO-BT-1355 en SHBO-BT-2123?;1
Gelijke tekening als SHBO-BT-1354, SHBO-BT-1356 en SHBO-BT-2123?;1
Gelijke tekening als SHBO-BT-1355, SHBO-BT-1356 en SHBO-BT-2123?;1
Gevelwanden aan de Heerengracht ;1
Gew. Tiel;1
Grote scheur linksonder;2
Grote scheur rechtsboven;1
Het Jagershuis       ;1
Het Jagershuis, Kap. Sectie B. No. 692      ;2
Het Jagershuis, details voordeurkozijn           ;1
Het handschrift op de tekening is van G. Berends (Dik);1
Hoeben;1
Hoort bij bestek Mill 91;1
In slechte staat, scheuren, K 168;1
"Interieur woonkeuken in de boerderij (zie DR 73)
Zie rode A3 map: Drenthe map 3, gemeente Schoonebeek";1
Interne opmerking(en) test;1
"Is dit dezelfde kerk als Vlaardingen, Hoogstraat 26, waarvan alleen de toren zou zijn overgebleven? 
Wel een ontwerp van Cuypers, maar lijkt toch ook niet op deze tekening ...";1
J.S.K. = J. Kolthof?;3
K 07;1
K 08;1
K 100;1
K 101;1
K 102;1
K 103;1
K 104;1
K 105;1
K 106;1
K 107;1
K 108;1
K 109;1
K 110;1
K 111;1
K 112;1
K 113;1
K 114;1
K 115;1
K 116;1
K 117;1
K 119;1
K 120;1
K 121;1
K 136;1
K 137;1
K 139;1
K 140;1
K 141;1
K 154;2
K 155;1
K 156;1
K 156 A;1
K 156 B;1
K 157;1
K 157 A;1
K 158;1
K 158 A;1
K 159;2
K 159 A;1
K 160;1
K 161;1
K 163;1
K 163 A;1
K 164;1
K 165;1
K 166;1
K 167;2
K 167 A;1
K 167 B;1
K 169;1
K 174;1
K 176;1
K 177;1
K 179;1
K 18;1
K 180;1
K 181;1
K 182;1
K 184;1
K 19;1
K 190;1
K 20;1
K 21;1
K 24;1
K 29;1
K 30;1
K 31;1
K 32;1
K 33;1
K 37;1
K 38;1
K 39;1
K 40;1
K 41;1
K 42;1
K 43;1
K 44;1
K 45;1
K 46;1
K 47;1
K 48;1
K 49;1
K 50;1
K 51;1
K 53;1
K 62;1
K 69;1
K 70;1
K 71;1
K 72;1
K 73;1
K 74;1
K 75;1
K 76;1
K 77;1
K 89;1
"K 92
Tekening is te vinden in rode map Ov. 2";1
K 96;2
Kaart met daken, stoepen en bestrating. Heeft een kopie;1
Kopie van RCE-647_Stapper15 ?;1
Kopie van de tekening: Zie rode A3 map - DR1, gemeente Dwingeloo;1
Kopie van tekening op film;2
Kwaliteit van de bebouwing. Heeft een kopie;1
LET OP!! Grote scheur!! Links in het midden. ;1
"LET OP:

Dit record is op alleen intern zichtbaar gezet omdat er geen afbeelding aan is gekoppeld en we eventuele vragen hierover van externen willen voorkomen. 
De reden kan zijn dat een afbeelding helemaal niet beschikbaar is, of bijvoorbeeld nog niet is gekoppeld. 
Bij koppeling aan een afbeelding dient het record weer op zichtbaar voor derden gezet te worden, tenzij hiervoor een andere reden bestaat (bijvoorbeeld de rechten). 

15 september 2023, Marco Mastenbroek
";337
Linkerbovenhoek afgescheurd;1
Marco, 2020-09-29: Tekening op zichtbaar gezet voor derden. Hier was een vraag over en ik zie eigenlijk geen reden waarom deze BT op onzichtbaar staat.;1
Met Peter. Diverse vervaardigings data's;1
Met medewerking van Albert opgelost (15 nov. 2024).;1
Midden onder een scheur;1
Middenboven een grote scheur;1
NOM-DR 116;1
NOM-DR 117;1
NOM-DR 120;1
"NOM-DR 122
Tekeningen zijn te vinden in de rode A3 mappen: map Dr 3";1
"NOM-DR 123
Tekeningen zijn te vinden in de rode A3 mappen: map Dr 3";1
"NOM-DR 124
Tekeningen zijn te vinden in de rode A3 mappen: map Dr 3";1
NOM-DR 125;1
NOM-DR 126;1
NOM-DR 127;1
NOM-DR 46;1
Nadere aanduiding van enkele onderdelen zijn toegevoegd in 1962;1
"Natascha Lensvelt schrijft op 28 mei 2020 het volgende:
Hoi collega,
Deze kaart kan worden verwijderd uit de collectie, dus zowel de scan,  als de originele calque, als dit record. Er staat namelijk geen bolletjeslijn op. Je kunt in de map Saxenburg van werkcollectie groen kijken of daar wel een kaart met bolletjeslijn in zit. Zo niet, dan is er gewoon geen kaart met omvang bescherming van saxenburg.";1
Nieboer C.R. Arnhem;1
Nuijten, J.M.M. weer op wit gezet: 2018-10-22;7
OPMERKING in de Beeldbank (2018-09-26): Deze deur is ondertussen weer teruggeplaatst in de St. Petruskerk in Sittard. Deze deur was in 1954 bij de bouw van een nieuwe sacristie weggegooid en door Prof. Tummers gevonden op de afvalhoop en aan het museum in Maastricht gegeven.;1
"Oorspronkelijk stond bij Opmerkingen: ""Een deel van de gegevens is overgenomen uit het fotoarchief en uit Wikipedia""";1
Opgeplakte papieren deeltekeningen;1
Oudste situatie ± 1860;1
Palingrokerij aan het Pellersplein. Tanerij;1
Rechtsonder gescheurd;1
Rechtsonder in potlood nr.1001;1
Rechtsonder in potlood nr.1025;1
Reconstructie;2
Resterende partij ingevoerd april 2009;234
"Resterende partij ingevoerd april 2009, Carolus van Doornen.
Waarschijnlijk is deze tekening gemaakt t.b.v. het Restauratievademecum. Maar wat de tekening precies moet voorstellen is niet helemaal duidelijk.";1
Resterende partij ingevoerd maart 2009;464
SHBO-BT-1309 en SHBO-BT-1310 zijn hetzelfde?;1
Scan gemaakt van kopie tekening op calque. Deze gekoppeld aan dit record d.d. 2018-10-26 (Marco);3
Scan van matige kleine calque, calque niet bewaard!;2
Scheepstimmerwerf Zwolsman;3
Scheur boven in 't midden;1
Scheur links onder;1
Scheur linksboven;1
Scheur linksboven en rechtsboven;1
Scheur linksonder in de hoek;1
Scheur linksonder, K 138;1
Scheur midden onder;1
Scheur midden onder, K 132;1
Scheur midden onder, K 172;1
Scheur middenboven;1
"Scheur middenboven
Voor betere tekening: Zie rode A3 map OV 1 - Gemeente Blankenham";1
Scheur rechts midden;1
Scheur rechtsonder;1
Scheur rechtsonder, 644;1
Scheur rechtsonder, 668;1
Scheur van boven naar beneden;1
Scheur van links naar rechts;1
Scheuren linker zijkant;1
Scheuren links midden en een dwars over het midden;1
Scheuren linksboven en rechtsonder;1
Scheuren linksboven, K 185;1
Scheuren midden en rechtsonder - geen adresgegevens bekend, K 66;1
Scheuren midden onder, K 67;1
Scheuren rechter zijkant;1
Scheuren rechts midden, links onder;1
Scheuren rechtsonder en in het midden, 659;1
Scheuren, K 186;1
Scheurtje rechtsboven;1
"Scheurtje rechtsboven
Voor betere tekening: Zie rode A3 map OV 1 - Gemeente Blankenham";1
Scheurtje rechtsonder;1
Scheurtjes linksonder en middenboven;1
"Scheurtjes rechtsonder
Voor betere tekening: Zie rode A3 map OV 1 - Gemeente Blankenham";1
Schouwsche stolp ;1
Schuur bij boerderij van de wed. Meijer-Hemmer;1
Slechte kopie niet in de rode A3 mappen te vinden! - Daarom: bij SHBO kartons laten zitten.;1
Slechte kopie van deze tekening: Zie rode A3 map: DR1, gemeente Dwingeloo;1
Stolp De Kevie;1
Stuk eraf linksonder;1
Tekening gelijk aan SHBO-BT-0244 en SHBO-BT-1323?;1
Tekening gelijk aan SHBO-BT-0244 en SHBO-BT-1331?;1
Tekening gelijk aan SHBO-BT-0355 en SHBO-BT-1326?;1
Tekening gelijk aan SHBO-BT-0355?;1
Tekening gelijk aan SHBO-BT-1323 en SHBO-BT-1331?;1
Tekening gemaakt voor het Kunstreisboek;1
Tekening is te vinden in de rode map OV. 2;1
Tekening is te vinden in de rode map Ov. 2;1
Tekening is te vinden in rode A3 map Dr.1 Gemeente Dwingeloo;2
Tekening is te vinden in rode A3 map GL.2 Gemeente Epe;1
Tekening is te vinden in rode A3 map Gl.1 Gemeente Barneveld;1
Tekening is te vinden in rode A3 map Gl.1 Gemeente Ermelo;1
Tekening is te vinden in rode A3 map Gl.1 Gemeente Harderwijk;1
Tekening is te vinden in rode A3 map Gl.1 Gemeente Rheden;4
Tekening is te vinden in rode A3 map Gl.1 Gemeente Scherpenzeel;1
Tekening is te vinden in rode A3 map Gl.2 Gemeente Apeldoorn;3
Tekening is te vinden in rode A3 map Gl.2 Gemeente Epe;3
Tekening is te vinden in rode A3 map Gld 1  Gemeente Harderwijk;4
Tekening is te vinden in rode A3 map Gld 1  Gemeente Rheden;3
Tekening is te vinden in rode A3 map Gld 3  Gemeente Voorst;5
Tekening is te vinden in rode A3 map Ov 2 Gemeente Ommen;1
Tekening is te vinden in rode A3 map Ov.1 Gemeente Dalfsen;1
Tekening is te vinden in rode A3 map Ov.1 Gemeente Staphorst;3
Tekening is te vinden in rode A3 map Ov.1, gemeente Dalfsen;1
Tekening is te vinden in rode map A3 Gl.1 Gemeente Barneveld;2
Tekening is te vinden in rode map Dr. 3 Gemeente Havelte;2
Tekening is te vinden in rode map Dr.1;2
Tekening is te vinden in rode map Gl.1 Gemeente Ermelo;4
Tekening is te vinden in rode map Gl.1 Gemeente Wageningen;4
Tekening is te vinden in rode map Gl.2 Gemeente Epe;4
Tekening is te vinden in rode map OV 1 Gemeente Oldemarkt;1
Tekening is te vinden in rode map Ov. 2;4
Tekening is te vinden in rode map Ov.1;9
Tekening is te vinden in rode map Ov.2;3
Tekening is te vinden in rode map Ov.2 Gemeente Staphorst;9
Tekening is te vinden in rode map Ov1;2
Tekening is te vinden in rode map Ov2;1
Tekening is terug te vinden in de rode A3 mappen: DR 3 (gemeente Ruinerwold);1
"Tekening naar restauratieatelier Helmond geweest (afgescheurde hoek) d.d. 22 nov. 2007; ontbreekt in X-3: terug in Schellingerhuis d.d. 2 april 2009: gaat mee naar M&R, Kampen";1
Tekening van Ingenieursbureau Oranjewoud B.V. - rechten?;1
Tekeningen zijn te vinden in de rode A-3 map, OV 1;7
Tekenopgave;1
Toegevoegd aan zoekplaatjes: 3 januari 2020 - naar aanleiding van een opmerking in de Beeldbank dat dit niet Hasselt zou zijn.;1
Veenhut bij perceel W-2-65;1
Vermelding van +G1432;1
Visrokerij nabij de Heerengracht;1
Voor betere tekening: Zie rode A3 map OV 1 - Gemeente Blankenham;104
Voor deze tekening: Zie rode A3 mappen - Ov. 1, gemeente Kuinre;1
Voor tekening: zie rode A3 map, FR1, gemeente Baarderadeel;4
Voor tekening: zie rode map Drenthe 3 gemeente Zuidwolde;2
Voor tekeningen: Zie rode A3 map - DR1, gemeente Dwingeloo;7
Voormalig bakhuis met oven bij boerderij van Hiddingh (zie DR88);1
Welwaterputten (zie DR85);1
Zelfde tekening als SHBO-BT-0271;1
Zelfde tekening als SHBO-BT-0346;1
Zelfde tekening als SHBO-BT-1308;1
Zelfde tekening als SHBO-BT-1315;1
Zelfde tekening als SHBO-BT-1316;1
Zie DR74;1
Zie DR76/DR77;2
Zie DR90;1
Zie DR91;2
Zie DR94;1
Zie achterzijde tekening;2
Zie ook OS-00115;1
Zie ook nrs.: OS-00115/OS-00116;1
Zie ook: BO-429;1
Zie ook: PMDR0075.001;1
Zie rol 19 van collectie lichtdruk tekeningen SHBO - vindplaats Klein Depot (lijst: Jelle vd Veer);3
alleen tekst (25x);1
http://data.cultureelerfgoed.nl/semnet/1130e375-3469-4e63-a8d4-5fcb339f7536;1
http://data.cultureelerfgoed.nl/semnet/a59e8ce3-df4c-4415-928a-18348dfcc7e5;1
kopie tekening op film;7
"moeilijk geval; samen met Peter";1
op intern gezet omdat het formulier niet gekoppeld is aan een afbeelding;259
scheur links in 't midden, 667;1
shbo-complex, 361;1
